ID,Language_ID,Primary_Text,Analyzed_Word,Gloss,Translated_Text,Meta_Language_ID,LGR_Conformance,Comment,Media_IDs,Position,Audio_Start,Audio_End,graid,add_orthography,Text_ID,isnref,refind,refindFK
all1_0001,mctulil,ngang o nga itəne Augustine Rickie.,#	ngang	o	nga	itən	=e	Augustine	Rickie,#	1SG	TOP	1SG.POSS	name	=SG.CL:FEM	Augustine	Rickie,My name is Augustine Rickie.,en,MORPHEME_ALIGNED,,all1_mp3 all1_wav all1_eaf all1_xml all1_tsv,,2170,5000,#nc	nc	nc	nc	nc	nc	nc	nc,,all1,∅	∅	∅	∅	∅	∅	∅	∅,∅	∅	∅	∅	∅	∅	∅	∅,∅	∅	∅	∅	∅	∅	∅	∅
all1_0002,mctulil,me do nganəngar be apir to ngəmat idə bətma nga iaia.,#	me	do	nga-nəngar	be	a-pir	to	ngə-mat	idə	bətm	=a	nga	iaia,#	and	here;now	1SG.NPST-say	at	ART-story	REL	1SG.PST-get	3N	with	=PAT	1SG.POSS	grandpa,Now I'm going to tell a story I got from my grandpa.,en,MORPHEME_ALIGNED,,all1_mp3 all1_wav all1_eaf all1_xml all1_tsv,,5000,12879,#nc	nc	nc	nc	nc	nc	nc	nc	nc	nc	nc	nc	nc,,all1,∅	∅	∅	∅	∅	∅	∅	∅	∅	∅	∅	∅	∅,∅	∅	∅	∅	∅	∅	∅	∅	∅	∅	∅	∅	∅,∅	∅	∅	∅	∅	∅	∅	∅	∅	∅	∅	∅	∅
all1_0003,mctulil,"nga iaia vəmume ngang ate, ar bəvon kup nəmə ba ibəne dova Butəm o tore bimətor-, bimətor kia me doto vəti təgəvon o vativon o vəpi təga gup to Kankan.",#	nga	iaia	və-m~ume	ngang	at-e	#	ar	bəvon	kup	nə-mə	ba	ibən	=e	dova	Butəm	o	tor	=e	b=	i-mətor	#	0	b=	i-mətor	kia	#	0	me	doto	vəti	təgə	=von	o	v=	ativon	o	və-ppi	tə=	ga	gup	to-Kankan,#	1SG.POSS	grandpa	3SG.M.PST-RED~tell	1SG	3SG.M-QUOT	#	still	before	far	LOC-DOWN	in	earth	=SG.CL:FEM	at_the_place_of	Butəm	TOP	wood	=SG.CL:FEM	ASP=	3SG.F.PST-sit	#	0	ASP=	3SG.F.PST-sit	first	#	0	and	when;if	day	one	=SG.CL:DIM	TOP	3SG.M.POSS=	brother	TOP	3SG.M.PST-RED~walk;go	to=	across	hunt	ART.M-Kankan,"My grandpa told me, long time ago in the land named Butam there was a log already there, and when one day his brother, Kankan, went to hunt.",en,WORD_ALIGNED,,all1_mp3 all1_wav all1_eaf all1_xml all1_tsv,,12879,34216,#nc	nc	nc_np.h	nc	nc	nc	##	other	other	other	dem_other	adp	np:dt	=rn	adp	pn_np:dt	other	np:s	=rn	=other	v:pred	##	0.h:s	=other	v:pred	other	##	0.h:s	other	other	np:dt	rn	=rn	other	=ln_pro.h:poss	np:dt_s	other	v:pred	=adp	adp	np:obl	pn_np.h:dt,,all1,∅	∅	bridging	∅	∅	∅	∅	∅	∅	∅	∅	∅	new	∅	∅	∅	∅	new	∅	∅	∅	∅	new	∅	∅	∅	∅	∅	∅	∅	∅	∅	∅	∅	∅	bridging	∅	∅	∅	∅	new	∅,∅	∅	1004	∅	∅	∅	∅	∅	∅	∅	∅	∅	1001	∅	∅	1001	∅	1002	∅	∅	∅	∅	1002	∅	∅	∅	∅	1003	∅	∅	∅	∅	∅	∅	1004	1003	∅	∅	∅	∅	1005	1003,∅	∅	1004	∅	∅	∅	∅	∅	∅	∅	∅	∅	1001	∅	∅	1001	∅	1002	∅	∅	∅	∅	1002	∅	∅	∅	∅	1003	∅	∅	∅	∅	∅	∅	1004	1003	∅	∅	∅	∅	1005	1003
all1_0004,mctulil,vəpi təga gup io kəvənau laike itəra nəbo ba tipur io to vəteltel ana kəvop.,#	0	və-p~pi	tə=	ga	gup	#	io	kəvənau	laik	=e	i-tər	=a	nə-bo	ba	tipur	io	#	0	to	və-teltel	a-n	=a	kəvop,#	0	3SG.M.PST-RED~walk;go	to=	across	hunt	#	then	rain	big	=SG.CL:FEM	3SG.F.PST-meet	=3SG.M.PAT	LOC-UP	in	forest	then	#	0	SUB	3SG.M.PST-wander	3SG.M-with	=PAT	dog,"He went to hunt, then heavy rain came to him there in the bush, then he wandered around with dogs.",en,MORPHEME_ALIGNED,,all1_mp3 all1_wav all1_eaf all1_xml all1_tsv,,34216,45856,##	0.h:s	v:pred	=adp	adp	np:obl	##	other	np:a	rn	=rn	v:pred	=pro.h:p	dem_other	adp	np:l	other	#ac	0.h:s	other	v:pred	adp	=ln	np:obl,,all1,∅	∅	∅	∅	∅	∅	∅	∅	new	∅	∅	∅	∅	∅	∅	new	∅	∅	∅	∅	∅	∅	∅	new,∅	1003	∅	∅	∅	1005	∅	∅	1006	∅	∅	∅	1003	∅	∅	1007	∅	∅	1003	∅	∅	∅	∅	1008,∅	1003	∅	∅	∅	1005	∅	∅	1006	∅	∅	∅	1003	∅	∅	1007	∅	∅	1003	∅	∅	∅	∅	1008
all1_0005,mctulil,"io mata da bəvəliu o nəmumə da 'Voi bəli', ioi laikpoi to voi idə itəne 'Voi bəli' o vətəra ioivoi to bəiləma.",#	#	0	io	mata	da	bə=	və-liu	o	nə-mumə	da	Voi	bəli	ioi	laik	=poi	#	to	voi	idə	itən	=e	Voi	bəli	%	%	o	0	və-tər	=a	ioi	=voi	#	to	bə=	iləm	=a,#	#	0	then	until	PURP	ASP=	3SG.M.PST-return	TOP	LOC-DOWN.FAR	PURP	3SG.FLAT	pig	water	big	=SG.CL:FLAT	#	REL	SG.FLAT	3N	name	=SG.CL:FEM	Voi	pig	%	%	TOP	0	3SG.M.PST-meet	=PAT	water	=SG.CL:FLAT	#	REL	ASP=	flood	=SG.CL:MASC,"And when he came back, down at the 'pig river' - a big river called 'pig river', he arrived the river which was flooded.",en,MORPHEME_ALIGNED,,all1_mp3 all1_wav all1_eaf all1_xml all1_tsv,,45856,56228,##	#	0.h:s	other	other	other	=other	v:pred	other	dem_other	adp	pn_np:l	rn	np:appos	rn	=rn	#rc	other	ln_np:poss	ln_pro:poss	np:s	=rn	pn_np:pred	rn	%	%	other	0.h:a	v:pred	=ln	np:p	=rn	#rc	other	=other	np:pred	=rn,,all1,∅	∅	∅	∅	∅	∅	∅	∅	∅	∅	∅	new	∅	∅	∅	∅	∅	∅	∅	∅	bridging	∅	∅	∅	∅	∅	∅	∅	∅	∅	∅	∅	∅	∅	∅	∅	∅,∅	∅	1003	∅	∅	∅	∅	∅	∅	∅	∅	1009	∅	1009	∅	∅	∅	∅	∅	∅	1010	∅	∅	∅	∅	∅	∅	1003	∅	∅	1009	∅	∅	∅	∅	∅	∅,∅	∅	1003	∅	∅	∅	∅	∅	∅	∅	∅	1009	∅	1009	∅	∅	∅	∅	∅	∅	1010	∅	∅	∅	∅	∅	∅	1003	∅	∅	1009	∅	∅	∅	∅	∅	∅
all1_0006,mctulil,doto bəiləma da ioivoi o vəkəbənəta tarne da vəmatər ba abəbət idəkən mənbe vərete emu.,#	#	doto	bə=	iləm	=a	da	ioi	=voi	%	o	0	və-kəbənət	=a	tarn	=e	#	0	da	və-matər	ba	a-bəbət	idə=	kən	mən=	be	vəret	=e	e-mu,#	#	when;if	ASP=	flood	=SG.CL:MASC	PURP	water	=SG.CL:FLAT	%	TOP	0	3SG.M.PST-make	=PAT	umbrella	=SG.CL:FEM	#	0	PURP	3SG.M.PST-stand	in	ART-bank	3N.POSS=	neck	from=	at	side	=SG.CL:FEM	3SG.F-IN,When the river was already flooded he made an umbrella for him to stand on river bank on the other side.,en,MORPHEME_ALIGNED,,all1_mp3 all1_wav all1_eaf all1_xml all1_tsv,,56228,63735,##	#ac	other	=other	np:pred	=rn	adp	np:l	=rn	%	other	0.h:a	v:pred	=ln	np:p	=rn	#	0.h:s	other	v:pred	adp	ln_np:poss	ln_pro:poss	np:l	=adp	adp	np:appos	=rn	rn,,all1,∅	∅	∅	∅	∅	∅	∅	∅	∅	∅	∅	∅	∅	∅	new	∅	∅	∅	∅	∅	∅	∅	∅	bridging	∅	∅	bridging	∅	∅,∅	∅	∅	∅	∅	∅	∅	1009	∅	∅	∅	1003	∅	∅	1011	∅	∅	1003	∅	∅	∅	∅	1009	1012	∅	∅	1013	∅	∅,∅	∅	∅	∅	∅	∅	∅	1009	∅	∅	∅	1003	∅	∅	1011	∅	∅	1003	∅	∅	∅	∅	1009	1012	∅	∅	1013	∅	∅
all1_0007,mctulil,me voi o bəvoi idəre nangə.,#	me	voi	o	bə=	voi	idə-re	nangə,#	and	SG.FLAT	TOP	ASP=	SG.FLAT	3N.PST-carry	tree.PL,and the river was already carrying trees.,en,MORPHEME_ALIGNED,,all1_mp3 all1_wav all1_eaf all1_xml all1_tsv,,63735,69448,##	other	pro:dt_a	other	=other	pro:a	v:pred	np:p,,all1,∅	∅	∅	∅	∅	∅	∅	new,∅	∅	1009	∅	∅	1009	∅	1014,∅	∅	1009	∅	∅	1009	∅	1014
all1_0008,mctulil,"idəboka nangə-, voi idəpovər məna nangə io voi idəre idə nəmə ba ioivoi da nəmmə təbe viuve.",#	0	idə-bok	=a	nangə	#	voi	idə-povər	mən	=a	nangə	#	io	voi	idə-re	idə	nə-mə	ba	ioi	=voi	#	0	da	nə-m~mə	tə=	be	viuv	=e,#	0	3N.PST-break	=PAT	tree	#	SG.FLAT	3N.PST-dig	off	=PAT	tree	#	then	SG.FLAT	3N.PST-carry	3N	LOC-DOWN	in	water	=SG.CL:FLAT	#	0	PURP	LOC-RED~DOWN	to=	at	sea	=SG.CL:FEM,"The flood made the trees fall-, the river dug out trees then river carried them down to the sea.",en,MORPHEME_ALIGNED,,all1_mp3 all1_wav all1_eaf all1_xml all1_tsv,,69448,77405,##	0:a	v:pred	=ln	np:p	##	cl_pro:a	v:pred	rv	=ln	np:p	##	other	cl_pro:a	v:pred	pro:p	dem_other	adp	np:l	=rn	#	0:s	other	dem_other:pred_l	=other	adp	np:g	=rn,,all1,∅	bridging	∅	∅	∅	∅	∅	∅	∅	∅	∅	∅	∅	∅	∅	∅	∅	∅	∅	∅	∅	∅	∅	∅	∅	∅	new	∅,∅	1015	∅	∅	1014	∅	1009	∅	∅	∅	1014	∅	∅	1009	∅	1014	∅	∅	1009	∅	∅	1009	∅	∅	∅	∅	1016	∅,∅	1015	∅	∅	1014	∅	1009	∅	∅	∅	1014	∅	∅	1009	∅	1014	∅	∅	1009	∅	∅	1009	∅	∅	∅	∅	1016	∅
all1_0009,mctulil,doto voi idəre nangə navonbət io iap o vəmətomətor konəng me vətton be boi da məle bətəpma iləma io iap o atəvək təkənəmə ba məngəda.,#	#	doto	voi	idə-re	nangə	navonbət	%	io	iap	o	0	və-məto~mətor	konəng	#	0	me	və-t~ton	be	=boi	#	da	məle	bətəpm	=a	iləm	=a	#	0	io	iap	o	a-təvək	təkə=	nə-mə	ba	məngəd	=a,#	#	when;if	SG.FLAT	3N.PST-carry	tree	like.that	%	then	3SG.M	TOP	0	3SG.M.PST-RED~sit	only	#	0	and	3SG.M.PST-RED~look	at	=SG.FLAT	#	PURP	rest	all.over	=PAT	flood	=SG.CL:MASC	#	0	then	3SG.M	TOP	3SG.M.NPST-cross	to=	LOC-DOWN	in	home;village	=SG.CL:MASC,When the river carried trees like that he sat and he looked at river waiting for the flood so he can cross to get back home.,en,MORPHEME_ALIGNED,,all1_mp3 all1_wav all1_eaf all1_xml all1_tsv,,77405,88259,##	#ac	other	cl_pro:a	v:pred	np:p	other	%	other	pro.h:dt_s	other	0.h:s	v:pred	other	##	0.h:a	other	v:pred	rv	=pro:p	#	other	v:pred	rv	=ln	np:s_sv	=rn	##	0.h:s	other	pro.h:dt_s	other	v:pred	=other	dem_other	adp	np:g	=rn,,all1,∅	∅	∅	∅	∅	∅	∅	∅	∅	∅	∅	∅	∅	∅	∅	∅	∅	∅	∅	∅	∅	∅	∅	∅	∅	∅	∅	∅	∅	∅	∅	∅	∅	∅	∅	∅	bridging	∅,∅	∅	∅	1009	∅	1014	∅	∅	∅	1003	∅	1003	∅	∅	∅	1003	∅	∅	∅	1009	∅	∅	∅	∅	∅	1015	∅	∅	1003	∅	1003	∅	∅	∅	∅	∅	1017	∅,∅	∅	∅	1009	∅	1014	∅	∅	∅	1003	∅	1003	∅	∅	∅	1003	∅	∅	∅	1009	∅	∅	∅	∅	∅	1015	∅	∅	1003	∅	1003	∅	∅	∅	∅	∅	1017	∅
all1_0010,mctulil,doto vəmatər nanbət io vəton mata tor laike kabare mənəbo to ioivoi idərre.,#	#	0	doto	və-m~atər	nanbət	%	io	0	və-ton	mat	=a	tor	laik	=e	kabar	=e	mə=	nə-bo	#	to	ioi	=voi	idə-r~re	=e,#	#	0	when;if	3SG.M.PST-RED~stand	like.that	%	then	0	3SG.M.PST-look	get	=PAT	wood	big	=SG.CL:FEM	long	=SG.CL:FEM	from=	LOC-UP	#	SUB	water	=SG.FLAT	3N.PST-RED~carry	=3SG.F.PAT,"When he was standing there he saw a big, long log up there that the river was carrying",en,MORPHEME_ALIGNED,,all1_mp3 all1_wav all1_eaf all1_xml all1_tsv,,88259,99889,##	#ac	0.h:s	other	v:pred	other	%	other	0.h:a	v:pred	rv	=ln	np:p	rn	=rn	np:appos	=rn	=adp	dem_other:l	#	other	np:a	=rn	v:pred	=pro:p,,all1,∅	∅	∅	∅	∅	∅	∅	∅	∅	∅	∅	∅	new	∅	∅	∅	∅	∅	∅	∅	∅	∅	∅	∅	∅,∅	∅	1003	∅	∅	∅	∅	∅	1003	∅	∅	∅	1018	∅	∅	1018	∅	∅	∅	∅	∅	1009	∅	∅	1018,∅	∅	1003	∅	∅	∅	∅	∅	1003	∅	∅	∅	1018	∅	∅	1018	∅	∅	∅	∅	∅	1009	∅	∅	1018
all1_0011,mctulil,"tore ebət o kori go tore, tore ebət o vəvate, veitəne Levator.",#	0	tor	=e	e-bət	o	kori	go	tor	=e	#	0	tor	=e	e-bət	o	vəvat	=e	#	ve	itən	=e	Levator,#	0	wood	=SG.CL:FEM	3SG.F-PROX2	TOP	NEG	NSPEC	wood	=SG.CL:FEM	#	0	wood	=SG.CL:FEM	3SG.F-PROX2	TOP	monster	=SG.CL:FEM	#	3SG.F.POSS	name	=SG.CL:FEM	Levator,"The log there was not a log, but a dragon named Levator.",en,MORPHEME_ALIGNED,,all1_mp3 all1_wav all1_eaf all1_xml all1_tsv,,103648,114071,##neg	0:s	np:dt_s	=rn	rn	other	other	ln	np:pred	=rn	##	0:s	np:dt_s	=rn	rn	other	np:pred	=rn	##	ln_pro:poss	np:s	=rn	pn_np:pred,,all1,∅	∅	∅	∅	∅	∅	∅	∅	∅	∅	∅	∅	∅	∅	∅	∅	∅	∅	∅	∅	bridging	∅	∅,∅	1018	1018	∅	∅	∅	∅	∅	∅	∅	∅	1018	1018	∅	∅	∅	∅	∅	∅	1018	1019	∅	∅,∅	1018	1018	∅	∅	∅	∅	∅	∅	∅	∅	1018	1018	∅	∅	∅	∅	∅	∅	1018	1019	∅	∅
all1_0012,mctulil,doto voi idəre mənəbo io təkənəbət təga umi o itara inunga nəmə ga umi be abəbət me nəmu ba iləma.,#	#	doto	voi	idə-re	=e	mən=	nə-bo	%	io	təkə=	nə-bət	tə=	ga	u=	mi	o	0	i-tar	=a	i=	nung	=a	nə-mə	ga	u=	mi	be	abəbət	#	me	nə-mu	ba	iləm	=a,#	#	when;if	SG.FLAT	3N.PST-carry	=3SG.F.PAT	from=	LOC-UP	%	then	to=	LOC-PROX2	to=	across	3SG.M.POSS=	eye	TOP	0	3SG.F.PST-stick	=PAT	3SG.F.POSS.AL=	bottom	=SG.CL:MASC	LOC-DOWN	across	3SG.M.POSS=	eye	at	bank	#	and	LOC-IN	in	flood	=SG.CL:MASC,"When the river carried the log from up there to his front, the log pushed its back to his front to the river side in the flood.",en,MORPHEME_ALIGNED,,all1_mp3 all1_wav all1_eaf all1_xml all1_tsv,,114071,124608,##	#ac	other	pro:a	v:pred	=pro:p	=adp	dem_other:l	%	other	=adp	dem_other	=adp	adp	=ln_pro.h:poss	np:dt_g	other	0:a	v:pred	=ln	=ln_pro:poss	np:p	=rn	dem_other	adp	=ln_pro.h:poss	np:g	adp	np:appos	#nc	nc	nc	nc	nc	nc,,all1,∅	∅	∅	∅	∅	∅	∅	∅	∅	∅	∅	∅	∅	∅	∅	∅	∅	∅	∅	∅	∅	bridging	∅	∅	∅	∅	∅	∅	∅	∅	∅	∅	∅	∅	∅,∅	∅	∅	1009	∅	1018	∅	∅	∅	∅	∅	∅	∅	∅	1003	∅	∅	1018	∅	∅	1018	1020	∅	∅	∅	1003	∅	∅	1012	∅	∅	∅	∅	∅	∅,∅	∅	∅	1009	∅	1018	∅	∅	∅	∅	∅	∅	∅	∅	1003	∅	∅	1018	∅	∅	1018	1020	∅	∅	∅	1003	∅	∅	1012	∅	∅	∅	∅	∅	∅
all1_0013,mctulil,io mata ioivoi idərei na ilata nadi io vup nəmu be vərete emu terma ioivoi mənəmu.,#	io	mata	ioi	=voi	idə-rei	n	=a	i=	lat	=a	nandi	#	0	io	v-up	nə-mu	be	vəret	=e	e-mu	term	=a	ioi	=voi	mə=	nə-mu,#	then	until	water	=SG.CL:FLAT	3N.PST-move	APPL	=PAT	3SG.F.POSS=	head	=SG.CL:MASC	like.this	#	0	then	3SG.M.PST-hook	LOC-IN	at	side	=SG.CL:FEM	3SG.F-IN	beside	=PAT	water	=SG.CL:FLAT	from=	LOC-IN,and then the river turn the log's head then the head hooked at the other side of the river.,en,MORPHEME_ALIGNED,,all1_mp3 all1_wav all1_eaf all1_xml all1_tsv,,124608,131429,##	other	other	np:a	=rn	v:pred	rv	=ln	=ln_pro:poss	np:p	=rn	other	##	0:s	other	v:pred	dem_other	adp	np:l	=rn	rn	rn_adp	=rn	rn_np	=rn	=rn	rn_dem,,all1,∅	∅	∅	∅	∅	∅	∅	∅	∅	bridging	∅	∅	∅	∅	∅	∅	∅	∅	bridging	∅	∅	∅	∅	∅	∅	∅	∅,∅	∅	∅	1009	∅	∅	∅	∅	1018	1021	∅	∅	∅	1021	∅	∅	∅	∅	1022	∅	∅	∅	∅	1009	∅	∅	∅,∅	∅	∅	1009	∅	∅	∅	∅	1018	1021	∅	∅	∅	1021	∅	∅	∅	∅	1022	∅	∅	∅	∅	1009	∅	∅	∅
all1_0014,mctulil,doto bimup nəmu be vərete emu io to-Kankan vəlar beme to vəpətuk mənue ate ti doto iləma ava are nəmə təba ioivoi təpma.,#	#	0	doto	b=	i-mup	nə-mu	be	vəret	=e	e-mu	%	io	to-Kankan	0	və-lar	bem	=e	#	0	to	və-p~ətuk	mənu	=e	a-te	#	ti	doto	iləm	=a	ava	a-re	=e	nə-mə	tə=	ba	ioi	=voi	təpm	=a,#	#	0	when;if	ASP=	3SG.F.PST-hook	LOC-IN	at	side	=SG.CL:FEM	3SG.F-IN	%	then	ART.M-Kankan	0	3SG.M.PST-try	at	=3SG.F.PAT	#	0	SUB	3SG.M.PST-RED~step	back.of	=3SG.F.PAT	3SG.M-QUOT	#	lest	when;if	flood	=SG.CL:MASC	again	3SG.M.NPST-carry	=3SG.F	LOC-DOWN	to=	in	water	=SG.CL:FLAT	with.on	=3SG.M.PAT,"When the log was already hooked on the other side, Kankan tried to step on the log's back he thought the flood would carry the log with him on it.",en,MORPHEME_ALIGNED,,all1_mp3 all1_wav all1_eaf all1_xml all1_tsv,,131429,145738,##	#ac	0:s	other	=other	v:pred	dem_other	adp	np:l	=rn	rn	%	other	pn_np.h:a	0:s	v:pred	rv	=pro:p	#	0.h:a	other	v:pred	rv	=pro:p	other	#cc	other	other	np:a	=rn	other	v:pred	=pro:p	dem_other	=adp	adp	np:g	=rn	adp	=np:obl,,all1,∅	∅	∅	∅	∅	∅	∅	∅	∅	∅	∅	∅	∅	∅	∅	∅	∅	∅	∅	∅	∅	∅	∅	∅	∅	∅	∅	∅	∅	∅	∅	∅	∅	∅	∅	∅	∅	∅	∅	∅,∅	∅	1018	∅	∅	∅	∅	∅	1022	∅	∅	∅	∅	1003	∅	∅	∅	1018	∅	1003	∅	∅	∅	1018	∅	∅	∅	∅	1015	∅	∅	∅	1018	∅	∅	∅	1009	∅	∅	1003,∅	∅	1018	∅	∅	∅	∅	∅	1022	∅	∅	∅	∅	1003	∅	∅	∅	1018	∅	1003	∅	∅	∅	1018	∅	∅	∅	∅	1015	∅	∅	∅	1018	∅	∅	∅	1009	∅	∅	1003
all1_0015,mctulil,doto vətuk mənue me tiktik io bəvatang təmənue da bəvətəvəka iləma ana kəvop,#	#	0	doto	v-ətuk	mənu	=e	#	0	me	tiktik	%	io	bə=	0	v-atang	tə=	mənu	=e	#	0	da	bə=	və-təvək	=a	iləm	=a	a-n	=a	kəvop,#	#	0	when;if	3SG.M.PST-step	back.of	=3SG.F.PAT	#	0	and	thick	%	then	ASP=	0	3SG.M.PAT-jump	to=	back.of	=3SG.F.PAT	#	0	PURP	ASP=	3SG.M.PAT-cross	=PAT	flood	=SG.CL:MASC	3SG.M-with	=PAT	dog,"When he stepped its back, (he felt it was) strong, then he hopped on its back to cross the flood with the dogs.",en,MORPHEME_ALIGNED,,all1_mp3 all1_wav all1_eaf all1_xml all1_tsv,,145738,153600,##	#ac	0.h:a	other	v:pred	rv	=pro:p	#	0:s	other	other:pred	%	other	=other	0.h:s	v:pred	=adp	adp	=pro:l	#	0.h:a	other	=other	v:pred	=ln	np:p	=rn	adp	=ln	np:obl,,all1,∅	∅	∅	∅	∅	∅	∅	∅	∅	∅	∅	∅	∅	∅	∅	∅	∅	∅	∅	∅	∅	∅	∅	∅	∅	∅	∅	∅	∅	∅,∅	∅	1003	∅	∅	∅	1018	∅	1018	∅	∅	∅	∅	∅	1003	∅	∅	∅	1018	∅	1003	∅	∅	∅	∅	1015	∅	∅	∅	1008,∅	∅	1003	∅	∅	∅	1018	∅	1018	∅	∅	∅	∅	∅	1003	∅	∅	∅	1018	∅	1003	∅	∅	∅	∅	1015	∅	∅	∅	1008
all1_0016,mctulil,"doto vətəvək təbe vərete emu io doto bəbe vərete emu o ava vəbənakən tang da vəton təbətəpma tore evi io iləma ava vəkup mata tore io vəre ava nəmə ba ioivoi, io iap o bəvəppi təba məngəda.",#	#	0	doto	və-təvək	tə=	be	vəret	=e	e-mu	%	#	0	io	doto	bə=	be	vəret	=e	e-mu	%	o	ava	0	və-bənakən	tang	#	0	da	və-ton	tə=	bətəpm	=a	tor	=e	e-vi	#	io	iləm	=a	ava	və-kup	mat	=a	tor	=e	#	0	io	və-re	=e	ava	nə-mə	ba	ioi	=voi	#	0	io	iap	o	bə=	və-p~pi	tə=	ba	məngəd	=a,#	#	0	when;if	3SG.M.PST-cross	to=	at	side	=SG.CL:FEM	3SG.F-IN	%	#	0	then	when;if	ASP=	at	side	=SG.CL:FEM	3SG.F-IN	%	TOP	again	0	3SG.M.PST-turn	REFL	#	0	PURP	3SG.M.PST-look	to=	all.over	=PAT	wood	=SG.CL:FEM	3SG.F-PROX1	#	then	flood	=SG.CL:MASC	again	3SG.M.PST-pull.out	get	=PAT	wood	=SG.CL:FEM	#	0	then	3SG.M.PST-carry	=3SG.F.PAT	still	LOC-DOWN	in	water	=SG.CL:FLAT	#	0	then	3SG.M	TOP	ASP=	3SG.M.PST-RED~walk;go	to=	in	home;village	=SG.CL:MASC,He (already) crossed to the other side and when he was on the other side he turned down to see the log and the flood pulled the log out and carried it down the river and he went home.,en,MORPHEME_ALIGNED,,all1_mp3 all1_wav all1_eaf all1_xml all1_tsv,,153600,170953,##	#ac	0.h:s	other	v:pred	=adp	adp	np:l	=rn	rn	%	#ac	0.h:s	other	other	=other	adp	np:pred_l	=rn	rn	%	other	other	0.h:a	v:pred	refl:p	#	0.h:s	other	v:pred	=adp	adp	=ln	np:obl	=rn	rn	##	other	np:a	=rn	other	v:pred	rv	=ln	np:p	=rn	##	0.h:a	other	v:pred	=pro:p	other	dem_other	adp	np:l	=rn	##	0.h:s	other	pro.h:dt_s	other	=other	v:pred	=adp	adp	np:l	=rn,,all1,∅	∅	∅	∅	∅	∅	∅	∅	∅	∅	∅	∅	∅	∅	∅	∅	∅	∅	∅	∅	∅	∅	∅	∅	∅	∅	∅	∅	∅	∅	∅	∅	∅	∅	∅	∅	∅	∅	∅	∅	∅	∅	∅	∅	∅	∅	∅	∅	∅	∅	∅	∅	∅	∅	∅	∅	∅	∅	∅	∅	∅	∅	∅	∅	∅	∅	∅,∅	∅	1003	∅	∅	∅	∅	1033	∅	∅	∅	∅	1003	∅	∅	∅	∅	1033	∅	∅	∅	∅	∅	1003	∅	1018	∅	1003	∅	∅	∅	∅	∅	1018	∅	∅	∅	∅	1015	∅	∅	∅	∅	∅	1018	∅	∅	1015	∅	∅	1018	∅	∅	∅	1009	∅	∅	1003	∅	1003	∅	∅	∅	∅	∅	1017	∅,∅	∅	1003	∅	∅	∅	∅	1033	∅	∅	∅	∅	1003	∅	∅	∅	∅	1033	∅	∅	∅	∅	∅	1003	∅	1018	∅	1003	∅	∅	∅	∅	∅	1018	∅	∅	∅	∅	1015	∅	∅	∅	∅	∅	1018	∅	∅	1015	∅	∅	1018	∅	∅	∅	1009	∅	∅	1003	∅	1003	∅	∅	∅	∅	∅	1017	∅
all1_0017,mctulil,"doto lətna ba məngəda o vəmume ate,",#	#	doto	lət-n	=a	ba	məngəd	=a	%	o	0	və-m~ume	at-e,#	#	when;if	arrive-APPL	=3SG.M.PAT	in	home	=SG.CL:MASC	%	TOP	0	3SG.M.PST-RED~tell	3SG.M-QUOT,"When he arrived home he told,",en,MORPHEME_ALIGNED,,all1_mp3 all1_wav all1_eaf all1_xml all1_tsv,,170953,173980,##	#ac	other	v:pred	=pro.h:s_sv	adp	np:g	=rn	%	other	0.h:s	v:pred	other,,all1,∅	∅	∅	∅	∅	∅	∅	∅	∅	∅	∅	∅	∅,∅	∅	∅	∅	1003	∅	1017	∅	∅	∅	1003	∅	∅,∅	∅	∅	∅	1003	∅	1017	∅	∅	∅	1003	∅	∅
all1_0018,mctulil,'ngang o ngətəvək mənu tore me doto ngətəvək katum io iləma ava vəre tore nəmə ba ioivoi.',#	0	ngang	o	ngə-təvək	mənu	tor	=e	#	me	#	0	doto	ngə-təvək	katum	%	io	iləm	=a	ava	və-re	tor	=e	nə-mə	ba	ioi	=voi,#	0	1SG	TOP	1SG.PST-cross	back.of	wood	=SG.CL:FEM	#	and	#	0	when;if	1SG.PST-cross	all;finish	%	then	flood	=SG.CL:MASC	again;still	3SG.M.PST-carry	wood	=SG.CL:FEM	LOC-DOWN	in	water	=SG.CL:FLAT,"'I crossed log's back and when I finished crossing, the flood carried the log down the river.'",en,MORPHEME_ALIGNED,,all1_mp3 all1_wav all1_eaf all1_xml all1_tsv,,173980,182050,##ds	0.1:s	pro.1:dt_s	other	v:pred	adp	np:obl	=rn	##	other	#ac	0.1:s	other	v:pred	rv	%	other	np:a	=rn	other	v:pred	np:p	=rn	dem_other	adp	np:l	=rn,,all1,∅	∅	∅	∅	∅	∅	∅	∅	∅	∅	∅	∅	∅	∅	∅	∅	∅	∅	∅	∅	∅	∅	∅	∅	∅	∅	∅,∅	1003	1003	∅	∅	∅	1018	∅	∅	∅	∅	1003	∅	∅	∅	∅	∅	1015	∅	∅	∅	1018	∅	∅	∅	1009	∅,∅	1003	1003	∅	∅	∅	1018	∅	∅	∅	∅	1003	∅	∅	∅	∅	∅	1015	∅	∅	∅	1018	∅	∅	∅	1009	∅
all1_0019,mctulil,"doto bəbərtəm to da bəvengəp, io ava vəton kəbərion moli nətang to vətəvək mənu tore.",#	#	doto	təbərtəm	#	0	to	da	bə=	v-engəp	%	io	ava	0	və-ton	kəbərion	moli	nə	tang	#	0	to	və-təvək	mənu	tor	=e,#	#	when;if	evening	#	0	SUB	PURP	ASP=	3SG.M.PST-sleep	%	then	again;still	0	3SG.M.PST-look	dream	again	APPL	REFL	#	0	REL	3SG.M.PST-cross	back.of	wood	=SG.CL:FEM,"When at night he slept, then he saw dream about himself crossing the back of log.",en,MORPHEME_ALIGNED,,all1_mp3 all1_wav all1_eaf all1_xml all1_tsv,,182050,192295,##	#ac	other	np:pred	#rc	0.h:s	other	other	=other	v:pred	%	other	other	0.h:a	v:pred	np:p	other	adp	refl.h:obl	#rc	0.h:s	other	v:pred	adp	np:obl	=rn,,all1,∅	∅	∅	∅	∅	∅	∅	∅	∅	∅	∅	∅	∅	∅	∅	new	∅	∅	∅	∅	∅	∅	∅	∅	∅	∅,∅	∅	∅	∅	∅	1003	∅	∅	∅	∅	∅	∅	∅	1003	∅	1024	∅	∅	1003	∅	1003	∅	∅	∅	1018	∅,∅	∅	∅	∅	∅	1003	∅	∅	∅	∅	∅	∅	∅	1003	∅	1024	∅	∅	1003	∅	1003	∅	∅	∅	1018	∅
all1_0020,mctulil,"io doto bəvatər təbe vərete emu, be vərete evəde to da bətəba məngəda io kəra vətoti tore evi to kəra iməngar pəka tuka ete,",#	io	#	0	doto	bə=	v-atər	tə=	be	vəret	=e	e-mu	be	vəret	=e	e-vəde	#	to	da	bə=	tə=	ba	məngəda	=a	%	io	kəra	0	və-toti	tor	=e	e-vi	#	0	to	kəra	i-məngar	pəka	tuka	=a	et-e,#	then	#	0	when;if	ASP=	3SG.M.PST-stand	to=	at	side	=SG.CL:FEM	3SG.F-IN	at	side	=SG.CL:FEM	3SG.F-this_way	#	REL	PURP	ASP=	to=	in	home;village	=SG.CL:MASC	%	then	just_then	0	3SG.M.PST-see	wood	=SG.CL:FEM	3SG.F-PROX1	#	0	SUB	just_then	3SG.F.PST-say	clear	give	=3SG.M.PAT	3SG.F-QUOT,"When he stood on the other side, on the side of home, just then he saw the log telling him clearly to him, said,",en,MORPHEME_ALIGNED,,all1_mp3 all1_wav all1_eaf all1_xml all1_tsv,,192295,202020,##	other	#ac	0.h:s	other	=other	v:pred	=adp	adp	np:l	=rn	rn	adp	np:appos	=rn	rn	#rc_purp	other	other	=other	=adp	adp	np:pred_l	=rn	%	other	other	0.h:a	v:pred	np:p	=rn	rn	#	0.d:s	other	other	v:pred	rv	adp	=pro.h:g	other,,all1,∅	∅	∅	∅	∅	∅	∅	∅	∅	∅	∅	∅	∅	∅	∅	∅	∅	∅	∅	∅	∅	∅	∅	∅	∅	∅	∅	∅	∅	∅	∅	∅	∅	∅	∅	∅	∅	∅	∅	∅	∅,∅	∅	∅	1003	∅	∅	∅	∅	∅	1022	∅	∅	∅	1022	∅	∅	∅	∅	∅	∅	∅	∅	1017	∅	∅	∅	∅	1003	∅	1018	∅	∅	∅	1018	∅	∅	∅	∅	∅	1003	∅,∅	∅	∅	1003	∅	∅	∅	∅	∅	1022	∅	∅	∅	1022	∅	∅	∅	∅	∅	∅	∅	∅	1017	∅	∅	∅	∅	1003	∅	1018	∅	∅	∅	1018	∅	∅	∅	∅	∅	1003	∅
all1_0021,mctulil,"""nging ngitəm konəng nə ngang?",#	nging	ngi-təm	konəng	nə	ngang,#	2SG	2SG.PST-know	only	APPL	1SG,Do you know me?,en,MORPHEME_ALIGNED,,all1_mp3 all1_wav all1_eaf all1_xml all1_tsv,,202020,204681,##ds	pro.2:a	v:pred	rv	rv	pro.1:p,,all1,∅	∅	∅	∅	∅	∅,∅	1003	∅	∅	∅	1018,∅	1003	∅	∅	∅	1018
all1_0022,mctulil,ngang konəng Levator.,#	ngang	konəng	Levator,#	1SG	only	Levator,I'm Levator.,en,MORPHEME_ALIGNED,,all1_mp3 all1_wav all1_eaf all1_xml all1_tsv,,204681,206441,##ds	pro.1:s	other	pn_np:pred,,all1,∅	∅	∅	∅,∅	1018	∅	∅,∅	1018	∅	∅
all1_0023,mctulil,"me kati nging o kəmərona nging o ka ngəvənmə nging məgət; bə kori ngiliu.""",#	0	me	#	kati	nging	o	kəməron	=a	nging	%	o	ka	ngə-vən-mə	nging	məgət	#	0	bə	kori	ngi-liu,#	0	and	#	SUBJ	2SG	TOP	different	=SG.CL:MASC	2SG	%	TOP	SUBJ	1SG.PST-hit-APPL	2SG	today	#	0	ASP	NEG	2SG.NPST-return,"If you are not my relative [lit. different person], I would have killed you today, you won't go back.",en,MORPHEME_ALIGNED,,all1_mp3 all1_wav all1_eaf all1_xml all1_tsv,,206441,213718,##ds	0.1:a	other	#ds_ac	other	pro.2:dt_s	other	np:pred	=rn	pro.2:s	%	other	other	v:pred	pro.2:p	other	##ds.neg	0.2:s	other	other	v:pred,,all1,∅	∅	∅	∅	∅	∅	∅	∅	∅	∅	∅	∅	∅	∅	∅	∅	∅	∅	∅	∅	∅,∅	1018	∅	∅	∅	1003	∅	∅	∅	1003	∅	∅	∅	∅	1003	∅	∅	1003	∅	∅	∅,∅	1018	∅	∅	∅	1003	∅	∅	∅	1003	∅	∅	∅	∅	1003	∅	∅	1003	∅	∅	∅
all1_0024,mctulil,"io nga iaia vəmume ate, avar vəmume ate, nəbət ba ibəne nəbət dova Butəm ba tipur nəmə dova Butəm o tore to etamata 'Voi Bəli' mənəbo be voi idəlata nəmə, me etamat poi mənəmə, nəbo, nəmə təba Vərgoi io nəmə təbe viuve etumu von navonbət.",#	io	nga	iaia	və-m~ume	at-e	#	0	avar	və-m~ume	at-e	#	nə-bət	ba	ibən	=e	nə-bət	dova	Butəm	ba	tipur	nə-mə	dova	Butəm	o	tor	=e	#	0	to	et-a~mat	=a	Voi	Bəli	mə=	nə-bo	be	voi	idə=	lat	=a	nə-m~mə	#	0	me	et-a~mat	=poi	mə=	nə-mə	nə-m~bo	nə-m~mə	tə=	ba	Vərgoi	#	0	io	nə-m~mə	tə=	be	viuv	=e	et-u~mu	von	navonbət,#	then	1SG.POSS	grandpa	3SG.M.PST-RED~tell	3SG.M-QUOT	#	0	again;still	3SG.M.PST-RED~tell	3SG.M-QUOT	#	LOC-PROX2	in	earth	=SG.CL:FEM	LOC-PROX2	at_the_place_of	Butəm	in	forest	LOC-DOWN	at_the_place_of	Butəm	TOP	wood	=SG.CL:FEM	#	0	REL	3SG.F.NPST-RED~get	=PAT	3SG.FLAT	pig	from=	LOC-UP	at	SG.FLAT	3N.POSS=	head	=SG.CL:MASC	LOC-RED~DOWN	#	0	and	3SG.F.NPST-RED~get	=3SG.FLAT	from=	LOC-DOWN	LOC-RED~UP	LOC-RED~DOWN	tə=	in	Vərgoi	#	0	then	LOC-RED~DOWN	to=	at	sea	=SG.CL:FEM	3SG.F.NPST-RED~put	3SG.DIM	like.that,"Then my grandpa said, in that land called Butam in the bush, there's a log which follows the 'Voi Bəli' river down, up to the head of the river, and it follows the river down, up, to Vərgoi river and then to sea, it usually do it like that.'",en,MORPHEME_ALIGNED,,all1_mp3 all1_wav all1_eaf all1_xml all1_tsv,,213718,236445,##	other	ln_pro.1:poss	np.h:s	v:pred	other	#	0.h:s	other	v:pred	other	##	dem_other	adp	np:other	=rn	dem_other	adp	pn_np:other	adp	np:other	dem_other	adp	pn_np:l	other	np:predex	=rn	#	0.d:a	other	v:pred	=ln	pn_np:p	rn	=adp	dem_other	adp	ln_pro:poss	=ln_pro:poss	np:l	=rn	dem_other	#	0.d:a	other	v:pred	=pro:p	=adp	nc	nc	dem_other:l	=adp	adp	pn_np:g	#	0.d:a	other	dem_other:dt	=adp	adp	np:g	=rn	v:pred	pro:p	other,,all1,∅	∅	bridging	∅	∅	∅	∅	∅	∅	∅	∅	∅	∅	∅	∅	∅	∅	∅	∅	∅	∅	∅	∅	∅	∅	∅	∅	∅	∅	∅	∅	∅	∅	∅	∅	∅	∅	∅	∅	bridging	∅	∅	∅	∅	∅	∅	∅	∅	∅	∅	∅	∅	∅	new	∅	∅	∅	∅	∅	∅	∅	∅	∅	∅	∅,∅	∅	1025	1004	∅	∅	∅	1004	∅	∅	∅	∅	∅	∅	1001	∅	∅	∅	1001	∅	1007	∅	∅	1001	∅	1018	∅	∅	1018	∅	∅	∅	1009	∅	∅	∅	∅	1009	1009	1026	∅	∅	∅	1018	∅	∅	1009	∅	∅	∅	∅	∅	∅	1027	∅	1018	∅	∅	∅	∅	1016	∅	∅	1009	∅,∅	∅	1025	1004	∅	∅	∅	1004	∅	∅	∅	∅	∅	∅	1001	∅	∅	∅	1001	∅	1007	∅	∅	1001	∅	1018	∅	∅	1018	∅	∅	∅	1009	∅	∅	∅	∅	1009	1009	1026	∅	∅	∅	1018	∅	∅	1009	∅	∅	∅	∅	∅	∅	1027	∅	1018	∅	∅	∅	∅	1016	∅	∅	1009	∅
all1_0025,mctulil,avar be maok idə to avar iep da etivi.,#	avar	be	maok	idə	#	to	avar	iep	da	et-i~vi,#	again;still	at	time;space	3N	#	REL	again;stillr	3SG.F	PURP	3SG.F.NPST-RED~go;walk,It's just those places where she usually goes.,en,MORPHEME_ALIGNED,,all1_mp3 all1_wav all1_eaf all1_xml all1_tsv,,236445,240938,##	other	adp	np:pred	pro:s_sv	#rc	other	other	pro.d:s	other	v:pred,,all1,∅	∅	∅	bridging	∅	∅	∅	∅	∅	∅	∅,∅	∅	∅	1028	∅	∅	∅	∅	1018	∅	∅,∅	∅	∅	1028	∅	∅	∅	∅	1018	∅	∅
all1_0026,mctulil,"doto da etivi me da etunman təkənəmu ba viu laike, o nəbo etəng mata rovətak bətəpmətang me nangə bətəpmətang io da etata viuve.",#	#	0	doto	da	et-i~vi	#	0	me	da	et-unman	təkə=	nə-mu	ba	viu	laik	=e	%	o	nə-bo	0	e-təng	mat	=a	ro	=vətak	bətəpmə	tang	me	nangə	bətəpmə	tang	#	0	io	da	et-at	=a	viuv	=e,#	#	0	when;if	PURP	3SG.F.NPST-RED~go;walk	#	0	and	PURP	3SG.F.NPST-enter;exit	to=	LOC-IN	in	sea	big	=SG.CL:FEM	%	TOP	LOC-UP	0	3SG.F.NPST-put_on	get	=PAT	bamboo	=PL.CL:SEG	all_over	REFL	and	tree	all_over	REFL	#	0	then	PURP	3SG.F.NPST-get	=PAT	sea	=SG.CL:FEM,"When she goes she goes into the big sea, she put on bamboos on herself and trees on herself then she follows the sea.",en,MORPHEME_ALIGNED,,all1_mp3 all1_wav all1_eaf all1_xml all1_tsv,,240938,256261,##	#ac	0.d:s	other	other	v:pred	#	0.d:s	other	other	v:pred	=adp	dem_other	adp	np:g	rn	=rn	%	other	dem_other	0.d:a	v:pred	rv	=ln	np:p	=rn	adp	refl.d:obl	other	np:other	other	refl.d:other	#	0.d:a	other	other	v:pred	=ln	np:p	=rn,,all1,∅	∅	∅	∅	∅	∅	∅	∅	∅	∅	∅	∅	∅	∅	∅	∅	∅	∅	∅	∅	∅	∅	∅	∅	new	∅	∅	∅	∅	new	∅	∅	∅	∅	∅	∅	∅	∅	∅	∅,∅	∅	1018	∅	∅	∅	∅	1018	∅	∅	∅	∅	∅	∅	1016	∅	∅	∅	∅	∅	1018	∅	∅	∅	1029	∅	∅	1018	∅	1030	∅	1018	∅	1018	∅	∅	∅	∅	1016	∅,∅	∅	1018	∅	∅	∅	∅	1018	∅	∅	∅	∅	∅	∅	1016	∅	∅	∅	∅	∅	1018	∅	∅	∅	1029	∅	∅	1018	∅	1030	∅	1018	∅	1018	∅	∅	∅	∅	1016	∅
all1_0027,mctulil,"doto tatotie mənəmu be NiuAiland ba viuve, o tatton tuka Ailand tate Ailand to ativi nəmu ba viuve nəmə me aliu mənəmə nuvəde.",#	#	0	doto	ta-toti	=e	mə=	nə-mu	be	NiuAiland	ba	viuv	=e	%	o	0	ta-t~ton	tuk	=a	ailand	tat-e	ailand	#	0	to	at-i~vi	nə-mu	ba	viuv	=e	nə-mə	#	0	me	a-liu	mə=	nə-mə	nu-vəde,#	#	0	when;if	3PL.NPST-see	=3SG.F.PAT	from=	LOC-IN	at	NiuAiland	in	sea	=SG.CL:FEM	%	TOP	0	3PL.NPST-RED~look	give	=PAT	island	3PL-QUOT	island	#	0	SUB	3SG.M.NPST-walk;go	LOC-IN	in	sea	=SG.CL:FEM	LOC-DOWN	#	0	and	3SG.M.NPST-return	from=	LOC-DOWN	LOC-this_way,"When they see her from New Ireland in the sea, they see an island they think it is an island walking inside the sea, then it comes back there to here.",en,WORD_ALIGNED,,all1_mp3 all1_wav all1_eaf all1_xml all1_tsv,,256261,267109,##	#ac	0.h:a	other	v:pred	=pro.d:p	=adp	dem_other	adp	pn_np:l	adp	np:other	=rn	%	other	0.h:s	v:pred	adp	=ln	np:obl	other	other	#rc	0:s	other	v:pred	dem_other	adp	np:l	=rn	dem_other	#	0:s	other	v:pred	=adp	dem_other	np:l,,all1,∅	∅	new	∅	∅	∅	∅	∅	∅	new	∅	∅	∅	∅	∅	∅	∅	∅	∅	bridging	∅	∅	∅	∅	∅	∅	∅	∅	∅	∅	∅	∅	∅	∅	∅	∅	∅	∅,∅	∅	1031	∅	∅	1018	∅	∅	∅	1032	∅	1016	∅	∅	∅	1031	∅	∅	∅	1033	∅	∅	∅	1033	∅	∅	∅	∅	1016	∅	∅	∅	1033	∅	∅	∅	∅	∅,∅	∅	1031	∅	∅	1018	∅	∅	∅	1032	∅	1016	∅	∅	∅	1031	∅	∅	∅	1033	∅	∅	∅	1033	∅	∅	∅	∅	1016	∅	∅	∅	1033	∅	∅	∅	∅	∅
all1_0028,mctulil,"mənəmə- məndo be South coast nəmmə təbe North coast, me mənemə be North coast da təkədo be South coast.",#	mən=	do	be	South	coast	nə-m~mə	tə=	be	North	coast	me	mə=	nə-mə	be	North	coast	da	təkə=	do	be	South	coast,#	from=	here;now	at	South	coast	LOC-RED~DOWN	to=	at	North	coast	and	from=	LOC-DOWN	at	North	coast	PURP	to=	here;now	at	South	coast,"From South coast here to North coast there, then from North coast going back to South coast.",en,MORPHEME_ALIGNED,,all1_mp3 all1_wav all1_eaf all1_xml all1_tsv,,268580,278889,#nc	nc	nc	nc	nc	nc	nc	nc	nc	nc	nc	nc	nc	nc	nc	nc	nc	nc	nc	nc	nc	nc	nc,,all1,∅	∅	∅	∅	∅	∅	∅	∅	∅	∅	∅	∅	∅	∅	∅	∅	∅	∅	∅	∅	∅	∅	∅,∅	∅	∅	∅	∅	∅	∅	∅	∅	∅	∅	∅	∅	∅	∅	∅	∅	∅	∅	∅	∅	∅	∅,∅	∅	∅	∅	∅	∅	∅	∅	∅	∅	∅	∅	∅	∅	∅	∅	∅	∅	∅	∅	∅	∅	∅
all1_0029,mctulil,"io nəmumə be Niu Ailand o tatobokbok tate, nəbo Levator ebət, belliu təkənəmə da Vərgoi.",#	0	io	nə-mumə	be	Niu	Ailand	o	tat-o~bokbok	tat-e	#	nə-bo	Levator	e-bət	#	0	b=	e-l~liu	təkə=	nə-mə	da	Vərgoi,#	0	then	LOC-DOWN.FAR	at	Niu	Ailand	TOP	3PL.NPST-RED~talk	3PL-QUOT	#	LOC-UP	Levator	3SG.F-PROX2	#	0	ASP=	3SG.F.NPST-RED~return	to=	LOC-DOWN	PURP	Vərgoi,"then there at New Ireland, they usually say that, that's Levator going back to Vərgoi.",en,MORPHEME_ALIGNED,,all1_mp3 all1_wav all1_eaf all1_xml all1_tsv,,278889,285710,##	0.h:s	other	dem_other	adp	pn_np:l	rn	other	v:pred	other	##ds	dem_other	pn_np:s	dem_other:pred	##ds	0:s	=other	v:pred	=adp	dem_other	adp	pn_np:g,,all1,∅	∅	∅	∅	∅	∅	∅	∅	∅	∅	∅	∅	∅	∅	∅	∅	∅	∅	∅	∅	∅	∅,∅	1031	∅	∅	∅	1032	∅	∅	∅	∅	∅	∅	1018	∅	∅	1018	∅	∅	∅	∅	∅	1027,∅	1031	∅	∅	∅	1032	∅	∅	∅	∅	∅	∅	1018	∅	∅	1018	∅	∅	∅	∅	∅	1027
all1_0030,mctulil,bəmənəmə ne io beliu təda Vərgoi təkənəmə ga Vərgoi idəna viuve etaman təvat na rovətak me nangə bətəpmətang iova embo ba Vərgoi dava eteltel nəbo ba ioivoi o nəbət o kori go nangə bətəpme me doto etumunman təba viuve o nəbo nangə bətəpme.,#	bə=	mə=	nə-mə	n	=e	#	0	io	b=	e-liu	tə=	da	Vərgoi	təkə=	nə-mə	ga	Vərgoi	idə-n	=a	viuv	=e	#	0	et-a~man	təvat	n	=a	ro	=vətak	me	nangə	bətəpmə	tang	#	iova	e-m~bo	ba	Vərgoi	#	dava	0	e-teltel	nə-bo	ba	ioi	=voi	o	#	nə-bət	o	kori	go	nangə	bətəpm	=e	#	me	#	0	doto	et-u~munman	tə=	ba	viuv	=e	%	o	nə-bo	nangə	bətəpm	=e,#	ASP=	from=	LOC-DOWN	APPL	=3SG.F.PAT	#	0	then	ASP=	3SG.F.NPST-return	to=	on	Vərgoi	to=	LOC-DOWN	across	Vərgoi	3N-with	=PAT	sea	=SG.CL:FEM	#	0	3SG.F.NPST-RED~remove	release	APPL	=PAT	bamboo	=PL.CL:SEG	and	tree	all_over	REFL	#	then_again	3SG.F-RED~UP	in	Vərgoi	#	PURP_again;still	0	3SG.F.NPST-wander	LOC-UP	in	water	=SG.CL:FLAT	TOP	#	LOC-PROX2	TOP	NEG	NSPEC	tree	all_over	=3SG.F	#	and	#	0	when;if	3SG.F.NPST-RED~enter;exit	to=	in	sea	=SG.CL:FEM	%	TOP	LOC-UP	tree	all_over	=3SG.F.PAT,"from there she comes back to Vərgoi to where Vərgoi and sea meets, she removes bamboo and the trees on herself then she goes up to Vərgoi to wander around in the river up without trees on and when she goes into the sea she puts on trees.",en,MORPHEME_ALIGNED,,all1_mp3 all1_wav all1_eaf all1_xml all1_tsv,,285710,295377,##	=other	=adp	dem_other:pred_l	rv	=pro.d:s_sv	##	0.d:s	other	=other	v:pred	=adp	adp	pn_np:g	=adp	dem_other	adp	pn_np:dt_g	adp	=ln	np:obl	=rn	##	0.d:a	v:pred	rv	rv	=ln	np:p	=rn	rn	rn_np	adp	refl.d:obl	##	other	dem_other:pred	adp	pn_np:l	#purp	other	0.d:s	v:pred	dem_other	adp	np:l	=rn	other	#neg	dem_other:dt	other	other	ln	np:predex	adp	=pro.d:obl	##	other	#ac	0.d:s	other	v:pred	=adp	adp	np:g	=rn	%	other	dem_other:s	np:predex	adp	=pro.d:obl,,all1,∅	∅	∅	∅	∅	∅	∅	∅	∅	∅	∅	∅	∅	∅	∅	∅	∅	∅	∅	∅	∅	∅	∅	∅	∅	∅	∅	∅	∅	∅	∅	∅	∅	∅	∅	∅	∅	∅	∅	∅	∅	∅	∅	∅	∅	∅	∅	∅	∅	∅	∅	∅	∅	∅	∅	∅	∅	∅	∅	∅	∅	∅	∅	∅	∅	∅	∅	∅	∅	∅	∅	∅,∅	∅	∅	1016	∅	1018	∅	1018	∅	∅	∅	∅	∅	1027	∅	∅	∅	1027	∅	∅	1016	∅	∅	1018	∅	∅	∅	∅	1029	∅	∅	1030	∅	1018	∅	∅	∅	∅	1027	∅	∅	1018	∅	∅	∅	1027	∅	∅	∅	∅	∅	∅	∅	1030	∅	1018	∅	∅	∅	1018	∅	∅	∅	∅	1016	∅	∅	∅	∅	1030	∅	1018,∅	∅	∅	1016	∅	1018	∅	1018	∅	∅	∅	∅	∅	1027	∅	∅	∅	1027	∅	∅	1016	∅	∅	1018	∅	∅	∅	∅	1029	∅	∅	1030	∅	1018	∅	∅	∅	∅	1027	∅	∅	1018	∅	∅	∅	1027	∅	∅	∅	∅	∅	∅	∅	1030	∅	1018	∅	∅	∅	1018	∅	∅	∅	∅	1016	∅	∅	∅	∅	1030	∅	1018
all1_0031,mctulil,nga apir idil o nəbət konəng bema Levator.,#	nga	a-pir	idil	o	nə-bət	konəng	bem	=a	Levator,#	1SG.POSS	ART-story	small	TOP	LOC-PROX2	only	at	=PAT	Levator,This is my little story about Levator.,en,MORPHEME_ALIGNED,,all1_mp3 all1_wav all1_eaf all1_xml all1_tsv,,307228,312640,#nc	nc_pro.1	nc	nc	nc	nc	nc	nc	nc	nc_pn_np,,all1,∅	∅	∅	∅	∅	∅	∅	∅	∅	∅,∅	1025	∅	∅	∅	∅	∅	∅	∅	1018,∅	1025	∅	∅	∅	∅	∅	∅	∅	1018
all1_0032,mctulil,nəbət konəng me mərek vəvat.,#	nə-bət	konəng	me	mərek	vəvat,#	LOC-PROX2	only	and	good	very,It's just like this and thank you very much.,en,MORPHEME_ALIGNED,,all1_mp3 all1_wav all1_eaf all1_xml all1_tsv,,312640,314830,#nc	nc	nc	nc	nc	nc,,all1,∅	∅	∅	∅	∅	∅,∅	∅	∅	∅	∅	∅,∅	∅	∅	∅	∅	∅
alrm_0001,mctulil,ngang o ava nga itəne moli Augustine Rickie.,#	ngang	o	ava	nga	itən	=e	moli	Augustine	Rickie,#	1SG	TOP	again	1SG.POSS	name	=SG.CL:FEM	again	Augustine	Rickie,"Again, my name is Augustine Rickie.",en,MORPHEME_ALIGNED,,alrm_mp3 alrm_wav alrm_eaf alrm_xml alrm_tsv,,8521,13891,#nc	nc	nc	nc	nc	nc	nc	nc	nc	nc,,alrm,∅	∅	∅	∅	∅	∅	∅	∅	∅	∅,∅	∅	∅	∅	∅	∅	∅	∅	∅	∅,∅	∅	∅	∅	∅	∅	∅	∅	∅	∅
alrm_0002,mctulil,"me do ava ngəmətor da nganume bema apir, me kori go apir, apir təre moli to avar ngang ngəmatme dəm.",#	me	do	ava	ngə-mətor	#	da	ngan-ume	bem	=a	a-pir	#	me	kori	go	a-pir	#	a-pir	təre	moli	#	to	avar	ngang	ngə-matme	dəm,#	and	here;now	again	1SG.PST-sit	#	PURP	1SG.NPST-tell	at	=PAT	ART-story	#	and	NEG	NSPEC	ART-story	#	ART-story	true	real	#	REL	also	1SG	1SG.PST-work	on,"and now I'm sitting again to tell a story, not a story, a real story that I worked on.",en,MORPHEME_ALIGNED,,alrm_mp3 alrm_wav alrm_eaf alrm_xml alrm_tsv,,13891,29253,#nc	nc	nc	nc	nc	#nc	nc	nc	nc	nc	nc	#nc	nc	nc	nc	nc	#nc	nc	nc	nc	#nc	nc	nc	nc	nc	nc,,alrm,∅	∅	∅	∅	∅	∅	∅	∅	∅	∅	∅	∅	∅	∅	∅	∅	∅	∅	∅	∅	∅	∅	∅	∅	∅	∅,∅	∅	∅	∅	∅	∅	∅	∅	∅	∅	∅	∅	∅	∅	∅	∅	∅	∅	∅	∅	∅	∅	∅	∅	∅	∅,∅	∅	∅	∅	∅	∅	∅	∅	∅	∅	∅	∅	∅	∅	∅	∅	∅	∅	∅	∅	∅	∅	∅	∅	∅	∅
alrm_0003,mctulil,apir idil uvi o bema kəvənave to ngəmatme da kəvənave ngana nga məlna.,#	a-pir	idil	u-vi	o	0	bem	=a	kəvənav	=e	#	0	to	ngə-matme	da	kəvənav	=e	nga-n	=a	nga	məln	=a,#	ART-story	small	3N-PROX1	TOP	0	at	=PAT	rain	=SG.CL:FEM	#	0	SUB	1SG.PST-work	on	rain	=SG.CL:FEM	1SG-COM	=PAT	1SG.POSS	cousin	=SG.CL:MASC,this little story is about rain that I worked on rain with my cousin.,en,MORPHEME_ALIGNED,,alrm_mp3 alrm_wav alrm_eaf alrm_xml alrm_tsv,,29253,39000,##	np:dt_s	rn	rn	other	0:s	adp	=ln	np:pred	=rn	#	0.1:a	other	v:pred	rv	np:p	=rn	pro.1:dt	=rn	rn_pro.1:poss	rn_np.h	=rn,,alrm,∅	∅	∅	∅	∅	∅	∅	∅	∅	∅	∅	bridging	∅	∅	∅	new	∅	∅	∅	∅	new	∅,∅	∅	∅	∅	∅	∅	∅	∅	∅	∅	∅	2001	∅	∅	∅	2002	∅	2001	∅	2001	2003	∅,∅	∅	∅	∅	∅	∅	∅	∅	∅	∅	∅	2001	∅	∅	∅	2002	∅	2001	∅	2001	2003	∅
alrm_0004,mctulil,nga məlna va itəne Fidelis Vəninar.,#	nga	məln	=a	va	itən	=e	Fidelis	Vəninar,#	1SG.POSS	cousin	=SG.CL:MASC	3SG.M.POSS	name	=SG.CL:FEM	Fidelis	Vəninar,My cousin his name is Fidelis Vəninar.,en,MORPHEME_ALIGNED,,alrm_mp3 alrm_wav alrm_eaf alrm_xml alrm_tsv,,39000,43230,##	ln_pro.1:poss	ln_np.h:poss	=ln	ln_pro.h:poss	np:s	=rn	pn_np:pred	rn,,alrm,∅	∅	∅	∅	∅	bridging	∅	∅	∅,∅	2001	2003	∅	2003	2004	∅	∅	∅,∅	2001	2003	∅	2003	2004	∅	∅	∅
alrm_0005,mctulil,"be lalənga 1994, o ngang o nga-- ngana nga məlna avi o, ngunu kərtang məndo, təkənəmumə da ngunutteltel mat nəmumə be west coast be central new ireland ba məngəda to tattak bema tate, be Lambu.",#	0	be	laləng	=a	1994	o	ngang	o	nga-n	=a	nga	məln	=a	a-vi	o	ngunu-kər	tang	mən=	do	təkə=	nə-mumə	#	0	da	ngunu-t~teltel	mat	nə-mumə	be	west	coast	be	central	New Ireland	ba	məngəd	=a	#	0	to	ta-t~tak	bem	=a	tat-e	be	Lambu,#	0	at	year	=SG.CL:MASC	1994	TOP	1SG	TOP	1SG-COM	=PAT	1SG.POSS	cousin	=SG.CL:MASC	3SG.M-PROX1	TOP	1DL.PST-rise	REFL	from=	here;now	to=	LOC-DOWN.FAR	#	0	PURP	1DL.PST-RED~wander	finish	LOC-DOWN.FAR	at	west	coast	at	central	New_Ireland	in	home	=SG.CL:MASC	#	0	REL	3PL.HUM.NPST-RED~call	at	=3SG.M.PAT	3PL-QUOT	at	Lambu,"in year 1994, me with my cousin, we got up from here, went to wander down there at west coast in central New Ireland, at the place which they called Lambu.",en,MORPHEME_ALIGNED,,alrm_mp3 alrm_wav alrm_eaf alrm_xml alrm_tsv,,43230,72547,##	0.1:s	adp	np:dt	=rn	np:appos	other	pro.1:dt	other	pro.1:dt_s	=rn	rn_pro.1:poss	rn_np.h	=rn	other:dt	other	v:pred	refl.1:p	=adp	other:l	=adp	other:g	#	0.1:s	other	v:pred	rv	other	adp	np:g	rn	rn	rn_np	rn_pn_np	adp	np:appos	=rn	#rc	0.h:s	other	v:pred	adp	=pro.h:obl	other	adp	pn_np:other,,alrm,∅	∅	∅	new	∅	∅	∅	∅	∅	∅	∅	∅	∅	∅	∅	∅	∅	bridging	∅	∅	∅	bridging	∅	∅	∅	∅	∅	∅	∅	new	∅	∅	new	∅	∅	new	∅	∅	bridging	∅	∅	∅	∅	∅	∅	∅,∅	2001	∅	2005	∅	∅	∅	2001	∅	2001	∅	2001	2003	∅	∅	∅	∅	2006	∅	∅	∅	2007	∅	2006	∅	∅	∅	∅	∅	2008	∅	∅	2009	∅	∅	2010	∅	∅	2011	∅	∅	∅	2006	∅	∅	2010,∅	2001	∅	2005	∅	∅	∅	2001	∅	2001	∅	2001	2003	∅	∅	∅	∅	2006	∅	∅	∅	2007	∅	2006	∅	∅	∅	∅	∅	2008	∅	∅	2009	∅	∅	2010	∅	∅	2011	∅	∅	∅	2006	∅	∅	2010
alrm_0006,mctulil,"doto dumətor be Lambu o udu dummengə (bərodəm--) ba məngədə kəledaka ato tabu, nga vadoke Senta.",#	#	0	doto	du-mətor	be	Lambu	%	o	udu	du-m~mengə	ba	məngədə	kəledak	=a	a-to	tabu	nga	vadok	=e	Senta,#	#	0	when;if	1PL.PST-sit	at	Lambu	%	TOP	1PL	1PL.PST-RED~sleep	in	home;village	short	=SG.CL:MASC	3SG.M-belong.to	in-law(kuanua)	1SG.POSS	in_law	=SG.CL:FEM	Senta,"When we were staying in Lambu, we were sleeping in a small village of my in-law, Senta.",en,WORD_ALIGNED,,alrm_mp3 alrm_wav alrm_eaf alrm_xml alrm_tsv,,72547,82805,##	#ac	0.1:s	other	v:pred	adp	pn_np:l	%	other	pro.1:s	v:pred	adp	np:l	rn	=rn	rn	rn	ln_pro.1:poss	np:appos	=rn	pn_np:appos,,alrm,∅	∅	∅	∅	∅	∅	∅	∅	∅	∅	∅	∅	new	∅	∅	∅	∅	∅	new	∅	bridging,∅	∅	2006	∅	∅	∅	2010	∅	∅	2006	∅	∅	2012	∅	∅	∅	∅	2001	2013	∅	2014,∅	∅	2006	∅	∅	∅	2010	∅	∅	2006	∅	∅	2012	∅	∅	∅	∅	2001	2013	∅	2014
alrm_0007,mctulil,"iap to ativi nogət nudu be atade, iap va dərnge.",#	0	iap	#	0	to	at-i~vi	nogət	n	=udu	be	atad	=e	%	iap	va	dərng	=e,#	0	3SG.M	#	0	REL	3SG.M.NPST-RED~go	first	APPL	=1PL	at	church	=SG.CL:FEM	%	3SG.M	3SG.M.POSS	old	=SG.CL:FEM,"the man who lead us in church, his wife.",en,MORPHEME_ALIGNED,,alrm_mp3 alrm_wav alrm_eaf alrm_xml alrm_tsv,,82805,89981,##	0.h:s	pro.h:dt_poss	#rc	0.h:s	other	v:pred	other	adp	=pro.1:obl	adp	np:other	=rn	%	ln_pro.h:poss	ln_pro.h:poss	np.h:pred	=rn,,alrm,∅	∅	∅	∅	∅	∅	∅	∅	∅	∅	∅	new	∅	∅	∅	∅	new	∅,∅	2014	2014	∅	2014	∅	∅	∅	∅	2006	∅	2015	∅	∅	2014	2014	2016	∅,∅	2014	2014	∅	2014	∅	∅	∅	∅	2006	∅	2015	∅	∅	2014	2014	2016	∅
alrm_0008,mctulil,dumətor nəbət ba ta ta məngəda.,#	0	du-mətor	nə-bət	ba	ta	ta	məngəd	=a,#	0	1PL.PST-sit	LOC-PROX2	in	3PL.HUM	3PL.HUM.POSS	home;village	=SG.CL:MASC,we stayed there at their home.,en,MORPHEME_ALIGNED,,alrm_mp3 alrm_wav alrm_eaf alrm_xml alrm_tsv,,89981,93054,##	0.1:s	v:pred	other	adp	ln_pro.h:poss	ln_pro.h:poss	np:l	=rn,,alrm,∅	∅	∅	∅	∅	bridging	∅	∅	∅,∅	2006	∅	∅	∅	2017	2017	2012	∅,∅	2006	∅	∅	∅	2017	2017	2012	∅
alrm_0009,mctulil,"me doto dumətor nəbət to lətnudu təkənəmu ba məngəda abət, me abət o vənu laika bəvəppən ma məngəda abət.",#	0	me	doto	du-mətor	nə-bət	#	to	lət	n	=udu	təkə=	nə-mu	ba	məngəd	=a	a-bət	#	me	a-bət	o	vənu	laik	=a	bə=	və-p~pən-m	=a	məngəd	=a	a-bət,#	0	and	when;if	1PL.PST-sit	LOC-PROX2	#	SUB	arrive	APPL	=1PL	to=	LOC-IN	in	home;village	=SG.CL:MASC	3SG.M-PROX2	#	and	3SG.M-PROX2	TOP	sun	big	=SG.CL:MASC	ASP=	3SG.M.PST-RED~hit	=PAT	home;village	=SG.CL:MASC	3SG.M-PROX2,"when we were staying there, when we arrived there at the village, and strong sun was destroying the village.",en,WORD_ALIGNED,,alrm_mp3 alrm_wav alrm_eaf alrm_xml alrm_tsv,,93054,103621,##	0.1:s	other	other	v:pred	dem_other:l	#	other	v:pred	rv	=pro.1:s_sv	=adp	dem_other	adp	np:g	=rn	rn	##	other	dem_pro:dt_p	other	np:a	rn	=rn	=other	v:pred	=ln	np:p	=rn	rn,,alrm,∅	∅	∅	∅	∅	∅	∅	∅	∅	∅	∅	∅	∅	∅	∅	∅	∅	∅	∅	∅	∅	unused	∅	∅	∅	∅	∅	∅	∅	∅,∅	2006	∅	∅	∅	2012	∅	∅	∅	∅	2006	∅	∅	∅	2012	∅	∅	∅	∅	2012	∅	2018	∅	∅	∅	∅	∅	2012	∅	∅,∅	2006	∅	∅	∅	2012	∅	∅	∅	∅	2006	∅	∅	∅	2012	∅	∅	∅	∅	2012	∅	2018	∅	∅	∅	∅	∅	2012	∅	∅
alrm_0010,mctulil,vənua bəvətton vareot,#	vənu	=a	bə=	və-t~ton	vareot,#	sun	=SG.CL:MASC	ASP=	3SG.M.PST-RED~look	long_time,the sun was shining for a long time.,en,MORPHEME_ALIGNED,,alrm_mp3 alrm_wav alrm_eaf alrm_xml alrm_tsv,,103621,107490,##	np:s	=rn	=other	v:pred	rv,,alrm,∅	∅	∅	∅	∅	∅,∅	2018	∅	∅	∅	∅,∅	2018	∅	∅	∅	∅
alrm_0011,mctulil,"me tərevənik o bidəmmang idə, tipur me nangə o bidəmmang idə. məgəte ubət bu avar bə idəmiav idə.",#	me	təre	=vənik	o	b=	idə-m~mang	idə	#	tipur	me	nangə	o	b=	idə-m~mang	idə	məgəte	u-bət	##	bu	avar	bə	idə-miav	idə,#	and	thing	=PL.CL:DIM	TOP	ASP=	3N-RED~burn	3N	#	bush	and	tree.PL	TOP	ASP=	3N-RED~burn	3N	like	3N-PROX2	#	betelnut	also	ASP	3N.PST-wither	3N,"and the things were dying of heat, bush and trees were dying of heat, like those betelnut trees/leaves were also withered.",en,MORPHEME_ALIGNED,,alrm_mp3 alrm_wav alrm_eaf alrm_xml alrm_tsv,,107490,119261,##	other	np:dt_s	=rn	other	=other	v:pred	pro:s_iv	##	np:dt_s	rn	rn_np	other	=other	v:pred	pro:s_iv	other	dem_pro:s_iv	##	np:dt_s	other	=other	v:pred	pro:s_iv,,alrm,∅	∅	new	∅	∅	∅	∅	∅	∅	new	∅	new	∅	∅	∅	bridging	∅	∅	∅	new	∅	∅	∅	∅,∅	∅	2019	∅	∅	∅	∅	2019	∅	2020	∅	2021	∅	∅	∅	2022	∅	2022	∅	2023	∅	∅	∅	2023,∅	∅	2019	∅	∅	∅	∅	2019	∅	2020	∅	2021	∅	∅	∅	2022	∅	2022	∅	2023	∅	∅	∅	2023
alrm_0012,mctulil,"mərəm ga tipur idənung, ga nangə idə nung ubo o bə kərekərerət idə.",#	mərəm	ga	tipur	idə=	nung	ga	nangə	idə=	nung	u-bo	o	bə	kəre~kərerət	idə,#	fruit	across	bush	3N.POSS=	bottom	across	tree.PL	3N.POSS=	bottom	3N-UP	TOP	ASP	RED~dry	3N,The fruits up on the trees are dried up.,en,MORPHEME_ALIGNED,,alrm_mp3 alrm_wav alrm_eaf alrm_xml alrm_tsv,,119261,125558,##	np:dt_s	rn	rn_np:poss	=rn_pro:poss	rn_np	rn	rn_np:poss	=rn_pro:poss	rn_np	rn	other	other	v:pred	pro:s_sv,,alrm,∅	new	∅	∅	∅	∅	∅	∅	∅	∅	∅	∅	∅	∅	∅,∅	2024	∅	2020	2020	∅	∅	2021	2021	∅	∅	∅	∅	∅	2024,∅	2024	∅	2020	2020	∅	∅	2021	2021	∅	∅	∅	∅	∅	2024
alrm_0013,mctulil,"me doto da dutteltel ba tipur, o idəttər udu vədəma turin to bələlət moli konəng na turin.",#	me	#	0	doto	da	du-t~teltel	ba	tipur	%	o	idə-t~tər	udu	vədəma	=a	turin	#	to	bə=	lə~lət	moli	konəng	n	=a	turin,#	and	#	0	when;if	PURP	1PL.PST-RED~wander	in	bush	%	TOP	3N.PST-RED~surprise	1PL	for	=PAT	fire	#	SUB	ASP=	RED~arrive	real	only	APPL	=PAT	fire,"and when we wanted to wander in the bush, we were surprised for the fire that/because fire just appeared.",en,MORPHEME_ALIGNED,,alrm_mp3 alrm_wav alrm_eaf alrm_xml alrm_tsv,,125558,134845,##	other	#ac	0.1:s	other	other	v:pred	adp	np:g	%	other	v:pred	pro.1:s_iv	adp	=ln	np:obl	#	other	=other	v:pred	rv	rv	rv	=ln	np:s_sv,,alrm,∅	∅	∅	∅	∅	∅	∅	∅	∅	∅	∅	∅	∅	∅	∅	bridging	∅	∅	∅	∅	∅	∅	∅	∅	∅,∅	∅	∅	2006	∅	∅	∅	∅	2020	∅	∅	∅	2006	∅	∅	2025	∅	∅	∅	∅	∅	∅	∅	∅	2025,∅	∅	∅	2006	∅	∅	∅	∅	2020	∅	∅	∅	2006	∅	∅	2025	∅	∅	∅	∅	∅	∅	∅	∅	2025
alrm_0014,mctulil,nəbət ga tipur idənung o bələt kona go turin o bitamang lau nəpbo.,#	#	nə-bət	ga	tipur	idə	nung	o	bə	lət	ko	n	=a	go	turin	%	o	b=	0	ita-mang	lau	nə-p~bo,#	#	LOC-PROX2	across	bush	3N.POSS	bottom	TOP	ASP	arrive	kona	APPL	=PAT	NSPEC	fire	%	TOP	ASP=	0	3N.NPST-burn	lau	LOC-RED~UP,"There on the tree, fire just appeared, it is burning and spread to the side.",en,MORPHEME_ALIGNED,,alrm_mp3 alrm_wav alrm_eaf alrm_xml alrm_tsv,,134845,140382,##	#ac	dem_other	adp	rn_np:poss	rn_pro:poss	np:other	other	other	v:pred	rv	rv	=ln	ln	np:s_sv	%	other	=other	0:s_iv	v:pred	nc	dem_other:l,,alrm,∅	∅	∅	∅	∅	∅	∅	∅	∅	∅	∅	∅	∅	∅	∅	∅	∅	∅	∅	∅	∅	∅,∅	∅	∅	∅	2020	2020	∅	∅	∅	∅	∅	∅	∅	∅	2025	∅	∅	∅	2025	∅	∅	2020,∅	∅	∅	∅	2020	2020	∅	∅	∅	∅	∅	∅	∅	∅	2025	∅	∅	∅	2025	∅	∅	2020
alrm_0015,mctulil,"io nangə to-- nangə laik moli vənik to məgəte vənik uvi do batma məngəda, ubət ar bəkərekərerət idə.",#	io	nangə	laik	moli	=vənik	#	to	məgəte	vənik	u-vi	do	batm	=a	məngəd	=a	%	u-bət	ar	bə=	kəre~kərerət	idə,#	then	tree	big	real	=PL.CL:DIM	#	REL	like	PL.CL:DIM	3N-PROX1	here;now	around	=PAT	home;village	=SG.CL:MASC	%	3N-PROX2	still;also	ASP=	RED~dry	3N,"Then the really big trees like these trees here around home, they were also dried.",en,MORPHEME_ALIGNED,,alrm_mp3 alrm_wav alrm_eaf alrm_xml alrm_tsv,,140382,150237,##	other	np:dt	rn	rn	=rn	#nc	nc	nc	nc	nc	nc_other	nc	nc	nc_np	nc	%	dem_other:dt_s	other	=other	v:pred	pro:s_sv,,alrm,∅	∅	new	∅	∅	∅	∅	∅	∅	∅	∅	∅	∅	∅	∅	∅	∅	∅	∅	∅	∅	∅,∅	∅	2026	∅	∅	∅	∅	∅	∅	∅	∅	2007	∅	∅	2007	∅	∅	2026	∅	∅	∅	2026,∅	∅	2026	∅	∅	∅	∅	∅	∅	∅	∅	2007	∅	∅	2007	∅	∅	2026	∅	∅	∅	2026
alrm_0016,mctulil,"me ioiviok o bidəttəviok məgəte məndo ba Mətəvut, məgəte ar bətoktok nəmə to Tovue atemengəp nəmə təma Dava vədo. təma tuk laika vədo təkənəmumə, (ba) be vət to molimolita takəkərəbut.",#	me	ioi	=viok	o	b=	idə-ttəv	=viok	məgəte	mən=	do	ba	Mətəvut	məgəte	ar	bə=	toktok	nə-mə	#	to	to-Vue	at-e~mengəp	nə-mə	təm	=a	Dava	və=	do	təm	=a	tuk	laik	=a	və=	do	təkə=	nə-mumə	be	vət	#	to	molimoli	=ta	ta-kə~kərəbut,#	and	water	=PL.CL:FLAT	TOP	ASP=	3N.PST-dry	=PL.CL:FLAT	like	from=	here	in	PN	like	still;also	ASP=	end	LOC-DOWN	#	SUB	ART.M-PN	3SG.M.PST-IMPF~sleep	LOC-DOWN	prep	=PAT	PN	və=	head	prep	=PAT	road	big	=SG.CL:MASC	və=	head	to=	LOC-DOWN.FAR	at	3SG.SEG	#	REL	people	=PL.HUM	3PL.NPST-RED~go_to_jail,"and the creeks were dried, like from here at Mətəvut ends down there where Vue sleeps, down there at the entrance of Dava, the entrance of the big road, (then) to down there at the place where people are jailed",en,MORPHEME_ALIGNED,,alrm_mp3 alrm_wav alrm_eaf alrm_xml alrm_tsv,,150237,168501,##	other	np:dt_s	=rn	other	=other	v:pred	=pro:s_sv	other	=adp	other	adp	pn_np:l	other	other	=other	np:dt	rn	#rc	other	pn_np.h:s	v:pred	dem_other	adp	=ln	ln_pn_np:poss	=ln_pro:poss	np:l	adp	=ln	ln_np:poss	ln	=ln	=ln_pro:poss	np:other	=adp	dem_other	adp	other	#rc	other	np.h:s	=rn	v:pred,,alrm,∅	∅	bridging	∅	∅	∅	∅	∅	∅	∅	∅	∅	new	∅	∅	∅	new	∅	∅	∅	∅	∅	∅	∅	∅	new	∅	bridging	∅	∅	new	∅	∅	∅	∅	∅	∅	∅	∅	∅	∅	new	∅	∅,∅	∅	2027	∅	∅	∅	∅	∅	∅	∅	∅	∅	2028	∅	∅	∅	2029	∅	∅	∅	∅	∅	∅	∅	∅	2030	2030	2031	∅	∅	2032	∅	∅	2030	2031	∅	∅	∅	∅	∅	∅	2033	∅	∅,∅	∅	2027	∅	∅	∅	∅	∅	∅	∅	∅	∅	2028	∅	∅	∅	2029	∅	∅	∅	∅	∅	∅	∅	∅	2030	2030	2031	∅	∅	2032	∅	∅	2030	2031	∅	∅	∅	∅	∅	∅	2033	∅	∅
alrm_0017,mctulil,ioiviok o bidəttə viok o məte toktok nəbət.,#	ioi	=viok	o	b=	idə-ttəv	=viok	#	0	o	məte	toktok	nə-bət,#	water	=PL.CL:FLAT	TOP	ASP=	3N.PST-dry	=PL.CL:FLAT	#	0	TOP	like	end	LOC-PROX2,"The creeks were dried, like ends there.",en,MORPHEME_ALIGNED,,alrm_mp3 alrm_wav alrm_eaf alrm_xml alrm_tsv,,168501,173085,##	np:dt_s	=rn	other	=other	v:pred	=pro:s_sv	#	0:s_sv	other	other	v:pred	dem_other:l,,alrm,∅	∅	∅	∅	∅	∅	∅	∅	∅	∅	∅	∅	∅,∅	2027	∅	∅	∅	∅	2027	∅	2027	∅	∅	∅	2028,∅	2027	∅	∅	∅	∅	2027	∅	2027	∅	∅	∅	2028
alrm_0018,mctulil,"doto dumətomətor nəbət (me--) ba maoka abət, me udu katum konəng o duna molimolita mənəbət to duttela ioi da dutturən me duttela ioi təda tangədə, me duttela ioi da təda nakən.",#	#	0	doto	du-məto~mətor	nə-bət	ba	maok	=a	a-bət	%	me	udu	katum	konəng	o	du-n	=a	molimoli	=ta	mə=	nə-bət	#	0	to	du-t~tel	=a	ioi	#	0	da	du-t~turən	#	0	me	du-t~tel	=a	ioi	təda	tangədə	#	0	me	du-t~tel	=a	ioi	#	da	təda	nakən,#	#	0	when;if	1PL-RED~sit	LOC-PROX2	in	space;time	=SG.CL:MASC	3SG.M-PROX2	%	and	1PL	all;finished	only	TOP	1PL-COM	=PAT	people	=3PL.HUM	from=	LOC-PROX2	#	0	SUB	1PL.PST-RED~search	=PAT	water	#	0	PURP	1PL.PST-shower	#	0	and	1PL.PST-RED~search	=PAT	water	for	cook	#	0	and	1PL.PST-RED~search	=PAT	water	#	PURP	for	drink,"when we were staying [lit. sitting] there during that time, all of us, we and the people from there, we searched for water for us to wash and cook and drink.",en,WORD_ALIGNED,,alrm_mp3 alrm_wav alrm_eaf alrm_xml alrm_tsv,,173085,188674,##	#ac	0.1:s	other	v:pred	dem_other:l	adp	np:other	=rn	rn_dem	%	other	pro.1:s	rn	rn	other	adp	=ln	np.h:pred	=rn	=rn	rn_dem	#	0.1:a	other	v:pred	=ln	np:p	#	0.1:s	other	v:pred	#	0.1:a	other	v:pred	=ln	np:p	adp	np:obl	##	0.1:a	other	v:pred	=ln	np:p	#	other	adp	np:pred,,alrm,∅	∅	bridging	∅	∅	∅	∅	bridging	∅	∅	∅	∅	∅	∅	∅	∅	∅	∅	bridging	∅	∅	∅	∅	∅	∅	∅	∅	∅	∅	∅	∅	∅	∅	∅	∅	∅	∅	∅	∅	new	∅	∅	∅	∅	∅	∅	∅	∅	∅	new,∅	∅	2034	∅	∅	2010	∅	2035	∅	∅	∅	∅	2034	∅	∅	∅	∅	∅	2036	∅	∅	∅	∅	2034	∅	∅	∅	2027	∅	2034	∅	∅	∅	2034	∅	∅	∅	2027	∅	2037	∅	2034	∅	∅	∅	2027	∅	∅	∅	2038,∅	∅	2034	∅	∅	2010	∅	2035	∅	∅	∅	∅	2034	∅	∅	∅	∅	∅	2036	∅	∅	∅	∅	2034	∅	∅	∅	2027	∅	2034	∅	∅	∅	2034	∅	∅	∅	2027	∅	2037	∅	2034	∅	∅	∅	2027	∅	∅	∅	2038
alrm_0019,mctulil,"dummata tuk laik nəmbo me duppi ba ioiviok nəmbo, vətak to bidəttəp da duttəra vət to ioivoi ar itamanəng konəng io dəkatə mat nəbət.",#	0	du-m~mat	=a	tuk	laik	nə-m~bo	#	0	me	du-p~pi	ba	ioi	=viok	nə-m~bo	vətak	#	0	to	b=	idə-t~təp	#	0	da	du-t~tər	=a	vət	#	to	ioi	=voi	ar	it-a~manəng	konəng	#	0	io	də-katə	mat	nəbət,#	0	1PL.PST-RED~get	=PAT	road	big	LOC-RED~UP	#	0	and	1PL.PST-RED~go	in	water	=PL.CL:FLAT	LOC-RED~UP	PL.CL:SEG	#	0	REL	ASP=	3N.PST-RED~dry	#	0	PURP	1PL.PST-RED~meet	=PAT	3SG.SEG	#	REL	water	=voi	still;also	3N.NPST-RED~run	only	#	0	then	1PL.NPST-fetch_water	finish	LOC-PROX2,"We followed the big road going up, and we walked in the creeks up, (walked in) the places where its already dried, for us to find a place where water is still running, so we can fetch water there.",en,WORD_ALIGNED,,alrm_mp3 alrm_wav alrm_eaf alrm_xml alrm_tsv,,188674,197765,##	0.1:a	v:pred	=ln	np:p	rn	dem_other:g	##	0.1:s	other	v:pred	adp	np:l	=rn	dem_other:g	pro:appos	#rc	0:s	other	=other	v:pred	#	0.1:a	other	v:pred	=ln	cl_pro:p	#rc	other	np:s	=rn	other	v:pred	rv	##	0.1:s	other	v:pred	rv	dem_other:l,,alrm,∅	∅	∅	∅	∅	∅	∅	∅	∅	∅	∅	∅	∅	∅	∅	∅	∅	∅	∅	∅	∅	∅	∅	∅	∅	∅	∅	∅	∅	∅	∅	∅	∅	∅	∅	∅	∅	∅	∅	∅,∅	2034	∅	∅	2032	∅	∅	∅	2034	∅	∅	∅	2027	∅	∅	∅	∅	2027	∅	∅	∅	∅	2034	∅	∅	∅	2027	∅	∅	2027	∅	∅	∅	∅	∅	2034	∅	∅	∅	∅,∅	2034	∅	∅	2032	∅	∅	∅	2034	∅	∅	∅	2027	∅	∅	∅	∅	2027	∅	∅	∅	∅	2034	∅	∅	∅	2027	∅	∅	2027	∅	∅	∅	∅	∅	2034	∅	∅	∅	∅
alrm_0020,mctulil,"io nəbo ava dəlliu nəmmə mənu tivən ba ioiviok, me avar mənu tivən ba tuk, nəmumə o avar məngəda aumu o tivən katum konəng.",#	0	io	nə-bo	ava	də-l~liu	nə-m~mə	mənu	tivən	ba	ioi	=viok	me	avar	mənu	tivən	ba	tuk	#	nə-mumə	o	avar	məngəd	=a	a-umu	o	tivən	katum	konəng,#	0	then	LOC-UP	again	1PL.NPST-RED~return	LOC-RED~DOWN	back_of	rock	in	water	=PL.CL:FLAT	and	also	back_of	rock	in	road	#	LOC-DOWN.FAR	TOP	also	home;village	=SG.CL:MASC	3SG.M-IN	TOP	rock	all;finished	only,"Then up there we come back again, (step) on the rocks in the creeks, and again on the rocks on the roads going down, the villages there are full of rocks.",en,MORPHEME_ALIGNED,,alrm_mp3 alrm_wav alrm_eaf alrm_xml alrm_tsv,,197765,206653,##	0.1:s	other	dem_other	other	v:pred	dem_other:g	adp	np:l	rn	rn_np	=rn	rn	rn	rn	rn_np	rn	rn_np	##	dem_other:dt	other	other	np:s	=rn	rn	other	np:pred	rn	rn,,alrm,∅	∅	∅	∅	∅	∅	∅	∅	new	∅	∅	∅	∅	∅	∅	∅	∅	∅	∅	∅	∅	∅	∅	∅	∅	∅	∅	∅	∅,∅	2034	∅	∅	∅	∅	2010	∅	2039	∅	2027	∅	∅	∅	∅	2039	∅	2032	∅	∅	∅	∅	2010	∅	∅	∅	2039	∅	∅,∅	2034	∅	∅	∅	∅	2010	∅	2039	∅	2027	∅	∅	∅	∅	2039	∅	2032	∅	∅	∅	∅	2010	∅	∅	∅	2039	∅	∅
alrm_0021,mctulil,"doto maoka abət to dumətor nanbət me dutton dune, 'tabo, udu o məngəda avi o ngane mərek konəng da ka go vətivon o məngəda avi o lətna turin do bərodəma məngəda avi, tove turin o bə lələtnidə nəpbo mənu bərən.'",#	doto	maok	=a	a-bət	#	0	to	du-mətor	nanbət	#	0	me	du-t~ton	dun-e	#	0	ta-bo	udu	o	məngəd	=a	a-vi	o	ngan-e	#	mərek	konəng	#	da	ka	go	vəti	=von	o	məngəd	=a	a-vi	o	lət	n	=a	turin	do	bərodəm	=a	məngəd	=a	a-vi	#	tove	turin	o	bə	lə~lət	n	=idə	nə-p~bo	mənu	bərən,#	when;if	time;space	=SG.CL:MASC	3SG.M-PROX2	#	0	REL	1PL.PST-sit	like_that	#	0	and	1PL.PST-RED~look	1PL-QUOT	#	0	3PL-UP	1PL	TOP	home;village	=SG.CL:MASC	3SG.M-PROX1	TOP	1SG-QUOT	#	good	only	#	PURP	SUBJ	NSPEC	day	=3SG.DIM	TOP	home;village	=SG.CL:MASC	3SG.M-PROX1	TOP	arrive	APPL	=PAT	fire	here;now	inside	=PAT	home;village	=SG.CL:MASC	3SG.M-PROX1	#	because	fire	TOP	ASP	RED~arrive	APPL	=3N	LOC-RED~UP	back_of	mountain,"When at that time that we stayed there, we saw this we thought,' geez, this village, I think one day fire will appear inside the village', because fire kept coming just up there on top of the mountain.",en,MORPHEME_ALIGNED,,alrm_mp3 alrm_wav alrm_eaf alrm_xml alrm_tsv,,206653,224770,##	other	np:dt	=rn	rn_dem	#rc	0.1:s	other	v:pred	other	#	0.1:s	other	v:pred	other	#ds	0.1:s	nc	pro.1:dt	other	np:dt	=rn	=rn	other	other:pred	#ds_cc	other:pred	other	#ds	other	other	ln	np:dt	=rn	other	np:dt_g	=rn	rn	other	v:pred	rv	=ln	np:s_sv	other	adp	=ln	np:g	=rn	rn	#ds	other	np:dt_s	other	other	v:pred	rv	=pro:s_sv	dem_other	adp	np:g,,alrm,∅	∅	∅	∅	∅	∅	∅	∅	∅	∅	∅	∅	∅	∅	∅	∅	∅	∅	∅	∅	∅	∅	∅	∅	∅	∅	∅	∅	∅	∅	∅	∅	∅	∅	∅	∅	∅	∅	∅	∅	∅	∅	∅	∅	∅	∅	∅	∅	∅	∅	∅	∅	∅	∅	∅	∅	∅	∅	∅	bridging,∅	∅	2035	∅	∅	∅	2006	∅	∅	∅	∅	2006	∅	∅	∅	∅	2006	∅	2006	∅	2010	∅	∅	∅	∅	∅	∅	∅	∅	∅	∅	∅	∅	∅	∅	2010	∅	∅	∅	∅	∅	∅	2025	∅	∅	∅	2010	∅	∅	∅	∅	2025	∅	∅	∅	∅	2025	∅	∅	2040,∅	∅	2035	∅	∅	∅	2006	∅	∅	∅	∅	2006	∅	∅	∅	∅	2006	∅	2006	∅	2010	∅	∅	∅	∅	∅	∅	∅	∅	∅	∅	∅	∅	∅	∅	2010	∅	∅	∅	∅	∅	∅	2025	∅	∅	∅	2010	∅	∅	∅	∅	2025	∅	∅	∅	∅	2025	∅	∅	2040
alrm_0022,mctulil,bidəmmanga kəguing.,#	b=	idə-m~mang	=a	kəguing,#	ASP=	3N.PST-RED~burn	=PAT	grass.sp.,Grass was burnt / dried out.,en,MORPHEME_ALIGNED,,alrm_mp3 alrm_wav alrm_eaf alrm_xml alrm_tsv,,224770,226951,##	=other	v:pred	=rv	np:s_iv,,alrm,∅	∅	∅	∅	new,∅	∅	∅	∅	2041,∅	∅	∅	∅	2041
alrm_0023,mctulil,kəguing o tipur idə to ittuk məgəte kori-- kori mərek da go molimolia da api.,#	kəguing	o	tipur	idə	#	0	to	i-t~tuk	#	0	məgəte	kori	mərek	#	da	go	molimoli	=a	da	a-pi,#	grass.sp.	TOP	bush	3N	#	0	REL	3N.NPST-RED~grow	#	0	like	NEG	good	#	PURP	NSPEC	people	=SG.CL:MASC	PURP	3M.NPST-go,kəguing is the type of grass that like its not good for anyone to walk on.,en,MORPHEME_ALIGNED,,alrm_mp3 alrm_wav alrm_eaf alrm_xml alrm_tsv,,226951,233120,##	np:s	other	np:pred	pro:appos	#rc	0:s	other	v:pred	#neg	0:s	other	other	other:pred	#cc	adp	ln	np.h:s	=rn	other	v:pred,,alrm,∅	∅	∅	∅	∅	∅	∅	∅	∅	∅	∅	∅	∅	∅	∅	∅	∅	∅	∅	∅	∅,∅	2041	∅	∅	∅	∅	2041	∅	∅	∅	2041	∅	∅	∅	∅	∅	∅	∅	∅	∅	∅,∅	2041	∅	∅	∅	∅	2041	∅	∅	∅	2041	∅	∅	∅	∅	∅	∅	∅	∅	∅	∅
alrm_0024,mctulil,me ubət o idəmmang idə.,#	me	u-bət	o	idə-m~mang	idə,#	and	3N-PROX2	TOP	3N-RED~burn	3N,and these were also burnt.,en,MORPHEME_ALIGNED,,alrm_mp3 alrm_wav alrm_eaf alrm_xml alrm_tsv,,233120,235123,##	other	dem_pro:dt_s	other	v:pred	pro:s_iv,,alrm,∅	∅	∅	∅	∅	∅,∅	∅	2041	∅	∅	2041,∅	∅	2041	∅	∅	2041
alrm_0025,mctulil,"me balut, tul ubət o mən davə. o ubət o bidətturən o bənəmumə be ioiviok bəro.",#	me	balut	tul	u-bət	o	mən=	davə	#	o	u-bət	o	#	0	b=	idə-t~turən	%	0	o	bə=	nə-mumə	be	ioi	=viok	bəro,#	and	bird.sp.	bird	3N-PROX2	TOP	from=	up	#	TOP	3N-PROX2	TOP	#	0	ASP=	3N.PST-RED~wash	%	0	TOP	ASP=	LOC-DOWN.FAR	at	water	=PL.CL:FLAT	at_creek,"and the pigeon, these birds that are from up there, they were washing themselves down there in the creeks.",en,MORPHEME_ALIGNED,,alrm_mp3 alrm_wav alrm_eaf alrm_xml alrm_tsv,,235123,245590,##	other	np:s	np:appos	rn	other	=adp	other:pred	##	other	dem_pro:dt_s	other	#	0:s	=other	v:pred	%	0:s	other	=other	dem_other:pred	adp	np:l	=rn	rn,,alrm,∅	∅	new	∅	∅	∅	∅	∅	∅	∅	∅	∅	∅	∅	∅	∅	∅	∅	∅	∅	∅	∅	∅	∅	∅,∅	∅	2042	2042	∅	∅	∅	∅	∅	∅	2042	∅	∅	2042	∅	∅	∅	2042	∅	∅	∅	∅	2027	∅	∅,∅	∅	2042	2042	∅	∅	∅	∅	∅	∅	2042	∅	∅	2042	∅	∅	∅	2042	∅	∅	∅	∅	2027	∅	∅
alrm_0026,mctulil,idəmmənəvən mənəmbo da bidətturən nəmu bəro ba ioi.,#	0	idə-m~mənəvən	mə=	nə-m~bo	#	0	da	b=	idə-t~turən	nə-mu	bəro	ba	ioi,#	0	3N.PST-RED~fall	from=	LOC-RED~UP	#	0	PURP	ASP=	3N.PST-RED~wash	LOC-IN	at_creek	in	water,"They fell from up there, for them to wash themselves in the creek in the water.",en,MORPHEME_ALIGNED,,alrm_mp3 alrm_wav alrm_eaf alrm_xml alrm_tsv,,245590,250198,##	0:s	v:pred	=adp	dem_other:l	#	0:s	other	=other	v:pred	dem_other	other:l	rn	rn_np,,alrm,∅	∅	∅	∅	∅	∅	∅	∅	∅	∅	∅	∅	∅	∅,∅	2042	∅	∅	∅	∅	2042	∅	∅	∅	∅	∅	∅	2027,∅	2042	∅	∅	∅	∅	2042	∅	∅	∅	∅	∅	∅	2027
alrm_0027,mctulil,"me tul o avar bidətturən nəmu bəro ba ioi, to lovakəti to vənua ba maoka abət o laik moli.",#	0	me	tul	o	avar	b=	idə-t~turən	nə-mu	bəro	ba	ioi	#	to	lovakəti	to	vənu	=a	ba	maok	=a	a-bət	o	laik	moli,#	0	and	bird	TOP	also	ASP=	3N.PST-RED~wash	LOC-IN	at_creek	in	water	#	SUB	hot	belong.to	sun	=SG.CL:MASC	in	space;time	=SG.CL:MASC	3SG.M-PROX2	TOP	big	real,"and birds were also wash themselves in the creek in water, because the heat of sun during that time is really strong.",en,MORPHEME_ALIGNED,,alrm_mp3 alrm_wav alrm_eaf alrm_xml alrm_tsv,,250198,257346,##	0:s	other	np:dt_s	other	other	=other	v:pred	dem_other	other:l	rn	rn_np	#	other	np:s	rn	rn_np	=rn	adp	np:other	=rn	rn_dem	other	other:pred	rv,,alrm,∅	∅	∅	∅	∅	∅	∅	∅	∅	∅	∅	∅	∅	∅	bridging	∅	∅	∅	∅	∅	∅	∅	∅	∅	∅,∅	2042	∅	2042	∅	∅	∅	∅	∅	∅	∅	2027	∅	∅	2043	∅	2018	∅	∅	∅	∅	∅	∅	∅	∅,∅	2042	∅	2042	∅	∅	∅	∅	∅	∅	∅	2027	∅	∅	2043	∅	2018	∅	∅	∅	∅	∅	∅	∅	∅
alrm_0028,mctulil,"be vəti təgəvon o nga məlna Fidelis Vəninar vəngar tuk ngang, ate, 'ngali, do vənua avi o vatər tədor.'",#	be	vəti	təgə	=von	o	nga	məln	=a	Fidelis	Vəninar	v-əngar	tuk	ngang	at-e	#	0	ngali	do	vənu	=a	a-vi	o	v-atər	tədor,#	at	day	one	=3SG.DIM	TOP	1SG.POSS	brother.in.law	=SG.CL:MASC	Fidelis	Vəninar	3SG.M.PST-say	give	1SG	3SG.M-QUOT	#	0	in-law	here;now	sun	=SG.CL:MASC	3SG.M-PROX1	TOP	3SG.M.PST-stand	strong,"one day, my in-law Fidelis Vəninar said to me, ""Inlaw, now this sun stayed strong (is not going away).""",en,WORD_ALIGNED,,alrm_mp3 alrm_wav alrm_eaf alrm_xml alrm_tsv,,257346,269467,##	adp	np:dt	rn	=rn	other	ln_pro.1:poss	np.h:a	=rn	pn_np:appos	rn	v:pred	rv	pro.1:p	other	#ds	0:s	np.h:voc	other	np:dt_s	=rn	rn	other	v:pred	rv,,alrm,∅	∅	∅	∅	∅	∅	∅	new	∅	∅	∅	∅	∅	∅	∅	∅	∅	∅	∅	∅	∅	∅	∅	∅	∅,∅	∅	∅	∅	∅	∅	2001	2003	∅	∅	∅	∅	∅	2001	∅	∅	2018	2001	∅	2018	∅	∅	∅	∅	∅,∅	∅	∅	∅	∅	∅	2001	2003	∅	∅	∅	∅	∅	2001	∅	∅	2018	2001	∅	2018	∅	∅	∅	∅	∅
alrm_0029,mctulil,'me ngang o ngattən da məna ngu-- ngukəbənəta go tərea.',#	0	me	ngang	o	nga-t~tən	#	0	da	məna	ngu-kəbənət	=a	go	təre	=a,#	0	and	1SG	TOP	1SG.NPST-RED~think	#	0	PURP	wait	1DL.NPST-make	=PAT	NSPEC	thing	=SG.CL:MASC,"""and I'm thinking that let's make some thing.""",en,MORPHEME_ALIGNED,,alrm_mp3 alrm_wav alrm_eaf alrm_xml alrm_tsv,,269467,278566,##ds	0.1:s	other	pro.1:dt_s	other	v:pred	#cc	0.1:a	other	other	v:pred	=ln	ln	np:p	=rn,,alrm,∅	∅	∅	∅	∅	∅	∅	∅	∅	∅	∅	∅	∅	new	∅,∅	2003	∅	2003	∅	∅	∅	2006	∅	∅	∅	∅	∅	2046	∅,∅	2003	∅	2003	∅	∅	∅	2006	∅	∅	∅	∅	∅	2046	∅
alrm_0030,mctulil,"io ngang ngətira ngane, 'gəri idə? gu tərea abət to ngiməngar bema?'",#	io	ngang	ngə-tir	=a	ngan-e	#	gəri	idə	#	gu	təre	=a	a-bət	#	0	to	ngi-məngar	bem	=a,#	then	1SG	1SG.PST-ask	=3SG.M.PAT	1SG-QUOT	#	what	3N	#	which	thing	=SG.CL:MASC	3SG.M-PROX2	#	0	REL	2SG.NPST-say	at	=3SG.M.PAT,"Then I asked him, ""What is it? What thing are you talking about?""",en,MORPHEME_ALIGNED,,alrm_mp3 alrm_wav alrm_eaf alrm_xml alrm_tsv,,278566,284165,##	other	pro.1:a	v:pred	=pro.h:p	other	#ds	other:pred	pro:s	##ds	other:pred	np:s	=rn	rn	#ds_rc	0.2:s	other	v:pred	adp	=pro.h:obl,,alrm,∅	∅	∅	∅	∅	∅	∅	∅	∅	∅	∅	∅	∅	∅	∅	∅	∅	∅	∅	∅,∅	∅	2001	∅	2003	∅	∅	∅	2046	∅	∅	2046	∅	∅	∅	2003	∅	∅	∅	2046,∅	∅	2001	∅	2003	∅	∅	∅	2046	∅	∅	2046	∅	∅	∅	2003	∅	∅	∅	2046
alrm_0031,mctulil,"io vəngar tuk ngang ate, ava məna ngular ko be vənua avi to ngukəbənəta go kəvənave da məna kəvənave etnəvən konəng.'",#	0	io	v-əngar	tuk	ngang	at-e	#	0	ava	məna	ngu-lar	ko	be	vənu	=a	a-vi	#	0	to	ngu-kəbənət	=a	go	kəvənav	=e	#	da	məna	kəvənave	=e	et-nəvən	konəng,#	0	then	3SG.M.PST-say	give	1SG	3SG.M-QUOT	#	0	again	wait	1DL.NPST-try	only	at	sun	=SG.CL:MASC	3SG.M-PROX1	#	0	to	1DL.NPST-make	=PAT	NSPEC	rain	=SG.CL:FEM	#	PURP	wait	rain	=SG.CL:FEM	3SG.F.NPST-fall	only,"Then he said to me, said, let's just try at this sun, we make some rain so the rain will fall.",en,MORPHEME_ALIGNED,,alrm_mp3 alrm_wav alrm_eaf alrm_xml alrm_tsv,,284165,292369,##	0.h:a	other	v:pred	rv	pro.1:p	other	#ds	0.1:s	other	other	v:pred	rv	adp	np:obl	=rn	rn	#ds	0.1:a	other	v:pred	=ln	ln	np:p	=rn	#ds	other	other	np:s	=rn	v:pred	rv,,alrm,∅	∅	∅	∅	∅	∅	∅	∅	∅	∅	∅	∅	∅	∅	∅	∅	∅	∅	∅	∅	∅	∅	∅	∅	∅	∅	∅	∅	∅	∅	∅	∅,∅	2003	∅	∅	∅	2001	∅	∅	2006	∅	∅	∅	∅	∅	2025	∅	∅	∅	2006	∅	∅	∅	∅	2002	∅	∅	∅	∅	2002	∅	∅	∅,∅	2003	∅	∅	∅	2001	∅	∅	2006	∅	∅	∅	∅	∅	2025	∅	∅	∅	2006	∅	∅	∅	∅	2002	∅	∅	∅	∅	2002	∅	∅	∅
alrm_0032,mctulil,'da epata tərevənik.',#	0	da	e-pat	=a	təre	=vənik,#	0	PURP	3SG.F.NPST-wash	=PAT	thing	=PL.CL:DIM,For it (the rain) to wash/wet the things.,en,MORPHEME_ALIGNED,,alrm_mp3 alrm_wav alrm_eaf alrm_xml alrm_tsv,,292369,295227,##ds	0:a	other	v:pred	=ln	np:p	=rn,,alrm,∅	∅	∅	∅	∅	∅	∅,∅	2002	∅	∅	∅	2019	∅,∅	2002	∅	∅	∅	2019	∅
alrm_0033,mctulil,io ngang avar kori ngəvul avar ngəbitəmut konəng bətma.,#	io	ngang	avar	kori	ngə-vul	#	0	avar	ngə-bitəmut	konəng	bətm	=a,#	then	1SG	also	NEG	1SG.PST-refuse	#	0	also	1SG.PST-believe	only	with	=3SG.M.PAT,"Then I also didn't refuse, I just believed in him.",en,MORPHEME_ALIGNED,,alrm_mp3 alrm_wav alrm_eaf alrm_xml alrm_tsv,,295227,299634,##neg	other	pro.1:s	other	other	v:pred	##	0.1:s	other	v:pred	rv	adp	=pro.h:obl,,alrm,∅	∅	∅	∅	∅	∅	∅	∅	∅	∅	∅	∅	∅,∅	∅	2001	∅	∅	∅	∅	2001	∅	∅	∅	∅	2003,∅	∅	2001	∅	∅	∅	∅	2001	∅	∅	∅	∅	2003
alrm_0034,mctulil,"ngane, 'io ne udu?'",#	0	ngan-e	io	ne	udu,#	0	1SG-QUOT	then	what_about	1PL,"I said, 'let's go?'",en,MORPHEME_ALIGNED,,alrm_mp3 alrm_wav alrm_eaf alrm_xml alrm_tsv,,299634,303442,##	0.1:s	other:pred	nc	nc	nc_pro.1,,alrm,∅	∅	∅	∅	∅	∅,∅	2001	∅	∅	∅	2006,∅	2001	∅	∅	∅	2006
alrm_0035,mctulil,"io vəngar tuk ngang ate, do ngikərtang məndo, nginat mata nanga avi me vətak be nangə idə itən, me kori ngatak bem.",#	0	io	v-əngar	tuk	ngang	at-e	#	0	do	ngi-kər	tang	mən=	do	#	0	ngin-at	mat	=a	nang	=a	a-vi	#	0	me	və-tak	be	nangə	idə	itən	#	0	0	me	kori	nga-tak	bem,#	0	then	3SG.M.PST-say	give	1SG	3SG.M-QUOT	#	0	here;now	2SG.NPST-get_up	REFL	from=	here;now	#	0	2SG.NPST-get	get	=PAT	tree	=SG.CL:MASC	3SG.M-PROX1	#	0	and	3SG.M.PST-call	at	tree	3N	name	#	0	0	and	NEG	1SG.NPST-call	at,"Then he said to me, ""Now you set off from here, you get this herb"", and he called the names of the herbs, and I'm not going to call (these names).",en,MORPHEME_ALIGNED,,alrm_mp3 alrm_wav alrm_eaf alrm_xml alrm_tsv,,303442,317620,##	0.h:a	other	v:pred	rv	pro.1:p	other	#ds	0.2:a	other	v:pred	refl.h:p	=adp	other:l	##ds	0.2:a	v:pred	rv	=ln	np:p	=rn	rn	##	0.h:a	other	v:pred	rv	ln_np:poss	ln_pro:poss	np:p	##neg	0.1:a	0:p	other	other	v:pred	rv,,alrm,∅	∅	∅	∅	∅	∅	∅	∅	∅	∅	∅	∅	∅	∅	∅	∅	∅	∅	∅	new	∅	∅	∅	∅	∅	∅	∅	∅	∅	bridging	∅	∅	∅	∅	∅	∅	∅,∅	2003	∅	∅	∅	2001	∅	∅	2001	∅	∅	2001	∅	2010	∅	2001	∅	∅	∅	2047	∅	∅	∅	2003	∅	∅	∅	2047	∅	2048	∅	2001	2048	∅	∅	∅	∅,∅	2003	∅	∅	∅	2001	∅	∅	2001	∅	∅	2001	∅	2010	∅	2001	∅	∅	∅	2047	∅	∅	∅	2003	∅	∅	∅	2047	∅	2048	∅	2001	2048	∅	∅	∅	∅
alrm_0036,mctulil,"vətak be nanga avi, me avi, me avi, me avi, me avi, me avi.",#	0	və-tak	be	nang	=a	a-vi	#	me	a-vi	me	a-vi	me	a-vi	me	a-vi	me	a-vi,#	0	3SG.M.PST-call	at	tree	=SG.CL:MASC	3SG.M-PROX1	#	and	3SG.M-PROX1	and	3SG.M-PROX1	and	3SG.M-PROX1	and	3SG.M-PROX1	and	3SG.M-PROX1,"He called the names of the herb, and this, and this, and this, and this.",en,MORPHEME_ALIGNED,,alrm_mp3 alrm_wav alrm_eaf alrm_xml alrm_tsv,,317620,328180,##	0.h:a	v:pred	rv	np:p	=rn	rn	#nc	nc	nc	nc	nc	nc	nc	nc	nc	nc	nc,,alrm,∅	∅	∅	∅	∅	∅	∅	∅	∅	∅	∅	∅	∅	∅	∅	∅	∅	∅,∅	2003	∅	∅	2047	∅	∅	∅	∅	∅	∅	∅	∅	∅	∅	∅	∅	∅,∅	2003	∅	∅	2047	∅	∅	∅	∅	∅	∅	∅	∅	∅	∅	∅	∅	∅
alrm_0037,mctulil,"'nginat katum konəng mat idə me ngang o ngəmətor konəng,' tove iap o tukəre be vəkatə.",#	0	ngin-at	katum	konəng	mat	idə	#	0	me	ngang	o	ngə-mətor	konəng	#	tove	iap	o	tukər	=e	be	və=	katə,#	0	2SG.NPST-get	all;finished	only	get	3N	#	0	and	1SG	TOP	1SG.PST-sit	only	#	because	3SG.M	TOP	wound	=SG.CL:FEM	at	3SG.M.POSS.INAL=	feet,"""You just get these, and I'm just sitting."" because he has wound on his leg.",en,MORPHEME_ALIGNED,,alrm_mp3 alrm_wav alrm_eaf alrm_xml alrm_tsv,,328180,332914,##ds	0.2:a	v:pred	rv	rv	rv	pro:p	##ds	0.1:s	other	pro.1:dt_s	other	v:pred	rv	##	other	pro.h:dt_poss	other	np:predex	=rn	adp	=ln_pro.h:poss	np:l,,alrm,∅	∅	∅	∅	∅	∅	∅	∅	∅	∅	∅	∅	∅	∅	∅	∅	∅	∅	new	∅	∅	∅	bridging,∅	2001	∅	∅	∅	∅	2048	∅	2003	∅	2003	∅	∅	∅	∅	∅	2003	∅	2049	∅	∅	2003	2050,∅	2001	∅	∅	∅	∅	2048	∅	2003	∅	2003	∅	∅	∅	∅	∅	2003	∅	2049	∅	∅	2003	2050
alrm_0038,mctulil,"io, mata ngang o avar ngəmatme da vətbət to iap vəngar.",#	0	io	mata	ngang	o	avar	ngə-matme	da	vət-bət	#	0	to	iap	v-əngar,#	0	then	until	1SG	TOP	also	1SG.PST-work	on	3SG.SEG-PROX2	#	0	REL	3SG.M	3SG.M.PST-say,"Then, later I worked on this thing that he said.",en,MORPHEME_ALIGNED,,alrm_mp3 alrm_wav alrm_eaf alrm_xml alrm_tsv,,332914,340718,##	0.1:a	other	other	pro.1:dt_a	other	other	v:pred	rv	dem_pro:p	#rc	0:p	other	pro.h:a	v:pred,,alrm,∅	∅	∅	∅	∅	∅	∅	∅	∅	∅	∅	∅	∅	∅	∅,∅	2001	∅	∅	2001	∅	∅	∅	∅	2046	∅	2046	∅	2003	∅,∅	2001	∅	∅	2001	∅	∅	∅	∅	2046	∅	2046	∅	2003	∅
alrm_0039,mctulil,"ngəmənan bətma, ngəppi, nəmbo, ngəmat mata nangə ubət.",#	0	ngə-mənan	bətm	=a	#	0	ngə-p~pi	nə-m~bo	#	0	ngəmat	mat	=a	nangə	u-bət,#	0	1SG.PST-listen	with	=3SG.M.PAT	#	0	1SG.PST-RED~go	LOC-RED~UP	#	0	1SG.PST-get	get	=PAT	tree	3N-PROX2,"I listened to him, I went up, I got those herbs.",en,WORD_ALIGNED,,alrm_mp3 alrm_wav alrm_eaf alrm_xml alrm_tsv,,340718,346634,##	0.1:s	v:pred	adp	=pro.h:obl	##	0.1:s	v:pred	other:g	##	0.1:a	v:pred	rv	=ln	np:p	rn,,alrm,∅	∅	∅	∅	∅	∅	∅	∅	∅	∅	∅	∅	∅	∅	∅	∅,∅	2001	∅	∅	2003	∅	2001	∅	∅	∅	2001	∅	∅	∅	2047	∅,∅	2001	∅	∅	2003	∅	2001	∅	∅	∅	2001	∅	∅	∅	2047	∅
alrm_0040,mctulil,ngəmat mat idə.,#	0	ngə-mat	mat	idə,#	0	1SG.PST-get	get	3N,I got them.,en,MORPHEME_ALIGNED,,alrm_mp3 alrm_wav alrm_eaf alrm_xml alrm_tsv,,346634,349435,##	0.1:a	v:pred	rv	pro:p,,alrm,∅	∅	∅	∅	∅,∅	2001	∅	∅	2047,∅	2001	∅	∅	2047
alrm_0041,mctulil,"io, təkənəmə, ngətərut təvi konəng nidə, me lətnə ngang nəmumə ba məngəda.",#	0	io	təkə=	nə-mə	ngə-tərut	təvi	konəng	n	=idə	#	me	lət	nə	ngang	nə-mumə	ba	məngəd	=a,#	0	then	to=	LOC-DOWN	1SG.PST-hide	along	only	APPL	=3N	#	and	arrive	APPL	1SG	LOC-DOWN.FAR	in	home;village	=SG.CL:MASC,"Then, to down there, I hid them along the way, and I arrived down there at home.",en,MORPHEME_ALIGNED,,alrm_mp3 alrm_wav alrm_eaf alrm_xml alrm_tsv,,349435,358027,##	0.1:a	other	=adp	dem_other:dt	v:pred	rv	rv	rv	=pro:p	##	other	v:pred	rv	pro.1:s_sv	dem_other	adp	np:g	=rn,,alrm,∅	∅	∅	∅	∅	∅	∅	∅	∅	∅	∅	∅	∅	∅	∅	∅	∅	∅	∅,∅	2001	∅	∅	∅	∅	∅	∅	∅	2047	∅	∅	∅	∅	2001	∅	∅	2010	∅,∅	2001	∅	∅	∅	∅	∅	∅	∅	2047	∅	∅	∅	∅	2001	∅	∅	2010	∅
alrm_0042,mctulil,"lətnə ngang nəmumə, vətir ngang ate, go tərea avə o bə nagapon?",#	lət	nə	ngang	nə-mumə	#	0	və-tir	ngang	at-e	#	go	təre	=a	a-və	o	bə	nagapon,#	arrive	APPL	1SG	LOC-DOWN.FAR	#	0	3SG.M.PST-ask	1SG	3SG.M-QUOT	#	NSPEC	thing	=SG.CL:MASC	3SG.M-NSPEC	TOP	ASP	how,"I arrived down there, he asked me, said, ""about that thing, how is it?""",en,MORPHEME_ALIGNED,,alrm_mp3 alrm_wav alrm_eaf alrm_xml alrm_tsv,,358027,364452,##	v:pred	rv	pro.1:s_sv	dem_other:g	##	0.h:a	v:pred	pro.1:p	other	##ds	ln	np:s	=rn	rn	other	other	other:pred,,alrm,∅	∅	∅	∅	∅	∅	∅	∅	∅	∅	∅	∅	∅	∅	∅	∅	∅	∅,∅	∅	∅	2001	∅	∅	2003	∅	2001	∅	∅	∅	2047	∅	∅	∅	∅	∅,∅	∅	∅	2001	∅	∅	2003	∅	2001	∅	∅	∅	2047	∅	∅	∅	∅	∅
alrm_0043,mctulil,"ngane, bənəvibo, to bənga-- bəngətərut təvat.",#	0	ngan-e	#	0	bə=	nə-vibo	#	0	0	to	bə=	ngə-tərut	təvat,#	0	1SG-QUOT	#	0	ASP=	LOC-NEAR.UP	#	0	0	SUB	ASP=	1SG.PST-hide	release,"I said, ""It's already up there, I already hid it.""",en,MORPHEME_ALIGNED,,alrm_mp3 alrm_wav alrm_eaf alrm_xml alrm_tsv,,364452,369109,##	0.1:s	other:pred	#ds	0.1:s	=other	dem_other:pred_l	#	0.1:a	0:p	other	=other	v:pred	rv,,alrm,∅	∅	∅	∅	∅	∅	∅	∅	∅	∅	∅	∅	∅	∅,∅	2001	∅	∅	2001	∅	∅	∅	2001	2047	∅	∅	∅	∅,∅	2001	∅	∅	2001	∅	∅	∅	2001	2047	∅	∅	∅	∅
alrm_0044,mctulil,"ate, io bər ngun.",#	0	at-e	#	io	bər	ngun,#	0	3SG.M-QUOT	#	then	set_off	1DL,"He said, ""Then let's go.""",en,MORPHEME_ALIGNED,,alrm_mp3 alrm_wav alrm_eaf alrm_xml alrm_tsv,,369109,372163,##	0.h:s	other:pred	#ds	other	v:pred	pro.1:s_sv,,alrm,∅	∅	∅	∅	∅	∅	∅,∅	2003	∅	∅	∅	∅	2006,∅	2003	∅	∅	∅	∅	2006
alrm_0045,mctulil,"ngang nga tangədi konəng, təkənəpbo konəng.",#	ngang	nga-tangədi	konəng	təkə=	nə-p~bo	konəng,#	1SG	1SG.NPST-hobble	only	to=	LOC-RED~UP	only,"I just hobble, just to up there (close).",en,MORPHEME_ALIGNED,,alrm_mp3 alrm_wav alrm_eaf alrm_xml alrm_tsv,,372163,376090,##ds	pro.1:s	v:pred	other	=adp	dem_other:g	other,,alrm,∅	∅	∅	∅	∅	∅	∅,∅	2001	∅	∅	∅	∅	∅,∅	2001	∅	∅	∅	∅	∅
alrm_0046,mctulil,"io, vəppi təkənəbo, o vətor gəvənma ngari laika",#	#	0	io	və-p~pi	təkə=	nə-bo	%	o	0	v-ətor	gəvənm	=a	ngari	laik	=a,#	#	0	then	3SG.M.PST-RED~walk;NSPEC	to=	LOC-UP	%	TOP	0	3SG.M.PST-sit	under	=PAT	peanut	big	=SG.CL:MASC,"Then he went to up there, he sat under the big peanut tree.",en,MORPHEME_ALIGNED,,alrm_mp3 alrm_wav alrm_eaf alrm_xml alrm_tsv,,376090,385090,##	#	0.h:s	other	v:pred	=adp	dem_other:g	%	other	0.h:s	v:pred	adp	=ln	np:l	rn	=rn,,alrm,∅	∅	∅	∅	∅	∅	∅	∅	∅	∅	∅	∅	∅	new	∅	∅,∅	∅	2003	∅	∅	∅	∅	∅	∅	2003	∅	∅	∅	2051	∅	∅,∅	∅	2003	∅	∅	∅	∅	∅	∅	2003	∅	∅	∅	2051	∅	∅
alrm_0047,mctulil,"me vəngar ate, ngikutəng mata go rovənəm.",#	0	me	v-əngar	at-e	#	0	ngi-kutəng	mat	=a	go	ro	=vənəm,#	0	and	3SG.M.PST-say	3SG.M-QUOT	#	0	2SG.NPST-cut	get	=PAT	NSPEC	bamboo	=SG.CL:SHORT,"and he said, ""you cut a bamboo cutting.""",en,MORPHEME_ALIGNED,,alrm_mp3 alrm_wav alrm_eaf alrm_xml alrm_tsv,,385090,387509,##	0.h:s_ds	other	v:pred	other	##ds	0.2:a	v:pred	rv	=ln	ln	np:p	=rn,,alrm,∅	∅	∅	∅	∅	∅	∅	∅	∅	∅	∅	new	∅,∅	2003	∅	∅	∅	∅	2001	∅	∅	∅	∅	2052	∅,∅	2003	∅	∅	∅	∅	2001	∅	∅	∅	∅	2052	∅
alrm_0048,mctulil,"vənor mənə ngang, ngəppi təbe rovətə, ngəkutəng mata rovənəm.",#	0	və-nor	mənə	ngang	#	0	ngə-p~pi	tə=	be	ro	=vətak	#	0	ngə-kutəng	mat	=a	ro	=vənəm,#	0	3SG.M.PST-send	off	1SG	#	0	1SG.PST-RED~go	to=	at	bamboo	=PL.CL:SEG	#	0	1SG.PST-cut	get	=PAT	bamboo	=SG.CL:SHORT,"He sent me off, I went to the bamboo field, I cut and got a bamboo cutting.",en,MORPHEME_ALIGNED,,alrm_mp3 alrm_wav alrm_eaf alrm_xml alrm_tsv,,387509,391245,##	0.h:a	v:pred	rv	pro.1:p	##	0.1:s	v:pred	=adp	adp	np:g	=rn	##	0.1:a	v:pred	rv	=ln	np:p	=rn,,alrm,∅	∅	∅	∅	∅	∅	∅	∅	∅	∅	∅	∅	∅	∅	∅	∅	∅	∅	∅,∅	2003	∅	∅	2001	∅	2001	∅	∅	∅	2052	∅	∅	2001	∅	∅	∅	2052	∅,∅	2003	∅	∅	2001	∅	2001	∅	∅	∅	2052	∅	∅	2001	∅	∅	∅	2052	∅
alrm_0049,mctulil,io mata bəngəliu təpma rovənəm nandi io bəngunukəbənət idə.,#	0	io	mata	bə=	ngə-liu	təpm	=a	ro	=vənəm	nandi	#	0	io	bə=	ngunu-kəbənət	idə,#	0	then	until	ASP=	1SG.PST-return	with	=PAT	bamboo	=SG.CL:SHORT	like_this	#	0	then	ASP=	1DL.PST-make	3N,"Then later I returned with the bamboo cutting like this, then we made the thing.",en,MORPHEME_ALIGNED,,alrm_mp3 alrm_wav alrm_eaf alrm_xml alrm_tsv,,391245,398510,##	0.1:s	other	other	=other	v:pred	adp	=ln	np:obl	=rn	other	#	0.1:a	other	=other	v:pred	pro:p,,alrm,∅	∅	∅	∅	∅	∅	∅	∅	∅	∅	∅	∅	∅	∅	∅	∅	∅,∅	2001	∅	∅	∅	∅	∅	∅	2052	∅	∅	∅	2001	∅	∅	∅	2047,∅	2001	∅	∅	∅	∅	∅	∅	2052	∅	∅	∅	2001	∅	∅	∅	2047
alrm_0050,mctulil,ngunukəbənət idə io bəngunumu idə nəmu ba rovənəm.,#	0	ngunu-kəbənət	idə	#	0	io	bə=	ngunu-mu	idə	nə-mu	ba	ro	=vənəm,#	0	1DL.PST-make	3N	#	0	then	ASP=	1DL.PST-put	3N	LOC-IN	in	bamboo	=SG.CL:SHORT,We made it then we put it in the bamboo cutting.,en,MORPHEME_ALIGNED,,alrm_mp3 alrm_wav alrm_eaf alrm_xml alrm_tsv,,398510,403570,##	0.1:a	v:pred	pro:p	#	0.1:a	other	=other	v:pred	pro:p	dem_other	adp	np:g	=rn,,alrm,∅	∅	∅	∅	∅	∅	∅	∅	∅	∅	∅	∅	∅	∅,∅	2006	∅	2047	∅	2006	∅	∅	∅	2047	∅	∅	2052	∅,∅	2006	∅	2047	∅	2006	∅	∅	∅	2047	∅	∅	2052	∅
alrm_0051,mctulil,"io, vənor mənə ngang ngana Langer, David Langer.",#	0	io	və-nor	mənə	ngang	nga-n	=a	Langer	David	Langer,#	0	then	3SG.M.PST-send	off	1SG	1SG-COM	=PAT	Langer	David	Langer,"Then he sent me off, me and Langer, David Langer.",en,MORPHEME_ALIGNED,,alrm_mp3 alrm_wav alrm_eaf alrm_xml alrm_tsv,,403570,410931,##	0.h:a	other	v:pred	rv	pro.1:p	ln_pro.1:poss	=ln	pn_np.h:obl	rn	rn,,alrm,∅	∅	∅	∅	∅	∅	∅	∅	new	∅	∅,∅	2003	∅	∅	∅	2001	2001	∅	2053	∅	∅,∅	2003	∅	∅	∅	2001	2001	∅	2053	∅	∅
alrm_0052,mctulil,"ate, do ikərtang məndo, itata ioivoi nandi nəmbo nəmbo nəmbo nəmbo, me ikəkədəp təvi ba ioivoi vədəma nanga to va itəne akidəkidam.",#	0	at-e	#	0	do	i-kər	tang	mən=	do	#	0	it-at	=a	ioi	=voi	nandi	nə-m~bo	nə-m~bo	nə-m~bo	nə-m~bo	#	0	me	ik-ə~kədəp	təvi	ba	ioi	=voi	vədəm	=a	nang	=a	#	to	va	itən	=e	a-kidəkidam,#	0	3SG.M-QUOT	#	0	here;now	2DL.NPST-arise	REFL	from=	here;now	#	0	2DL.NPST-get	=PAT	water	=voi	like_this	LOC-RED~UP	LOC-RED~UP	LOC-RED~UP	LOC-RED~UP	#	0	and	2DL.NPST-RED~search	along	in	water	=voi	for	=PAT	tree	=SG.CL:MASC	#	REL	3SG.M.POSS	name	=SG.CL:FEM	ART-plant.sp.,"He said, now you two set off from here, you follow the river like this, going up and up, and you search along the way in the river, for this herb whose name is akidəkidam.",en,MORPHEME_ALIGNED,,alrm_mp3 alrm_wav alrm_eaf alrm_xml alrm_tsv,,410931,422007,##	0.h:s_ds	other:pred	#ds	0.2:a	other	v:pred	refl.h:p	=adp	other:l	#ds	0.2:a	v:pred	=ln	np:p	=rn	other	dem_other:g	nc	nc	nc	##ds	0.2:s	other	v:pred	rv	adp	np:l	=rn	adp	=ln	np:obl	=rn	#rc	other	ln_pro.h:poss	np:s	=rn	np:pred,,alrm,∅	∅	∅	∅	bridging	∅	∅	∅	∅	∅	∅	∅	∅	∅	∅	∅	∅	∅	∅	∅	∅	∅	∅	∅	∅	∅	∅	∅	∅	∅	∅	new	∅	∅	∅	∅	bridging	∅	∅,∅	2003	∅	∅	2054	∅	∅	2054	∅	∅	∅	2054	∅	∅	2027	∅	∅	∅	∅	∅	∅	∅	2054	∅	∅	∅	∅	2027	∅	∅	∅	2055	∅	∅	∅	2055	2056	∅	∅,∅	2003	∅	∅	2054	∅	∅	2054	∅	∅	∅	2054	∅	∅	2027	∅	∅	∅	∅	∅	∅	∅	2054	∅	∅	∅	∅	2027	∅	∅	∅	2055	∅	∅	∅	2055	2056	∅	∅
alrm_0053,mctulil,go tərea avi to va itəne akidəkidam avi attuk məgəte apurpur.,#	go	təre	=a	a-vi	#	to	va	itən	=e	a-kidəkidam	%	a-vi	a-t~tuk	məgəte	a-purpur,#	NSPEC	thing	=SG.CL:MASC	3SG.M-PROX1	#	REL	3SG.M.POSS	name	=SG.CL:FEM	ART-plant.sp.	%	3SG.M-PROX1	3SG.M.NPST-RED~grow	like	ART-flower,"This thing whose name is akidəkidam, it grows like flower.",en,MORPHEME_ALIGNED,,alrm_mp3 alrm_wav alrm_eaf alrm_xml alrm_tsv,,422007,433553,##ds	ln	np:dt_s	=rn	rn	#rc	other	ln_pro.h:poss	np:s	=ln	np:pred	%	dem_pro:s	v:pred	adp	np:obl,,alrm,∅	∅	∅	∅	∅	∅	∅	∅	∅	∅	∅	∅	∅	∅	∅	new,∅	∅	2055	∅	∅	∅	∅	2055	2056	∅	∅	∅	2055	∅	∅	2057,∅	∅	2055	∅	∅	∅	∅	2055	2056	∅	∅	∅	2055	∅	∅	2057
alrm_0054,mctulil,me kori attuk nəmbo kup me attuk o da toktok konəng do.,#	0	me	kori	a-t~tuk	nə-m~bo	kup	#	me	#	0	attuk	%	o	da	toktok	konəng	do,#	0	and	NEG	3SG.M.NPST-RED~grow	LOC-RED~UP	through	#	and	#	0	3SG.M.NPST-RED~grow	%	TOP	PURP	end	only	here;now,"and it doesn't grow high up to there, but it grows just this high.",en,WORD_ALIGNED,,alrm_mp3 alrm_wav alrm_eaf alrm_xml alrm_tsv,,433553,438987,##neg	0.h:s	other	other	v:pred	dem_other:g	other	#	other	#cc:s	0.h:s	v:pred	%	other	other	v:pred	rv	other,,alrm,∅	∅	∅	∅	∅	∅	∅	∅	∅	∅	∅	∅	∅	∅	∅	∅	∅	∅,∅	2055	∅	∅	∅	∅	∅	∅	∅	∅	2055	∅	∅	∅	∅	∅	∅	∅,∅	2055	∅	∅	∅	∅	∅	∅	∅	∅	2055	∅	∅	∅	∅	∅	∅	∅
alrm_0055,mctulil,"io, vəngar tuk ngang ate, 'abət to nginat mata va uviok.'",#	0	io	v-əngar	tuk	ngang	at-e	#	a-bət	#	0	to	ngin-at	mat	=a	va	u	=viok,#	0	then	3SG.M.PST-say	give	1SG	3SG.M-QUOT	#	3SG.M-PROX2	#	0	REL	2SG.NPST-get	get	=PAT	3SG.M.POSS	leaf	=PL.CL:FLAT,"Then, he said to me, 'that thing, you get its leaves'",en,MORPHEME_ALIGNED,,alrm_mp3 alrm_wav alrm_eaf alrm_xml alrm_tsv,,438987,446142,##	0.h:s_ds	other	v:pred	rv	pro.1:p	other	#ds	dem_pro:s	#ds_rc:pred	0.2:a	other	v:pred	rv	=ln	ln_pro:poss	np:p	=rn,,alrm,∅	∅	∅	∅	∅	∅	∅	∅	∅	∅	∅	∅	∅	∅	∅	∅	bridging	∅,∅	2003	∅	∅	∅	2001	∅	∅	2055	∅	2001	∅	∅	∅	∅	2055	2058	∅,∅	2003	∅	∅	∅	2001	∅	∅	2055	∅	2001	∅	∅	∅	∅	2055	2058	∅
alrm_0056,mctulil,"io, doto təkənəbo gəvənma urənga o ngibinga ba nginok, nginanga ba nginok o ngibəvur toktok na təkənəbo mənu umu ba rovənəm.",#	0	io	doto	təkə=	nə-bo	gəvənm	=a	urəng	=a	o	ngi-bing	=a	ba	ngi=	nok	#	ngi-nang	=a	ba	ngi=	nok	o	ngi-bəvur	toktok	n	=a	təkə=	nə-bo	mənu	u-mu	ba	ro	=vənəm,#	0	then	when;if	to=	LOC-UP	under	=PAT	waterfall	=SG.CL:MASC	TOP	2SG.NPST-squeeze	=3SG.M.PAT	in	2SG.POSS=	hand	#	2SG.NPST-rub	=3SG.M.PAT	in	2SG.POSS=	hand	TOP	ngibəvur	end	APPL	=SG.CL:MASC?	to=	LOC-UP	back_of	3N-IN	in	bamboo	=SG.CL:SHORT,"Then, when to up there under the waterfall, you squeeze it in your hand, you squeeze it in your hand and you ?",en,WORD_ALIGNED,,alrm_mp3 alrm_wav alrm_eaf alrm_xml alrm_tsv,,446142,458784,##ds	0.2:a	other	other	=adp	dem_other	adp	=ln	np:dt	=rn	other	v:pred	=pro:p	adp	=ln_pro.2:poss	np:g	#nc	nc	nc	nc	=nc_pro.2	nc_np	nc	nc	nc	nc	nc	nc	nc	nc	nc	nc	nc_np	nc,,alrm,∅	∅	∅	∅	∅	∅	∅	∅	new	∅	∅	∅	∅	∅	∅	bridging	∅	∅	∅	∅	∅	∅	∅	∅	∅	∅	∅	∅	∅	∅	∅	∅	∅	∅,∅	2001	∅	∅	∅	∅	∅	∅	2059	∅	∅	∅	2058	∅	2001	2060	∅	∅	∅	∅	2001	2060	∅	∅	∅	∅	∅	∅	∅	∅	∅	∅	2052	∅,∅	2001	∅	∅	∅	∅	∅	∅	2059	∅	∅	∅	2058	∅	2001	2060	∅	∅	∅	∅	2001	2060	∅	∅	∅	∅	∅	∅	∅	∅	∅	∅	2052	∅
alrm_0057,mctulil,"io ngitəvat na nəbo, ngirəgən tiktik təma, io ngibəve rovənəm nəbo, təgəvənma urənga.",#	0	io	ngi-təvat	n	=a	nə-bo	#	0	ngi-rəgən	tiktik	təm	=a	#	0	io	ngi-bə~ve	ro	=vənəm	nə-bo	tə=	gəvənm	=a	urəng	=a,#	0	then	2SG.NPST-release	APPL	=3SG.M.PAT	LOC-UP	#	0	2SG.NPST-close	little	at_entrance_of	=3SG.M.PAT	#	0	then	2SG.M.NPST-RED~tie	bamboo	=SG.CL:SHORT	LOC-UP	to=	under	=PAT	waterfall	=SG.CL:MASC,"Then you drop it up there, you close the lip (of the container) tightly, then you tie the bamboo cutting up there, to under the waterfall.",en,MORPHEME_ALIGNED,,alrm_mp3 alrm_wav alrm_eaf alrm_xml alrm_tsv,,458784,464204,##ds	0.2:a	other	v:pred	rv	=pro:p	other:g	##ds	0.2:a	v:pred	np:p	rn	=rn	##ds	0.2:a	other	v:pred	np:p	=rn	dem_other	=adp	adp	=ln	np:other	=rn,,alrm,∅	∅	∅	∅	∅	∅	∅	∅	∅	∅	∅	∅	∅	∅	∅	∅	∅	∅	∅	∅	∅	∅	∅	∅	∅,∅	2001	∅	∅	∅	2052	2059	∅	2001	∅	2052	∅	∅	∅	2001	∅	∅	2052	∅	∅	∅	∅	∅	2059	∅,∅	2001	∅	∅	∅	2052	2059	∅	2001	∅	2052	∅	∅	∅	2001	∅	∅	2052	∅	∅	∅	∅	∅	2059	∅
alrm_0058,mctulil,avar ngəvi mənu vətbət to iap vəngar.,#	0	avar	ngə-vi	mənu	vət-bət	#	0	to	iap	v-əngar,#	0	also	1SG.PST-go	back_of	3SG.SEG-PROX2	#	0	REL	3SG.M	3SG.M.PST-say,I also followed what he said.,en,MORPHEME_ALIGNED,,alrm_mp3 alrm_wav alrm_eaf alrm_xml alrm_tsv,,464204,469353,##	0.1:s	other	v:pred	adp	dem_pro:obl	#rc	0:obl	other	pro.h:s	v:pred,,alrm,∅	∅	∅	∅	∅	∅	∅	∅	∅	∅	∅,∅	2001	∅	∅	∅	2046	∅	2046	∅	2003	∅,∅	2001	∅	∅	∅	2046	∅	2046	∅	2003	∅
alrm_0059,mctulil,vume mat ngang.,#	0	v-ume	mat	ngang,#	0	3SG.M.PST-tell	get	1SG,He taught me.,en,MORPHEME_ALIGNED,,alrm_mp3 alrm_wav alrm_eaf alrm_xml alrm_tsv,,469353,471205,##	0.h:a	v:pred	rv	pro.1:p,,alrm,∅	∅	∅	∅	∅,∅	2003	∅	∅	2001,∅	2003	∅	∅	2001
alrm_0060,mctulil,"ngəppi nəmbo, ngunuppi nəmbo, avar ngəmatme dəm məte doto vəngar.",#	0	ngə-p~pi	nə-m~bo	#	0	ngunu-p~pi	nə-m~bo	#	0	avar	ngə-matme	dəm	#	0	məte	doto	v-əngar,#	0	1SG.PST-RED~go	LOC-RED~UP	#	0	1DL.PST-RED~go	LOC-RED~UP	#	0	also	1SG.PST-work	on	#	0	like	when;if	3SG.M.PST-say,"I walked up, we walked up, I worked as what he said.",en,MORPHEME_ALIGNED,,alrm_mp3 alrm_wav alrm_eaf alrm_xml alrm_tsv,,471205,475519,##	0.1:s	v:pred	dem_other:g	##	0.1:s	v:pred	dem_other:g	##	0.1:s	other	v:pred	rv	#ac	0.h:s	other	other	v:pred,,alrm,∅	∅	∅	∅	∅	∅	∅	∅	∅	∅	∅	∅	∅	∅	∅	∅	∅	∅,∅	2001	∅	∅	∅	2054	∅	∅	∅	2001	∅	∅	∅	∅	2003	∅	∅	∅,∅	2001	∅	∅	∅	2054	∅	∅	∅	2001	∅	∅	∅	∅	2003	∅	∅	∅
alrm_0061,mctulil,"io ar lətnə ngun be urənga, be urənga abət o kəbitə.",#	io	ar	lət	nə	ngun	be	urəng	=a	#	be	urəng	=a	a-bət	o	kəbitə,#	then	still;also	arrive	APPL	1DL	at	waterfall	=SG.CL:MASC	#	at	waterfall	=SG.CL:MASC	3SG.M-PROX2	TOP	rope,"Then we arrived at the waterfall, at the waterfall there are a lot of ropes (plant).",en,MORPHEME_ALIGNED,,alrm_mp3 alrm_wav alrm_eaf alrm_xml alrm_tsv,,475519,480266,##	other	other	v:pred	rv	pro.1:s_sv	adp	np:g	=rn	##	adp	np:dt	=rn	rn	other	np:pred,,alrm,∅	∅	∅	∅	∅	∅	∅	∅	∅	∅	∅	∅	∅	∅	∅	new,∅	∅	∅	∅	∅	2054	∅	2059	∅	∅	∅	2059	∅	∅	∅	2061,∅	∅	∅	∅	∅	2054	∅	2059	∅	∅	∅	2059	∅	∅	∅	2061
alrm_0062,mctulil,idə-- idərrap bətəpma urənga nəmmə.,#	0	idə-r~rap	bətəpm	=a	urəng	=a	nə-m~mə,#	0	3N.PST-crawl	all_over	=PAT	waterfall	=SG.CL:MASC	LOC-RED~DOWN,They crawled along the waterfall down.,en,WORD_ALIGNED,,alrm_mp3 alrm_wav alrm_eaf alrm_xml alrm_tsv,,480266,484224,##	0:s	v:pred	adp	=ln	np:l	=rn	dem_other:g,,alrm,∅	∅	∅	∅	∅	∅	∅	∅,∅	2061	∅	∅	∅	2059	∅	∅,∅	2061	∅	∅	∅	2059	∅	∅
alrm_0063,mctulil,"io ngang o ngətar kuvit konəng bətəpma urənga nəmbo, nəmbo, nəmbo, nəmbo təpma kəbite da ngəppe vəkai təvat na rovənəm vənəvi təpma kəvənave nəmu, nəbət to bimatme dəm tang da bəkəvənave nəbət.",#	0	io	ngang	o	ngə-tar	kuvit	konəng	bətəpm	=a	urəng	=a	nə-m~bo	#	nə-m~bo	nə-m~bo	nə-m~bo	təpm	=a	kəbit	=e	#	0	da	ngə-p~pe	vəkai	təvat	n	=a	ro	=vənəm	vənə-vi	təpm	=a	kəvənav	=e	nə-mu	nə-bət	#	0	to	b=	i-matme	dəm	tang	da	bə=	kəvənave	=e	nə-bət,#	0	then	1SG	TOP	1SG.PST-stick_into	nail	only	on;attach_to	=PAT	waterfall	=SG.CL:MASC	LOC-RED~UP	#	LOC-RED~UP	LOC-RED~UP	LOC-RED~UP	with	=PAT	rope	=SG.CL:FEM	#	0	PURP	1SG.PST-RED~tie	tight	release	APPL	=PAT	bamboo	=SG.CL:SHORT	3SG.SHORT-PROX1	with	=PAT	rain	=SG.CL:FEM	LOC-IN	LOC-PROX2	#	0	to	ASP=	3SG.F.PST-work	on	REFL	PURP	ASP=	rain	=SG.CL:FEM	LOC-PROX2,"Then I climbed up the waterfall with my hands, up and up, with a rope, so I could tie the bamboo cut with the rain potion inside tightly, there it will react to create rain.",en,MORPHEME_ALIGNED,,alrm_mp3 alrm_wav alrm_eaf alrm_xml alrm_tsv,,484224,495278,##	0.1:a	other	pro.1:dt_a	other	v:pred	np:p	other	adp	=ln	np:l	=rn	dem_other:g	#nc	nc	nc	nc	nc	nc	nc_np	nc	##	0.1:a	other	v:pred	rv	rv	rv	=ln	np:p	=rn	rn	rn	=rn	rn_np	=rn	rn	rn	##	0:a	other	=other	v:pred	rv	refl:p	other	=other	np:obl	=rn	other,,alrm,∅	∅	∅	∅	∅	∅	new	∅	∅	∅	∅	∅	∅	∅	∅	∅	∅	∅	∅	∅	∅	∅	∅	∅	∅	∅	∅	∅	∅	∅	∅	∅	∅	∅	∅	∅	∅	∅	∅	∅	∅	∅	∅	∅	∅	∅	∅	∅	∅	∅,∅	2001	∅	2001	∅	∅	2062	∅	∅	∅	2059	∅	∅	∅	∅	∅	∅	∅	∅	2061	∅	∅	2001	∅	∅	∅	∅	∅	∅	2052	∅	∅	∅	∅	2002	∅	∅	∅	∅	2052	∅	∅	∅	∅	2052	∅	∅	2002	∅	∅,∅	2001	∅	2001	∅	∅	2062	∅	∅	∅	2059	∅	∅	∅	∅	∅	∅	∅	∅	2061	∅	∅	2001	∅	∅	∅	∅	∅	∅	2052	∅	∅	∅	∅	2002	∅	∅	∅	∅	2052	∅	∅	∅	∅	2052	∅	∅	2002	∅	∅
alrm_0064,mctulil,"be von to bəngəppur təkənəbo, təbe rovənəm idəkən, na nanga avi to ngəttak to-- ngəttak toktok bema me idə kori ngatak bem.",#	be	von	to	bə=	ngə-p~pur	təkə=	nə-bo	tə=	be	ro	=vənəm	idə=	kən	n	=a	nang	=a	a-vi	to	ngə-t~tak	toktok	bem	=a	me	idə	kori	nga-tak	bem,#	at	3SG.DIM	REL	ASP=	1SG.PST-RED~pur	to=	LOC-UP	to=	at	bamboo	=SG.CL:SHORT	3N.POSS=	neck	INSTR	=PAT	tree	=SG.CL:MASC	3SG.M-PROX1	REL	1SG.PST-RED~call	end	at	=3SG.M.PAT	and	3N	NEG	1SG.NPST-call	at,[UNCLEAR],en,MORPHEME_ALIGNED,,alrm_mp3 alrm_wav alrm_eaf alrm_xml alrm_tsv,,495278,503627,#nc	nc	nc	nc	nc	nc	nc	nc	nc	nc	nc	nc	nc	nc	nc	nc	nc	nc	nc	nc	nc	nc	nc	nc	nc	nc	nc	nc	nc,,alrm,∅	∅	∅	∅	∅	∅	∅	∅	∅	∅	∅	∅	∅	∅	∅	∅	∅	∅	∅	∅	∅	∅	∅	∅	∅	∅	∅	∅	∅,∅	∅	∅	∅	∅	∅	∅	∅	∅	∅	∅	∅	∅	∅	∅	∅	∅	∅	∅	∅	∅	∅	∅	∅	∅	∅	∅	∅	∅,∅	∅	∅	∅	∅	∅	∅	∅	∅	∅	∅	∅	∅	∅	∅	∅	∅	∅	∅	∅	∅	∅	∅	∅	∅	∅	∅	∅	∅
alrm_0065,mctulil,"doto bəngəppur təbe vəkən nanbət, io ngərəgən tiktik təma, o nəbo bəkəvənave nəbət.",doto	bə=	ngə-p~pur	tə=	be	və=	kən	nanbət	io	ngə-rəgən	tiktik	təm	=a	o	nə-bo	bə=	kəvənav	=e	nə-bət,when;if	ASP=	1SG.PST-RED~NC	to=	at	3SG.M.POSS.INAL=	neck	like_that	then	1SG.PST-close	little	at_entrance_of	=3SG.M.PAT	TOP	LOC-UP	ASP=	rain	=SG.CL:FEM	LOC-PROX2,[UNCLEAR],en,MORPHEME_ALIGNED,,alrm_mp3 alrm_wav alrm_eaf alrm_xml alrm_tsv,,503627,511231,nc	nc	nc	nc	nc	nc	nc	nc	nc	nc	nc	nc	nc	nc	nc	nc	nc	nc	nc,,alrm,∅	∅	∅	∅	∅	∅	∅	∅	∅	∅	∅	∅	∅	∅	∅	∅	∅	∅	∅,∅	∅	∅	∅	∅	∅	∅	∅	∅	∅	∅	∅	∅	∅	∅	∅	∅	∅	∅,∅	∅	∅	∅	∅	∅	∅	∅	∅	∅	∅	∅	∅	∅	∅	∅	∅	∅	∅
alrm_0066,mctulil,bəngəkəbənət katum na kəvənave. da kəvənave o da bə molimolie.,#	0	bə=	ngə-kəbənət	katum	n	=a	kəvənav	=e	#	da	kəvənav	=e	o	da	bə	moli~moli	=e,#	0	ASP=	1SG.PST-make	all;finished	APPL	=PAT	rain	=SG.CL:FEM	#	PURP	rain	=SG.CL:FEM	TOP	PURP	ASP	RED~real	=SG.CL:FEM,"I finished making the rain, for the rain to become real.",en,MORPHEME_ALIGNED,,alrm_mp3 alrm_wav alrm_eaf alrm_xml alrm_tsv,,511231,517674,##	0.1:a	=other	v:pred	rv	rv	=ln	np:p	=rn	#	other	np:s	=rn	other	other	other	np:pred	=rn,,alrm,∅	∅	∅	∅	∅	∅	∅	∅	∅	∅	∅	∅	∅	∅	∅	∅	∅	∅,∅	2001	∅	∅	∅	∅	∅	2002	∅	∅	∅	2002	∅	∅	∅	∅	∅	∅,∅	2001	∅	∅	∅	∅	∅	2002	∅	∅	∅	2002	∅	∅	∅	∅	∅	∅
alrm_0067,mctulil,me iap o vətor təgət nəmə.,#	0	me	iap	o	v-ətor	təgət	nə-mə,#	0	and	3SG.M	TOP	3SG.M.PST-sit	one	LOC-DOWN,and he just sat there still.,en,MORPHEME_ALIGNED,,alrm_mp3 alrm_wav alrm_eaf alrm_xml alrm_tsv,,517674,520701,##	0.h:s	other	pro.h:dt_s	other	v:pred	rv	dem_other:l,,alrm,∅	∅	∅	∅	∅	∅	∅	∅,∅	2003	∅	2003	∅	∅	∅	∅,∅	2003	∅	2003	∅	∅	∅	∅
alrm_0068,mctulil,me vətton təkənəbo be utəme.,#	0	me	və-t~ton	təkə=	nə-bo	be	utəm	=e,#	0	and	3SG.M.PST-RED~look	to=	LOC-UP	at	sky	=SG.CL:FEM,and he looked up to the sky.,en,MORPHEME_ALIGNED,,alrm_mp3 alrm_wav alrm_eaf alrm_xml alrm_tsv,,520701,523307,##	0.h:s	other	v:pred	=adp	dem_other	adp	np:g	=rn,,alrm,∅	∅	∅	∅	∅	∅	∅	unused	∅,∅	2003	∅	∅	∅	∅	∅	2063	∅,∅	2003	∅	∅	∅	∅	∅	2063	∅
alrm_0069,mctulil,"doto vətton təkənəbo be utəme, o vətoti kəmurvən to vən idə-- vən idəvi, io bərivua ava vəppət də vən nəbo be utəme.",#	#	0	doto	və-t~ton	təkə=	nə-bo	be	utəm	=e	%	o	0	və-toti	kəmur	=vən	#	to	vən	idə-vi	#	io	bərivu	=a	ava	və-p~pət	də	vən	nə-bo	be	utəm	=e,#	#	0	when;if	3SG.M.PST-RED~look	to=	LOC-UP	at	sky	=SG.CL:FEM	%	TOP	0	3SG.M.PST-see	smoke	=3SG.AUG	#	SUB	3SG.AUG	3N.PST-go	#	then	wind	=SG.CL:MASC	again	3SG.M.PST-RED~break	də	3SG.AUG	LOC-UP	at	sky	=SG.CL:FEM,"when he looked up to the sky, he saw a big cloud that was moving, then the wind broke the cloud up there in the sky.",en,MORPHEME_ALIGNED,,alrm_mp3 alrm_wav alrm_eaf alrm_xml alrm_tsv,,523307,535850,##	#ac	0.h:s	other	v:pred	=adp	dem_other	adp	np:g	=rn	%	other	0.h:a	v:pred	np:p	=rn	#	other	cl_pro:s	v:pred	#	other	np:a	=rn	other	v:pred	rv	pro:p	dem_other	adp	np:other	=rn,,alrm,∅	∅	∅	∅	∅	∅	∅	∅	∅	∅	∅	∅	∅	∅	new	∅	∅	∅	∅	∅	∅	∅	new	∅	∅	∅	∅	∅	∅	∅	∅	∅,∅	∅	2003	∅	∅	∅	∅	∅	2063	∅	∅	∅	2003	∅	2064	∅	∅	∅	2064	∅	∅	∅	2065	∅	∅	∅	∅	∅	∅	∅	2063	∅,∅	∅	2003	∅	∅	∅	∅	∅	2063	∅	∅	∅	2003	∅	2064	∅	∅	∅	2064	∅	∅	∅	2065	∅	∅	∅	∅	∅	∅	∅	2063	∅
alrm_0070,mctulil,kavar vəkərtang o vəppi nəmumə təba məngəda.,#	#	0	kavar	və-kərtang	%	o	0	və-p~pi	nə-mumə	tə=	ba	məngəd	=a,#	#	0	just_then	3SG.M.PST-arise	%	TOP	0	3SG.M.PST-RED~walk	LOC-DOWN.FAR	to=	in	home;village	=SG.CL:MASC,just then he got up and he went down to the village.,en,MORPHEME_ALIGNED,,alrm_mp3 alrm_wav alrm_eaf alrm_xml alrm_tsv,,535850,539023,##	#ac	0.h:s	other	v:pred	%	other	0.h:s	v:pred	dem_other	=adp	adp	np:g	=rn,,alrm,∅	∅	∅	∅	∅	∅	∅	∅	∅	∅	∅	∅	∅	∅,∅	∅	2003	∅	∅	∅	∅	2003	∅	∅	∅	∅	2010	∅,∅	∅	2003	∅	∅	∅	∅	2003	∅	∅	∅	∅	2010	∅
alrm_0071,mctulil,banogət ngun ngana Langer.,#	0	b=	a-nogət	ngun	nga-n	=a	Langer,#	0	ASP=	3SG.M.NPST-first	1DL	1SG.NPST-COM	=PAT	Langer,he went ahead of me and Langer.,en,MORPHEME_ALIGNED,,alrm_mp3 alrm_wav alrm_eaf alrm_xml alrm_tsv,,539023,540925,##	0.h:a	=other	v:pred	pro.1:p	pro.1:dt_p	=rn	rn_pn_np,,alrm,∅	∅	∅	∅	∅	∅	∅	∅,∅	2003	∅	∅	2001	∅	∅	2053,∅	2003	∅	∅	2001	∅	∅	2053
alrm_0072,mctulil,"ngunu o ngunukəbənət təvat na evi to ngunuppe təvat ne nəbo gəvənma urənga, da bəngunuliu təba məngəda.",#	0	ngunu	o	ngunu-kəbənət	təvat	n	=a	e-vi	#	0	to	ngunu-p~pe	təvat	n	=e	nə-bo	gəvənm	=a	urəng	=a	#	0	da	bə=	ngunu-liu	tə=	ba	məngəd	=a,#	0	1DL	TOP	1DL.PST-make	release	APPL	=PAT	3SG.F-PROX1	#	0	SUB	1DL.PST-RED~tie	release	APPL	=3SG.F.PAT	LOC-UP	under	=PAT	waterfall	=SG.CL:MASC	#	0	PURP	ASP=	1DL.PST-return	to=	in	home;village	=SG.CL:MASC,"we made and left it, we tied it up there under the waterfall, we wanted to return to the village.",en,MORPHEME_ALIGNED,,alrm_mp3 alrm_wav alrm_eaf alrm_xml alrm_tsv,,540925,549355,##	0.1:a	pro.1:dt_a	other	v:pred	rv	rv	=ln	dem_pro:p	#	0.1:a	other	v:pred	rv	rv	=pro.h:p	dem_other	adp	=ln	np:l	=rn	##	0.h:s	other	=other	v:pred	=adp	adp	np:g	=rn,,alrm,∅	∅	∅	∅	∅	∅	∅	∅	∅	∅	∅	∅	∅	∅	∅	∅	∅	∅	∅	∅	∅	∅	∅	∅	∅	∅	∅	∅	∅	∅,∅	2054	2054	∅	∅	∅	∅	∅	2052	∅	2054	∅	∅	∅	∅	2052	∅	∅	∅	2059	∅	∅	2003	∅	∅	∅	∅	∅	2010	∅,∅	2054	2054	∅	∅	∅	∅	∅	2052	∅	2054	∅	∅	∅	∅	2052	∅	∅	∅	2059	∅	∅	2003	∅	∅	∅	∅	∅	2010	∅
alrm_0073,mctulil,"ar ngunuppi konəng mənəmbo ba ioivoi be vət to bidəttəva ioivoi, me bəmiləmiləng.",#	0	ar	ngunu-p~pi	konəng	mə=	nə-m~bo	ba	ioi	=voi	be	vət	#	to	b=	idə-t~təv	=a	ioi	=voi	#	me	bə=	milə~miləng,#	0	still;also	1DL.PST-RED~walk	only	from=	LOC-RED~UP	in	water	=voi	at	3SG.SEG	#	REL	ASP=	3N.PST-RED~dry	=PAT	water	=voi	#	and	ASP=	RED~drizzle,"We were just walking from up there in the river, at the place where the river is dried out, it's already drizzling.",en,MORPHEME_ALIGNED,,alrm_mp3 alrm_wav alrm_eaf alrm_xml alrm_tsv,,549355,556667,##	0.1:s	other	v:pred	other	=adp	dem_other	adp	np:l	=rn	adp	np:appos	#rc	other	=other	v:pred	=ln	np:s_iv	=rn	#	other	=other	other:pred,,alrm,∅	∅	∅	∅	∅	∅	∅	∅	∅	∅	∅	∅	∅	∅	∅	∅	∅	∅	∅	∅	∅	∅	∅,∅	2054	∅	∅	∅	∅	∅	∅	2027	∅	∅	2027	∅	∅	∅	∅	∅	2027	∅	∅	∅	∅	∅,∅	2054	∅	∅	∅	∅	∅	∅	2027	∅	∅	2027	∅	∅	∅	∅	∅	2027	∅	∅	∅	∅	∅
alrm_0074,mctulil,"to kəmurvən nədi to idəvvet nəmbo me bərivua vəppət də vən o vəre vən nandi nəmmə, nəmmə, nəmmə, io vən idəməkən tang nəmə be vət to vənua atəmənəvən.",#	#	to	kəmur	=vən	nə-di	#	0	to	idə-v~vet	nə-m~bo	%	me	bərivu	=a	və-p~pət	də	vən	%	o	0	və-re	vən	nandi	nə-m~mə	#	nə-m~mə	nə-m~mə	#	io	vən	idə-məkən	tang	nə-mə	be	vət	#	to	vənu	=a	at-ə~mənəvən,#	#	SUB	smoke	=3SG.AUG	3SG.AUG-PROX1	#	0	REL	3N.PST-RED~?	LOC-RED~UP	%	and	wind	=SG.CL:MASC	3SG.M.PST-RED~break	on	3SG.AUG	%	TOP	0	3SG.M.PST-carry	3SG.AUG	like_this	LOC-RED~DOWN	#	LOC-RED~DOWN	LOC-RED~DOWN	#	then	3SG.AUG	3N.PST-plant?	REFL	LOC-DOWN	at	3SG.SEG	#	REL	sun	=SG.CL:MASC	3SG.M.NPST-RED~fall,"The big cloud grows going up and the wind broke it, it carried the cloud like this down, down, the cloud forms itself down there at the place where sun goes down (west).",en,MORPHEME_ALIGNED,,alrm_mp3 alrm_wav alrm_eaf alrm_xml alrm_tsv,,556667,565977,##	#	other	np:dt_p	=rn	rn	#rc	0:s	other	v:pred	dem_other:g	%	other	np:a	nc	v:pred	rv	pro:p	%	other	0:a	v:pred	pro:p	other	dem_other:g	#nc	nc	nc	##	other	cl_pro:a	v:pred	refl:p	dem_other	adp	np:l	#rc	other	np:s	=rn	v:pred,,alrm,∅	∅	∅	∅	∅	∅	∅	∅	∅	∅	∅	∅	∅	∅	∅	∅	∅	∅	∅	∅	∅	∅	∅	∅	∅	∅	∅	∅	∅	∅	∅	∅	∅	∅	∅	new	∅	∅	∅	∅	∅,∅	∅	∅	2064	∅	∅	∅	2064	∅	∅	∅	∅	∅	2065	∅	∅	∅	2064	∅	∅	2065	∅	2064	∅	∅	∅	∅	∅	∅	∅	2064	∅	∅	∅	∅	2066	∅	∅	2018	∅	∅,∅	∅	∅	2064	∅	∅	∅	2064	∅	∅	∅	∅	∅	2065	∅	∅	∅	2064	∅	∅	2065	∅	2064	∅	∅	∅	∅	∅	∅	∅	2064	∅	∅	∅	∅	2066	∅	∅	2018	∅	∅
alrm_0075,mctulil,"vən idəməkən mat tang nəbət, o bərivua vəbənakən tang, bəkori vəmmip mənəvimə.",#	vən	idə-məkən	mat	tang	nə-bət	#	o	bərivu	=a	və-bənakən	tang	#	0	bə=	kori	və-m~mip	mə=	nə-vimə,#	3SG.AUG	3N.PST-plant	get	REFL	LOC-PROX2	#	TOP	wind	=SG.CL:MASC	3SG.M.PST-turnover	REFL	#	0	ASP=	NEG	3SG.M.PST-RED~blow	from=	LOC-DOWN.NEAR,"It [the cloud] was forming itself there, wind turns around, it's not blowing from that side.",en,MORPHEME_ALIGNED,,alrm_mp3 alrm_wav alrm_eaf alrm_xml alrm_tsv,,565977,574000,##	cl_pro:a	v:pred	rv	refl:p	dem_other:l	#	other	np:a	=rn	v:pred	refl:p	##neg	0:s	=other	other	v:pred	=adp	dem_other:l,,alrm,∅	∅	∅	∅	∅	∅	∅	∅	∅	∅	∅	∅	∅	∅	∅	∅	∅	∅	∅,∅	2064	∅	∅	2064	2066	∅	∅	2065	∅	∅	2065	∅	2065	∅	∅	∅	∅	2066,∅	2064	∅	∅	2064	2066	∅	∅	2065	∅	∅	2065	∅	2065	∅	∅	∅	∅	2066
alrm_0076,mctulil,me bərivua bə vəmmip mənəvimə to vənua akəngəp.,#	me	bərivu	=a	bə	və-m~mip	mə=	nə-vimə	#	to	vənu	=a	ak-əngəp,#	and	wind	=SG.CL:MASC	ASP	3SG.M.PST-RED~blow	from=	LOC-DOWN.NEAR	#	SUB	sun	=SG.CL:MASC	3SG.M.NPST-die,The wind was blowing for that direction [i.e. the other direction] where the sun goes down [lit. sun dies].,en,MORPHEME_ALIGNED,,alrm_mp3 alrm_wav alrm_eaf alrm_xml alrm_tsv,,574000,578700,##	other	np:s	=rn	other	v:pred	=adp	dem_other:l	#rc	other	np:s	=rn	v:pred,,alrm,∅	∅	∅	∅	∅	∅	∅	∅	∅	∅	∅	∅	∅,∅	∅	2065	∅	∅	∅	∅	2066	∅	∅	2018	∅	∅,∅	∅	2065	∅	∅	∅	∅	2066	∅	∅	2018	∅	∅
alrm_0077,mctulil,me (bəkori--) bərivua bəkori vəmmip məndo be vət to vənua akəkər.,#	me	bərivu	=a	bə=	kori	və-m~mip	mən=	do	be	vət	#	to	vənu	=a	a-kə~kər,#	and	wind	=SG.CL:MASC	ASP=	NEG	3SG.M.PST-RED~blow	from=	here;now	at	3SG.SEG	#	REL	sun	=SG.CL:MASC	3SG.M.NPST-RED~arise,And the wind wasn't blow from here where the sun rises.,en,MORPHEME_ALIGNED,,alrm_mp3 alrm_wav alrm_eaf alrm_xml alrm_tsv,,578700,582740,##neg	other	np:s	=rn	=other	other	v:pred	=adp	other	adp	cl_pro:l	#rc	other	np:s	=rn	v:pred,,alrm,∅	∅	∅	∅	∅	∅	∅	∅	∅	∅	bridging	∅	∅	∅	∅	∅,∅	∅	2065	∅	∅	∅	∅	∅	∅	∅	2067	∅	∅	2018	∅	∅,∅	∅	2065	∅	∅	∅	∅	∅	∅	∅	2067	∅	∅	2018	∅	∅
alrm_0078,mctulil,"nəbət o məgəte, doto bərivua bəvəbakət, o nəbət o (bəvə--) məgəte kəvənave betamatme nanbət, to (və--) bərivua bəvəbakət.",#	nə-bət	o	məgəte	#	doto	bərivu	=a	bə=	və-bakət	%	o	nə-bət	o	məgəte	kəvənav	=e	b=	et-a~matme	nanbət	#	to	bərivu	=a	bə=	və-bakət,#	LOC-PROX2	TOP	like	#	when;if	wind	=SG.CL:MASC	ASP=	3SG.M.PST-change	%	TOP	LOC-PROX2	TOP	like	rain	=SG.CL:FEM	ASP=	3SG.M.NPST-RED~work	like_that	#	SUB	wind	=SG.CL:MASC	ASP=	3SG.M.PST-change,"There it's like when the wind changed, the rain was falling [lit. working] when the wind changed.",en,MORPHEME_ALIGNED,,alrm_mp3 alrm_wav alrm_eaf alrm_xml alrm_tsv,,582740,593446,##	dem_other:dt	other	other	#ac	other	np:s	=rn	=other	v:pred	%	other	dem_other:dt	other	other	np:s	=rn	=other	v:pred	other	#	other	np:s	=rn	=other	v:pred,,alrm,∅	∅	∅	∅	∅	∅	∅	∅	∅	∅	∅	∅	∅	∅	∅	∅	∅	∅	∅	∅	∅	∅	∅	∅	∅	∅,∅	2067	∅	∅	∅	∅	2065	∅	∅	∅	∅	∅	∅	∅	∅	2064	∅	∅	∅	∅	∅	∅	2065	∅	∅	∅,∅	2067	∅	∅	∅	∅	2065	∅	∅	∅	∅	∅	∅	∅	∅	2064	∅	∅	∅	∅	∅	∅	2065	∅	∅	∅
alrm_0079,mctulil,"bəkori ativi məte do məgət, to bərivua ativi mənəpmə to vənua akəkər.",#	0	bə=	kori	at-i~vi	məte	do	məgət	#	to	bərivu	=a	at-i~vi	mə=	nə-p~mə	#	to	vənu	=a	a-kə~kər,#	0	ASP=	NEG	3SG.M.NPST-RED~go	like	here;now	today	#	SUB	wind	=SG.CL:MASC	3SG.M.NPST-RED~go	from=	LOC-RED~DOWN	#	SUB	sun	=SG.CL:MASC	3SG.M.NPST-RED~arise,"It [the wind] is not moving like now today, when the wind moves from there where the sun rises.",en,MORPHEME_ALIGNED,,alrm_mp3 alrm_wav alrm_eaf alrm_xml alrm_tsv,,593446,597163,##neg	0:s	=other	other	v:pred	adp	other	other	#	other	np:s	=rn	v:pred	=adp	dem_other:l	#rc	other	np:s	=rn	v:pred,,alrm,∅	∅	∅	∅	∅	∅	∅	∅	∅	∅	∅	∅	∅	∅	∅	∅	∅	∅	∅	∅,∅	2065	∅	∅	∅	∅	∅	∅	∅	∅	2065	∅	∅	∅	2067	∅	∅	2018	∅	∅,∅	2065	∅	∅	∅	∅	∅	∅	∅	∅	2065	∅	∅	∅	2067	∅	∅	2018	∅	∅
alrm_0080,mctulil,"me bərivua bəvəbakət, bəvəppi mənəvimə to vənua atəmənəvən, o nəbət o udu o bədubitəmut dune, kəvənave betnəvən.",#	me	bərivu	=a	bə=	və-bakət	#	0	bə=	və-p~pi	mə=	nə-vimə	#	to	vənu	=a	at-ə~mənəvən	o	#	0	nə-bət	o	udu	o	bə=	du-bitəmut	dun-e	#	kəvənav	=e	b=	et-nəvən,#	and	wind	=SG.CL:MASC	ASP=	3SG.M.PST-change	#	0	ASP=	3SG.M.PST-RED~go	from=	LOC-DOWN.NEAR	#	SUB	sun	=SG.CL:MASC	3SG.M.NPST-RED~fall	TOP	#	0	LOC-PROX2	TOP	1PL	TOP	ASP=	1PL.PST-believe	1PL-QUOT	#	rain	=SG.CL:FEM	ASP=	3SG.F.NPST-fall,"and the wind changed, it went from where the sun falls, there we believed that the rain is about to come.",en,MORPHEME_ALIGNED,,alrm_mp3 alrm_wav alrm_eaf alrm_xml alrm_tsv,,597163,605284,##	other	np:s	=rn	=other	v:pred	##	0:s	=other	v:pred	=adp	dem_other:l	#rc	other	np:s	=rn	v:pred	other	##	0.1:s	dem_other:dt	other	pro.1:dt_s	other	=other	v:pred	other	#cc	np:s	=rn	=other	v:pred,,alrm,∅	∅	∅	∅	∅	∅	∅	∅	∅	∅	∅	∅	∅	∅	∅	∅	∅	∅	∅	∅	∅	∅	∅	∅	∅	∅	∅	∅	∅	∅	∅	∅,∅	∅	2065	∅	∅	∅	∅	2065	∅	∅	∅	2066	∅	∅	2018	∅	∅	∅	∅	2054	2066	∅	2054	∅	∅	∅	∅	∅	2002	∅	∅	∅,∅	∅	2065	∅	∅	∅	∅	2065	∅	∅	∅	2066	∅	∅	2018	∅	∅	∅	∅	2054	2066	∅	2054	∅	∅	∅	∅	∅	2002	∅	∅	∅
alrm_0081,mctulil,"doto ngunuppi da ngunumata ioivoi da bəngunuliu təkənəmə ba məngəda, me bəmiləmiləng.",#	0	doto	ngunu-p~pi	#	0	da	ngunu-mat	=a	ioi	=voi	#	0	da	bə=	ngunu-liu	təkə=	nə-mə	ba	məngəd	=a	#	me	bə=	miləmiləng,#	0	when;if	1DL.PST-RED~walk	#	0	PURP	1DL.PST-get	=PAT	water	=voi	#	0	PURP	ASP=	1DL.PST-return	to=	LOC-DOWN	in	home;village	=SG.CL:MASC	#	and	ASP=	drizzling,"When we went to follow the river, for us to return down to home, it's drizzling.",en,MORPHEME_ALIGNED,,alrm_mp3 alrm_wav alrm_eaf alrm_xml alrm_tsv,,605284,613322,##	0.1:s	other	v:pred	#	0.1:a	other	v:pred	=ln	np:p	=rn	#	0.1:s	other	=other	v:pred	=adp	dem_other	adp	np:g	=rn	##	other	=other	other:predex,,alrm,∅	∅	∅	∅	∅	∅	∅	∅	∅	∅	∅	∅	∅	∅	∅	∅	∅	∅	∅	∅	∅	∅	∅	∅	∅,∅	2054	∅	∅	∅	2054	∅	∅	∅	2027	∅	∅	2054	∅	∅	∅	∅	∅	∅	2010	∅	∅	∅	∅	∅,∅	2054	∅	∅	∅	2054	∅	∅	∅	2027	∅	∅	2054	∅	∅	∅	∅	∅	∅	2010	∅	∅	∅	∅	∅
alrm_0082,mctulil,me iep akəra ebət mənəmmə to kəra irut təvi məgəte nəbət to vədau ubət to vədau idəmatər nanbət.,#	me	iep	akəra	e-bət	mə=	nə-m~mə	#	0	to	kəra	i-rut	təvi	məgəte	nə-bət	#	to	vədau	u-bət	#	to	vədau	idə-matər	nanbət,#	and	3SG.F	just	3SG.F-PROX2	from=	LOC-RED~DOWN	#	0	SUB	just	3SG.F.PST-move	along	like	LOC-PROX2	#	SUB	3PL.AUG	3N-PROX2	#	to	3PL.AUG	3N.PST-stand	like_that,"And the one [the cloud] from down there, which was moving and forming itself along the way, it stayed there.",en,MORPHEME_ALIGNED,,alrm_mp3 alrm_wav alrm_eaf alrm_xml alrm_tsv,,613322,618761,#nc	nc	nc	nc	nc	nc	nc	#	0:s	other	other	v:pred	rv	adp	other	#nc	nc	nc	nc	#nc	nc	nc	nc	nc,,alrm,∅	∅	∅	∅	∅	∅	∅	∅	∅	∅	∅	∅	∅	∅	∅	∅	∅	∅	∅	∅	∅	∅	∅	∅,∅	∅	∅	∅	∅	∅	∅	∅	2064	∅	∅	∅	∅	∅	∅	∅	∅	∅	∅	∅	∅	∅	∅	∅,∅	∅	∅	∅	∅	∅	∅	∅	2064	∅	∅	∅	∅	∅	∅	∅	∅	∅	∅	∅	∅	∅	∅	∅
alrm_0083,mctulil,"io nəbət o bərivua bəvərrut təvi konəng nandi, nandi, nandi, me iep o bikpət bərodəme me ianem (bidə--) bələlət nidə.",#	io	nə-bət	o	bərivu	=a	bə=	və-r~rut	təvi	konəng	nandi	nandi	nandi	#	me	iep	o	b=	ik-pət	bərodəm	=e	#	me	ianem	bə=	lə~lət	n	=idə,#	then	LOC-PROX2	TOP	wind	=SG.CL:MASC	ASP=	3SG.M.PST-RED~move	along	only	like_this	like_this	like_this	#	and	3SG.F	TOP	ASP=	3N.NPST-break	inside	=3SG.F.PAT	#	and	lightning	ASP=	RED~arrive	APPL	=3N,"Then there the wind was moving along like this, and it [the cloud] broke inside, and the lightening started [lit. arrived].",en,MORPHEME_ALIGNED,,alrm_mp3 alrm_wav alrm_eaf alrm_xml alrm_tsv,,618761,626310,##	other	dem_other:dt	other	np:s	=rn	=other	v:pred	rv	other	other	nc	nc	##	other	pro:dt_s	other	=other	v:pred	rv	=pro:s_iv	##	other	np:s	=other	v:pred	rv	=pro:s_sv,,alrm,∅	∅	∅	∅	∅	∅	∅	∅	∅	∅	∅	∅	∅	∅	∅	∅	∅	∅	∅	∅	∅	∅	∅	new	∅	∅	∅	∅,∅	∅	2066	∅	2065	∅	∅	∅	∅	∅	∅	∅	∅	∅	∅	2064	∅	∅	∅	∅	2064	∅	∅	2068	∅	∅	∅	2068,∅	∅	2066	∅	2065	∅	∅	∅	∅	∅	∅	∅	∅	∅	∅	2064	∅	∅	∅	∅	2064	∅	∅	2068	∅	∅	∅	2068
alrm_0084,mctulil,"bə pələpələp nəmu bərodəme, me i-- i-- ipperən təvi.",#	bə=	pələ~pələp	nə-mu	bərodəm	=e	#	0	me	i-p~perən	təvi,#	ASP=	RED~lightening	LOC-IN	inside	=SG.CL:FEM	#	0	and	3SG.F.PST-RED~climb	along,"There was lightning inside the cloud, and the cloud was forming along (climbing).",en,MORPHEME_ALIGNED,,alrm_mp3 alrm_wav alrm_eaf alrm_xml alrm_tsv,,626310,631360,##	=other	np:predex	dem_other	adp	=pro:l	##	0:s	other	v:pred	rv,,alrm,∅	∅	∅	∅	∅	∅	∅	∅	∅	∅	∅,∅	∅	2068	∅	∅	2064	∅	2064	∅	∅	∅,∅	∅	2068	∅	∅	2064	∅	2064	∅	∅	∅
alrm_0085,mctulil,"von von von von von von von konəng, kavar (i--) imorən be vənua umi nandi o bəllətna tərotərot laik, udək laik bidəmmənəvən.",#	#	von	von	von	von	von	von	von	konəng	#	0	kavar	i-morən	be	vənu	=a	umi	nandi	%	o	bə=	lət	n	=a	tərotərot	laik	#	udək	laik	b=	idə-m~mənəvən,#	#	3SG.DIM	3SG.DIM	3SG.DIM	3SG.DIM	3SG.DIM	3SG.DIM	3SG.DIM	only	#	0	just_then	3SG.F.PST-cover	at	sun	=SG.CL:MASC	3SG.M.POSS.eye	like_this	%	TOP	ASP=	arrive	APPL	=PAT	tərotərot	big	#	udək	big	ASP=	3N.PST-RED~fall,"The same was happening like this, and at the time the cloud covers the sun, there comes big rain drops, big drops started falling,",en,MORPHEME_ALIGNED,,alrm_mp3 alrm_wav alrm_eaf alrm_xml alrm_tsv,,631360,642319,##	#nc	nc	nc	nc	nc	nc	nc	nc	nc	#	0:a	other	v:pred	rv	ln_np:poss	=ln	np:p	other	%	other	=other	v:pred	rv	=ln	np:s_sv	rn	##	np:s	rn	=other	v:pred,,alrm,∅	∅	∅	∅	∅	∅	∅	∅	∅	∅	∅	∅	∅	∅	∅	∅	∅	unused	∅	∅	∅	∅	∅	∅	∅	bridging	∅	∅	∅	∅	∅	∅,∅	∅	∅	∅	∅	∅	∅	∅	∅	∅	∅	2064	∅	∅	∅	2018	∅	2069	∅	∅	∅	∅	∅	∅	∅	2070	∅	∅	2070	∅	∅	∅,∅	∅	∅	∅	∅	∅	∅	∅	∅	∅	∅	2064	∅	∅	∅	2018	∅	2069	∅	∅	∅	∅	∅	∅	∅	2070	∅	∅	2070	∅	∅	∅
alrm_0086,mctulil,bidəmmənəvən.,#	0	b=	idə-m~mənəvən,#	0	ASP=	3N.PST-RED~fall,It was falling,en,MORPHEME_ALIGNED,,alrm_mp3 alrm_wav alrm_eaf alrm_xml alrm_tsv,,642319,643735,##	0:s	=other	v:pred,,alrm,∅	∅	∅	∅,∅	2002	∅	∅,∅	2002	∅	∅
alrm_0087,mctulil,"doto da imatər mata mənəvən o immənəvən me immənəvən me immənəvən immənəvən mənəbət to vənua vətor ar nəmbo moli ba dudo, nəmumə nəmumə nəmumə nəmumə, ar vərdət be dumi to vula ar vəkabet be dumi.",#	#	0	doto	da	i-matər	mat	=a	mənəvən	%	o	0	i-m~mənəvən	#	me	i-m~mənəvən	me	i-m~mənəvən	#	0	i-m~mənəvən	mə=	nə-bət	#	to	vənu	=a	v-ətor	ar	nə-m~bo	moli	ba	du=	do	nə-mumə	#	nə-mumə	nə-mumə	nə-mumə	#	ar	vərdət	be	du=	mi	#	to	vul	=a	ar	və-kabet	be	du=	mi,#	#	0	when;if	PURP	3SG.F.PST-stand	get	=PAT	fall	%	TOP	0	3SG.F.PST-RED~fall	#	and	3SG.F.PST-RED~fall	and	3SG.F.PST-RED~fall	#	0	3SG.F.PST-RED~fall	from=	LOC-PROX2	#	SUB	sun	=SG.CL:MASC	3SG.M.PST-sit	still;also	LOC-RED~UP	real	in	1PL.POSS=	head	LOC-DOWN.FAR	#	LOC-DOWN.FAR	LOC-DOWN.FAR	LOC-DOWN.FAR	#	still;also	darkness	at	1PL.POSS=	eye	#	SUB	night	=SG.CL:MASC	still;also	3SG.M.PST-wind_around	at	1PL.POSS=	eye.PL,"When it [the rain] started to fall, it was falling and falling. It was raining from then until midday (when the sun was up there on top of our head), (the sun goes) down and down, until darkness in front of our eyes, when the night surround our eyes.",en,MORPHEME_ALIGNED,,alrm_mp3 alrm_wav alrm_eaf alrm_xml alrm_tsv,,643735,661090,##	#ac	0:a	other	other	v:pred	rv	=ln	vother:p	%	other	0:s	v:pred	#nc	nc	nc	nc	nc	##	0:s	v:pred	=adp	dem_other:l	#	other	np:s	=rn	v:pred	other	dem_other	other	adp	=ln_pro.1:poss	np:l	rn	#nc	nc	nc	nc	##	other	np:predex	adp	=ln_pro.1:poss	np:other	#	other	np:s	=rn	other	v:pred	adp	=ln_pro.1:poss	np:l,,alrm,∅	∅	∅	∅	∅	∅	∅	∅	∅	∅	∅	∅	∅	∅	∅	∅	∅	∅	∅	∅	∅	∅	∅	∅	∅	∅	∅	∅	∅	∅	∅	∅	∅	bridging	∅	∅	∅	∅	∅	∅	∅	new	∅	∅	bridging	∅	∅	bridging	∅	∅	∅	∅	∅	∅,∅	∅	2002	∅	∅	∅	∅	∅	∅	∅	∅	2002	∅	∅	∅	∅	∅	∅	∅	2002	∅	∅	2066	∅	∅	2018	∅	∅	∅	∅	∅	∅	2001	2071	∅	∅	∅	∅	∅	∅	∅	2072	∅	2054	2073	∅	∅	2074	∅	∅	∅	∅	2054	2073,∅	∅	2002	∅	∅	∅	∅	∅	∅	∅	∅	2002	∅	∅	∅	∅	∅	∅	∅	2002	∅	∅	2066	∅	∅	2018	∅	∅	∅	∅	∅	∅	2001	2071	∅	∅	∅	∅	∅	∅	∅	2072	∅	2054	2073	∅	∅	2074	∅	∅	∅	∅	2054	2073
alrm_0088,mctulil,"me iep o immənəvən konəng immənəvən konəng me kəvənau laik moli e, to immənəvən.",#	0	me	iep	o	i-m~mənəvən	konəng	#	0	i-m~mənəvən	konəng	#	me	kəvənau	laik	moli	=e	to	i-m~mənəvən,#	0	and	3SG.F	TOP	3SG.F.PST-RED~fall	only	#	0	3SG.F.PST-RED~fall	only	#	and	rain	big	real	=SG.CL:FEM	SUB	3SG.F.PST-RED~fall,"And it [the rain] was just falling and falling, and it was really big rain, that was falling.",en,MORPHEME_ALIGNED,,alrm_mp3 alrm_wav alrm_eaf alrm_xml alrm_tsv,,661090,666788,##	0:s	other	pro:s	other	v:pred	other	##	0:s	v:pred	other	##	other	np:s	rn	rn	=rn	other	v:pred,,alrm,∅	∅	∅	∅	∅	∅	∅	∅	∅	∅	∅	∅	∅	∅	∅	∅	∅	∅	∅,∅	2002	∅	2002	∅	∅	∅	∅	2002	∅	∅	∅	∅	2002	∅	∅	∅	∅	∅,∅	2002	∅	2002	∅	∅	∅	∅	2002	∅	∅	∅	∅	2002	∅	∅	∅	∅	∅
alrm_0089,mctulil,toktok mə-- mədərəp na vula o təp ne.,#	0	toktok	mədərəp	n	=a	vul	=a	#	o	təp	n	=e,#	0	end	between	APPL	=PAT	night	=SG.CL:MASC	#	TOP	stop	APPL	=3SG.F.PAT,"In the middle of the night, it stopped.",en,MORPHEME_ALIGNED,,alrm_mp3 alrm_wav alrm_eaf alrm_xml alrm_tsv,,666788,672766,##	0:s_sv	v:pred	adp	adp	=ln	np:other	=rn	#	other	v:pred	rv	=pro:s_sv,,alrm,∅	∅	∅	∅	∅	∅	∅	∅	∅	∅	∅	∅	∅,∅	2002	∅	∅	∅	∅	2074	∅	∅	∅	∅	∅	2002,∅	2002	∅	∅	∅	∅	2074	∅	∅	∅	∅	∅	2002
alrm_0090,mctulil,"doto bətəp ne nanbət, o bə kori immənəvən vəvat me bə miləmiləng konəng, tiritirit konəng.",#	#	doto	bə=	təp	n	=e	nanbət	%	o	bə	kori	0	i-m~mənəvən	vəvat	#	me	bə	miləmiləng	konəng	#	tiritirit	konəng,#	#	when;if	ASP=	stop	APPL	=3SG.F.PAT	like_that	%	TOP	ASP	NEG	0	3SG.F.PST-RED~fall	very	#	and	ASP	drizzle	only	#	drizzle	only,"When it [the rain] stopped like that, it wasn't falling a lot and it was just drizzling,",en,MORPHEME_ALIGNED,,alrm_mp3 alrm_wav alrm_eaf alrm_xml alrm_tsv,,672766,681315,##neg	#	other	=other	v:pred	rv	=pro:s_sv	other	%	other	other	other	0:s	v:pred	rv	##	other	other	other:pred	other	##	other:pred	other,,alrm,∅	∅	∅	∅	∅	∅	∅	∅	∅	∅	∅	∅	∅	∅	∅	∅	∅	∅	∅	∅	∅	∅	∅,∅	∅	∅	∅	∅	∅	2002	∅	∅	∅	∅	∅	2002	∅	∅	∅	∅	∅	∅	∅	∅	∅	∅,∅	∅	∅	∅	∅	∅	2002	∅	∅	∅	∅	∅	2002	∅	∅	∅	∅	∅	∅	∅	∅	∅	∅
alrm_0091,mctulil,"kəvənave imatər mata atade muitəm. to kori immənəvən pikət, me miləmiləng konəng, miləmiləng konəng, miləmiləng konəng.",#	kəvənav	=e	i-matər	mata	a-tade	muitəm	#	0	to	kori	i-m~mənəvən	pikət	#	me	miləmiləng	konəng	#	miləmiləng	konəng	miləmiləng	konəng,#	rain	=SG.CL:FEM	3SG.F.PST-stand	for	ART-week	two.CL:FEM	#	0	SUB	NEG	3SG.F.PST-RED~fall	sharp;intense	#	and	drizzling	only	#	drizzling	only	drizzling	only,"The rain stayed for two weeks, it was not falling intensely, but just drizzling.",en,MORPHEME_ALIGNED,,alrm_mp3 alrm_wav alrm_eaf alrm_xml alrm_tsv,,681315,692363,##	np:s	=rn	v:pred	adp	np:other	nc	#neg	0:s	other	other	v:pred	rv	##	other	other:predex	other	#nc	nc_other	nc	nc_other	nc,,alrm,∅	∅	∅	∅	∅	new	∅	∅	∅	∅	∅	∅	∅	∅	∅	bridging	∅	∅	∅	∅	∅	∅,∅	2002	∅	∅	∅	2075	∅	∅	2002	∅	∅	∅	∅	∅	∅	2076	∅	∅	2076	∅	2076	∅,∅	2002	∅	∅	∅	2075	∅	∅	2002	∅	∅	∅	∅	∅	∅	2076	∅	∅	2076	∅	2076	∅
alrm_0092,mctulil,"me imətor mata atade muitəm, me nangə o bidəbbakət.",#	0	me	i-mətor	mata	a-tade	muitəm	#	me	nangə	o	b=	idə-b~bakət,#	0	and	3SG.F.PST-sit	for	ART-week	two.CL:FEM	#	and	tree	TOP	ASP=	3N.PST-RED~change,"And it [rain] stayed for two weeks, and the trees changed.",en,MORPHEME_ALIGNED,,alrm_mp3 alrm_wav alrm_eaf alrm_xml alrm_tsv,,692363,697974,##	0:s	other	v:pred	adp	np:other	nc	##	other	np:dt_s	other	=other	v:pred,,alrm,∅	∅	∅	∅	∅	∅	∅	∅	∅	∅	∅	∅	∅,∅	2002	∅	∅	∅	2075	∅	∅	∅	2021	∅	∅	∅,∅	2002	∅	∅	∅	2075	∅	∅	∅	2021	∅	∅	∅
alrm_0093,mctulil,"bələllətna kəvəlok ba nangə idəkən, idə to idəmiav idə.",#	bə=	ləl~lət	n	=a	kəvəlok	ba	nangə	idə=	kən	idə	#	to	idə-miav	idə,#	ASP=	RED~arrive	APPL	=PAT	shoots	in	tree	3N.POSS=	neck	3N	#	to	3N.PST-fly	3N,"The new shoots occured on the trees, those that were dried out.",en,MORPHEME_ALIGNED,,alrm_mp3 alrm_wav alrm_eaf alrm_xml alrm_tsv,,697974,702837,##	=other	v:pred	rv	=ln	np:s_sv	adp	ln_np	=ln_pro:poss	np:l	pro:dt	#rc	other	v:pred	pro:s_iv,,alrm,∅	∅	∅	∅	∅	new	∅	∅	∅	bridging	∅	∅	∅	∅	∅,∅	∅	∅	∅	∅	2077	∅	2021	2021	2078	2021	∅	∅	∅	2021,∅	∅	∅	∅	∅	2077	∅	2021	2021	2078	2021	∅	∅	∅	2021
alrm_0094,mctulil,"me tipur ava ləllətna kəvəlok, ava idəttuk.",#	me	tipur	ava	ləl~lət	n	=a	kəvəlok	#	0	ava	idə-t~tuk,#	and	bush	again	RED~arrive	APPL	=PAT	bud	#	0	again	3N.PST-RED~grow,"And the bush, new shoots also occurred, they were growing again.",en,MORPHEME_ALIGNED,,alrm_mp3 alrm_wav alrm_eaf alrm_xml alrm_tsv,,702837,707826,##	other	np:dt	other	v:pred	rv	=ln	np:s_sv	##	0:s	other	v:pred,,alrm,∅	∅	∅	∅	∅	∅	∅	bridging	∅	∅	∅	∅,∅	∅	2020	∅	∅	∅	∅	2079	∅	2079	∅	∅,∅	∅	2020	∅	∅	∅	∅	2079	∅	2079	∅	∅
alrm_0095,mctulil,"io, bətəp ne, təvənma atade muitəm o bətəp na kəvənave.",#	io	bə=	təp	n	=e	#	təvənma	=a	atade	muitəm	o	bə=	təp	n	=a	kəvənav	=e,#	then	ASP=	stop	APPL	=3SG.F.PAT	#	after	=PAT	ART-week	two.CL:FEM	TOP	ASP=	stop	APPL	=PAT	rain	=SG.CL:FEM,"Then it stopped, after two weeks the rain stopped.",en,WORD_ALIGNED,,alrm_mp3 alrm_wav alrm_eaf alrm_xml alrm_tsv,,707826,714458,##	other	=other	v:pred	rv	=pro:s_sv	##	adp	=ln	np:other	nc	other	=other	v:pred	rv	=ln	np:s_sv	=rn,,alrm,∅	∅	∅	∅	∅	∅	∅	∅	∅	∅	∅	∅	∅	∅	∅	∅	∅	∅,∅	∅	∅	∅	∅	2002	∅	∅	∅	2075	∅	∅	∅	∅	∅	∅	2002	∅,∅	∅	∅	∅	∅	2002	∅	∅	∅	2075	∅	∅	∅	∅	∅	∅	2002	∅
alrm_0096,mctulil,"bimmənəvən konəng təbərtəm, do to təbərtəm o nəbət ava etnəvən.",#	0	b=	i-m~mənəvən	konəng	təbərtəm	#	0	do	to	təbərtəm	o	nə-bət	ava	et-nəvən,#	0	ASP=	3SG.F.PST-RED~fall	only	afternoon	#	0	here;now	SUB	afternoon	TOP	LOC-PROX2	again	3SG.F.NPST-fall,"It was just falling in the afternoon, like now when its afternoon, it will still fall.",en,MORPHEME_ALIGNED,,alrm_mp3 alrm_wav alrm_eaf alrm_xml alrm_tsv,,714458,718212,##	0:s	=other	v:pred	other	other	##	0:s	other	other	other:dt	other	dem_other:dt	other	v:pred,,alrm,∅	∅	∅	∅	∅	∅	∅	∅	∅	∅	∅	∅	∅	∅	∅,∅	2002	∅	∅	∅	∅	∅	2002	∅	∅	∅	∅	∅	∅	∅,∅	2002	∅	∅	∅	∅	∅	2002	∅	∅	∅	∅	∅	∅	∅
alrm_0097,mctulil,"io nəvon o go vəti vələgəp o ava vənua, ava go vətivon o ava etnəvən bətəbərtəm konəng.",#	io	nəvon	o	go	vəti	=vələgəp	o	ava	vənu	=a	#	0	ava	go	vəti	=von	o	ava	et-nəvən	bə=	təbərtəm	konəng,#	then	like.this	TOP	NSPEC	day	=DL.CL:DIM	TOP	again	sun	=SG.CL:MASC	#	0	again	NSPEC	day	=3SG.DIM	TOP	again	3SG.F.NPST-fall	ASP=	afternoon	only,"Then like this, after some two days, it was sunny, after one day it [the rain] will fall just in the afternoon.",en,MORPHEME_ALIGNED,,alrm_mp3 alrm_wav alrm_eaf alrm_xml alrm_tsv,,718212,724882,##	other	other	other	ln	np:dt	=rn	other	other	np:predex	=rn	##	0:s	other	ln	np:dt	=rn	other	other	v:pred	=other	other	other,,alrm,∅	∅	∅	∅	∅	new	∅	∅	∅	∅	∅	∅	∅	∅	∅	new	∅	∅	∅	∅	∅	∅	∅,∅	∅	∅	∅	∅	2080	∅	∅	∅	2018	∅	∅	2002	∅	∅	2081	∅	∅	∅	∅	∅	∅	∅,∅	∅	∅	∅	∅	2080	∅	∅	∅	2018	∅	∅	2002	∅	∅	2081	∅	∅	∅	∅	∅	∅	∅
alrm_0098,mctulil,"doto vənua bəvətton təvi ava nanbət, io, vəti təgəvon, o ToVəvəi, David, va mukəm (iap to vəbena) Senta ve ti təgəta, ana va dərnge, ikkərtang, da ipəppətə ba ioivoi ioibət, to udu dumu kəvənave nəbo. ga urənga və nung.",#	doto	vənu	=a	bə=	və-t~ton	təvi	ava	nanbət	#	io	vəti	təgə	=von	o	to-Vəvəi	David	va	mukəm	Senta	ve	ti	təgət	=a	a-n	=a	va	dərng	=e	ik-kərtang	#	0	da	ip-əp~pətə	ba	ioi	=voi	voi-bət	#	to	udu	du-mu	kəvənav	=e	nə-bo	ga	urəng	=a	və	nung,#	when;if	sun	=SG.CL:MASC	ASP=	3SG.M.PST-RED~look	along	again	like_that	#	then	day	one	=3SG.DIM	TOP	ART.M-Vəvəi	David	3SG.M.POSS	in_law	Senta	3SG.F.POSS	parent	one	=SG.CL:MASC	3SG.M-COM	=PAT	3SG.M.POSS	old	=SG.CL:FEM	3SG.F.PST-arise	#	0	PURP	3DL.M.PST-RED~hand_collect_fishery	in	water	=voi	3SG.FLAT-PROX2	#	REL	1PL	1PL.PST-put	rain	=SG.CL:FEM	LOC-UP	across	waterfall	=SG.CL:MASC	və	bottom,"When the sun showed up once in a while like that, on day, Vəvəi David's in-law, one of Senta's fathers, he and his wife, they got up for them to collect fish in the river, where we put rain potion up there, at the top (origin) of the waterfall.",en,MORPHEME_ALIGNED,,alrm_mp3 alrm_wav alrm_eaf alrm_xml alrm_tsv,,724882,755717,##	other	np:s	=rn	=other	v:pred	other	other	other	##	other	np:dt	rn	=rn	other	ln_pn_np.h	ln_pn_np.h:poss	ln_pro.h:poss	np.h:s	ln_pn_np.h:poss	ln_pro.h:poss	np.h:appos	rn	=rn	pro.h:appos	=rn	rn_pro.h:poss	rn_np.h	=rn	v:pred	#	0.h:s	other	v:pred	adp	np:l	=rn	other	#rc	other	pro.1:a	v:pred	np:p	=rn	dem_other	adp	ln_np:poss	=ln	ln_pro:poss	np:g,,alrm,∅	∅	∅	∅	∅	∅	∅	∅	∅	∅	∅	∅	∅	∅	∅	∅	∅	∅	new	∅	∅	new	∅	∅	∅	∅	∅	new	∅	∅	∅	bridging	∅	∅	∅	∅	∅	∅	∅	∅	∅	∅	∅	∅	∅	∅	∅	∅	∅	bridging,∅	∅	2018	∅	∅	∅	∅	∅	∅	∅	∅	∅	∅	∅	∅	∅	2053	2053	2082	2014	2014	2083	∅	∅	2082	∅	2082	2084	∅	∅	∅	2085	∅	∅	∅	2027	∅	∅	∅	∅	2054	∅	2002	∅	∅	∅	2059	∅	2059	2086,∅	∅	2018	∅	∅	∅	∅	∅	∅	∅	∅	∅	∅	∅	∅	∅	2053	2053	2082	2014	2014	2083	∅	∅	2082	∅	2082	2084	∅	∅	∅	2085	∅	∅	∅	2027	∅	∅	∅	∅	2054	∅	2002	∅	∅	∅	2059	∅	2059	2086
alrm_0099,mctulil,"me ip o kori ittəm ite, kəvənave ebo.",#	0	me	ip	o	kori	it-təm	it-e	#	kəvənav	=e	e-bo,#	0	and	3DL.M	TOP	NEG	3DL.M.PST-know	3DL.M-QUOT	#	rain	=SG.CL:FEM	3SG.F-UP,And the two didn't know that the rain potion was up there.,en,MORPHEME_ALIGNED,,alrm_mp3 alrm_wav alrm_eaf alrm_xml alrm_tsv,,755717,759024,##neg	0.h:s	other	pro.h:dt_s	other	other	v:pred	other	#cc	np:s	=rn	dem_other:pred_l,,alrm,∅	∅	∅	∅	∅	∅	∅	∅	∅	∅	∅	∅,∅	2085	∅	2085	∅	∅	∅	∅	∅	2002	∅	∅,∅	2085	∅	2085	∅	∅	∅	∅	∅	2002	∅	∅
alrm_0100,mctulil,"ipəppətə təvi konəng na ioivoi nəmbo nəmbo nəmbo, io, tove, be von to kəvənave immənəvən o iləma vanəng ba ioivoi, io vat təvi na rovənəm o (vətəvat--) vu vənəm nəmumə ba tənovən nəmu ba ioivoi.",#	0	ipə-p~pətə	təvi	konəng	n	=a	ioi	=voi	nə-m~bo	nə-m~bo	nə-m~bo	#	io	#	tove	be	von	#	to	kəvənav	=e	i-m~mənəvən	%	o	iləm	=a	0	v-anəng	ba	ioi	=voi	%	io	v-at	təvi	n	=a	ro	=vənəm	#	0	o	v-u	vənəm	nə-mumə	ba	nə-mu	ba	ioi	=voi,#	0	3DL.M.PST-RED~hand_collect_fish	along	only	INSTR	=PAT	water	=voi	LOC-RED~UP	LOC-RED~UP	LOC-RED~UP	#	then	#	because	at	3SG.DIM	#	REL	rain	=SG.CL:FEM	3SG.F.PST-RED~fall	%	TOP	flood	=SG.CL:MASC	0	3SG.M.PST-run	in	water	=voi	%	then	3SG.M.PST-get	along	APPL	=PAT	bamboo	=SG.CL:SHORT	#	0	TOP	3SG.M.PST-put	SG.CL:SHORT	LOC-DOWN.FAR	in	LOC-IN	in	water	=voi,"They were collecting fish along the river, up and up, then because at the time when the rain was falling, the flood ran in the river, and got the bamboo cut (with the potion) along the way, and put it down there in the rubbish pile in the river.",en,MORPHEME_ALIGNED,,alrm_mp3 alrm_wav alrm_eaf alrm_xml alrm_tsv,,759024,775643,##	0.h:s	v:pred	rv	rv	adp	=ln	np:l	=rn	dem_other:g	nc	nc	##	other	#ac	other	adp	cl_pro:dt	#rc	other	np:s	=rn	v:pred	%	other	np:s	=rn	0:a	v:pred	adp	np:g	=rn	%	other	v:pred	rv	rv	=ln	np:p	=rn	#	0:a	other	v:pred	pro:p	dem_other	adp	dem_other:g	rn	rn_np	=rn,,alrm,∅	∅	∅	∅	∅	∅	∅	∅	∅	∅	∅	∅	∅	∅	∅	∅	∅	bridging	∅	∅	∅	∅	∅	∅	∅	∅	∅	bridging	∅	∅	∅	∅	∅	∅	∅	∅	∅	∅	∅	∅	∅	∅	∅	∅	∅	∅	∅	∅	∅	∅	∅,∅	2085	∅	∅	∅	∅	∅	2027	∅	∅	∅	∅	∅	∅	∅	∅	∅	2087	∅	∅	2002	∅	∅	∅	∅	2088	∅	2088	∅	∅	2027	∅	∅	∅	∅	∅	∅	∅	2052	∅	∅	2088	∅	∅	2052	∅	∅	2086	∅	2027	∅,∅	2085	∅	∅	∅	∅	∅	2027	∅	∅	∅	∅	∅	∅	∅	∅	∅	2087	∅	∅	2002	∅	∅	∅	∅	2088	∅	2088	∅	∅	2027	∅	∅	∅	∅	∅	∅	∅	2052	∅	∅	2088	∅	∅	2052	∅	∅	2086	∅	2027	∅
alrm_0101,mctulil,"io doto ip ipmana tənovən, o itton təbema rovənəm.",#	io	#	doto	ip	ip-man	=a	tənovən	%	o	0	it-ton	tə=	bem	=a	ro	=vənəm,#	then	#	when;if	3DL.M	3DL.M.PST-remove	=PAT	tənovən	%	TOP	0	3DL.M.PST-look	to=	at	=PAT	bamboo	=SG.CL:SHORT,"When they removed the rubbish pile, they saw the bamboo cut.",en,MORPHEME_ALIGNED,,alrm_mp3 alrm_wav alrm_eaf alrm_xml alrm_tsv,,775643,780838,##	other	#ac	other	pro.h:a	v:pred	=ln	np:p	%	other	0.h:a	v:pred	=rv	rv	=ln	np:p	=rn,,alrm,∅	∅	∅	∅	∅	∅	∅	bridging	∅	∅	∅	∅	∅	∅	∅	∅	∅,∅	∅	∅	∅	2085	∅	∅	2089	∅	∅	2085	∅	∅	∅	∅	2052	∅,∅	∅	∅	∅	2085	∅	∅	2089	∅	∅	2085	∅	∅	∅	∅	2052	∅
alrm_0102,mctulil,"itton təbe vənəm nandi io ip o ittən ite, go təreuk to kurek do təda dok, leir na molimolita da takəngəp.",#	0	it-ton	tə=	be	vənəm	nandi	#	0	io	ip	o	it-tən	it-e	#	0	go	təreuk	#	0	to	kurek	do	təd	#	=a	dok	leir	n	=a	molimoli	=ta	#	0	da	tak-əngəp,#	0	3DL.M.PST-look	to=	at	3SG.SHORT	like_this	#	0	then	3DL.M	TOP	3DL.M.PST-think	3DL.M-QUOT	#	0	NSPEC	thing.PL	#	0	REL	bad	here;now	for	#	=PAT	kill	harm	APPL	=PAT	people	=PL.CL:HUM	#	0	PURP	3PL.NPST-die,"They saw it like this, they thought it was something bad for killing, harming people so they die.",en,MORPHEME_ALIGNED,,alrm_mp3 alrm_wav alrm_eaf alrm_xml alrm_tsv,,780838,789787,##	0.h:a	v:pred	=rv	rv	pro:p	other	##	0.h:s	other	pro.h:dt_s	other	v:pred	other	#cc	0:s	ln	np:pred	#rc	0:s	other	other:pred	other	adp	#cc:obl	=ln	vother:pred	rv	rv	=ln	np:p	=rn	#	0.h:s	other	v:pred,,alrm,∅	∅	∅	∅	∅	∅	∅	∅	∅	∅	∅	∅	∅	∅	∅	∅	∅	∅	∅	∅	∅	∅	∅	∅	∅	∅	∅	∅	∅	∅	∅	∅	∅	∅	∅	∅,∅	2085	∅	∅	∅	2052	∅	∅	2085	∅	2085	∅	∅	∅	∅	2052	∅	∅	∅	∅	∅	∅	∅	∅	∅	∅	∅	∅	∅	∅	∅	∅	∅	2085	∅	∅,∅	2085	∅	∅	∅	2052	∅	∅	2085	∅	2085	∅	∅	∅	∅	2052	∅	∅	∅	∅	∅	∅	∅	∅	∅	∅	∅	∅	∅	∅	∅	∅	∅	2085	∅	∅
alrm_0103,mctulil,"io mata molimolia avi ana va dərnge ipmata rovənəm, io ipvalət pənəm.",#	io	mata	molimoli	=a	a-vi	a-n	=a	va	dərng	=e	ip-mat	=a	ro	=vənəm	#	0	io	ip-valət	pənəm,#	then	until	people	=SG.CL:MASC	3SG.M-PROX1	3SG.M-COM	=PAT	3SG.M.POSS	old	=SG.CL:FEM	3DL.M.PST-get	=PAT	bamboo	=SG.CL:SHORT	#	0	then	3DL.M.PST-break	pənəm,"Then the man and his wife they got the bamboo cut, they split it.",en,MORPHEME_ALIGNED,,alrm_mp3 alrm_wav alrm_eaf alrm_xml alrm_tsv,,789787,802475,##	other	other	np.h:a	=rn	rn	pro.h:appos	=rn	rn_pro.h:poss	rn_np.h	=rn	v:pred	=ln	np:p	=rn	##	0.h:a	other	v:pred	pro:p,,alrm,∅	∅	∅	∅	∅	∅	∅	∅	∅	∅	∅	∅	∅	∅	∅	∅	∅	∅	∅	∅,∅	∅	∅	2085	∅	∅	2085	∅	2082	2084	∅	∅	∅	2052	∅	∅	2085	∅	∅	2052,∅	∅	∅	2085	∅	∅	2085	∅	2082	2084	∅	∅	∅	2052	∅	∅	2085	∅	∅	2052
alrm_0104,mctulil,"doto ipvalət pənəm, o tərona to kəlon, vəvat moli, təron vəvata.",#	#	0	doto	ip-valət	pənəm	%	o	təron	=a	to	kəlon	vəvat	moli	#	təron	vəvat	=a,#	#	0	when;if	3DL.M.PST-break	pənəm	%	TOP	smell	=SG.CL:MASC	belong_to	rotten	very	real	#	smell	very	=SG.CL:MASC,"When they split the bamboo cut, the smell of decay was really strong, very strong smell.",en,MORPHEME_ALIGNED,,alrm_mp3 alrm_wav alrm_eaf alrm_xml alrm_tsv,,802475,812994,##	#ac	0.h:a	other	v:pred	pro:p	%	other	np:s	=rn	rn	rn	other:pred	rv	##	np:predex	rn	=rn,,alrm,∅	∅	∅	∅	∅	∅	∅	∅	new	∅	∅	∅	∅	∅	∅	∅	∅	∅,∅	∅	2085	∅	∅	2052	∅	∅	2090	∅	∅	∅	∅	∅	∅	2090	∅	∅,∅	∅	2085	∅	∅	2052	∅	∅	2090	∅	∅	∅	∅	∅	∅	2090	∅	∅
alrm_0105,mctulil,"me kənogəle ubət, vərən, o (l)lətnidə təkənəbət to ar vuvən idə nəmu bema.",#	me	kənogəl	=e	u-bət	vərən	o	lət	n	=idə	təkə=	nə-bət	#	to	ar	idə	nə-mu	bem	=a,#	and	fly.sp.	=SG.CL:FEM	3N-PROX2	black	TOP	arrive	APPL	=3N	to=	LOC-PROX2	#	SUB	still;also	3N	LOC-IN	at	=3SG.M.PAT,"and the flies, black, they occur there ??",en,MORPHEME_ALIGNED,,alrm_mp3 alrm_wav alrm_eaf alrm_xml alrm_tsv,,812994,818706,##	other	np:dt_s	=rn	rn	other:appos	other	v:pred	rv	=pro:s_sv	=adp	dem_other:g	#nc	nc	nc	nc	nc	nc	nc,,alrm,∅	∅	new	∅	∅	∅	∅	∅	∅	∅	∅	∅	∅	∅	∅	∅	∅	∅	∅,∅	∅	2091	∅	∅	2091	∅	∅	∅	2091	∅	2086	∅	∅	∅	∅	∅	∅	∅,∅	∅	2091	∅	∅	2091	∅	∅	∅	2091	∅	2086	∅	∅	∅	∅	∅	∅	∅
alrm_0106,mctulil,tərevənik to ve bə kəlon idə.,#	təre	=vənik	tove	bə=	kəlon	idə,#	thing	=PL.CL:DIM	because	ASP=	rotten	3N,Things [the herbs] were rotten.,en,MORPHEME_ALIGNED,,alrm_mp3 alrm_wav alrm_eaf alrm_xml alrm_tsv,,818706,821844,##	np:dt_s	=rn	other	=other	other:pred	pro:s,,alrm,∅	∅	∅	∅	∅	∅	∅,∅	2047	∅	∅	∅	∅	2047,∅	2047	∅	∅	∅	∅	2047
alrm_0107,mctulil,"io doto ikvalət pənəm təkənəmu da ava ittur mənidə da təkənəmu ba ioi nandi, akəra ava kəvənau kəmərone ava imənəvən.",#	#	0	io	doto	ik-valət	pənəm	təkə=	nə-mu	#	0	da	ava	it-tur	mən	=idə	da	təkə=	nə-mu	ba	ioi	nandi	%	akəra	ava	kəvənau	kəməron	=e	ava	i-mənəvən,#	#	0	then	when;if	ik-valət	pənəm	to=	LOC-IN	#	0	PURP	again	3DL.M.PST-wash	off	=3N	PURP	to=	LOC-IN	in	water	like_this	%	just	again	rain	different	=SG.CL:FEM	again	3SG.F.PST-fall,"Then when they split it in there (in the river) so they washed off them into the river, a different rain fell again.",en,MORPHEME_ALIGNED,,alrm_mp3 alrm_wav alrm_eaf alrm_xml alrm_tsv,,821844,831586,##	#ac	0.h:a	other	other	v:pred	pro:p	=adp	dem_other:l	#	0.h:a	other	other	v:pred	rv	=pro:p	other	=adp	dem_other	adp	np:g	other	%	other	other	np:s	rn	=rn	other	v:pred,,alrm,∅	∅	∅	∅	∅	∅	∅	∅	∅	∅	∅	∅	∅	∅	∅	∅	∅	∅	∅	∅	∅	∅	∅	∅	∅	∅	∅	∅	∅	∅,∅	∅	2085	∅	∅	∅	2047	∅	2027	∅	2085	∅	∅	∅	∅	2052	∅	∅	∅	∅	2027	∅	∅	∅	∅	2002	∅	∅	∅	∅,∅	∅	2085	∅	∅	∅	2047	∅	2027	∅	2085	∅	∅	∅	∅	2052	∅	∅	∅	∅	2027	∅	∅	∅	∅	2002	∅	∅	∅	∅
alrm_0108,mctulil,bəkəvənau bəlaik moli e to imənəvən nandi ileir na logəvətak vətak to təmu vətak bərənma tuk laik da vəduvədur idəmmanəng o (i--) kəvənave ippət dəm.,#	bə=	kəvənau	bə=	laik	moli	=e	#	0	to	i-mənəvən	nandi	#	0	i-leir	n	=a	logə	=vətak	vətak	#	0	to	tə-mu	vətak	bərənm	=a	tuk	laik	#	0	da	vəduvədur	idə-m~manəng	#	o	kəvənav	=e	i-p~pət	dəm,#	ASP=	rain	ASP=	big	real	=3SG.F.PAT	#	0	SUB	3SG.F.PST-fall	like_this	#	0	3SG.F.PST-harm	APPL	=PAT	bridge	=PL.CL:SEG	3PL.SEG	#	0	REL	3PL.PST-put	3PL.SEG	over	=PAT	road	big	#	0	PURP	car.PL	3N.PST-RED~run	#	TOP	rain	=SG.CL:FEM	3SG.F.PST-RED~break	on,"A really big rain that fell, it destroyed the bridges they put over the big road, for the cars to run, rain broke them.",en,MORPHEME_ALIGNED,,alrm_mp3 alrm_wav alrm_eaf alrm_xml alrm_tsv,,831586,841881,##	=other	np:predex	=rn	rn	rn	=rn	#	0:s	other	v:pred	other	##	0:a	v:pred	rv	=ln	np:p	=rn	cl_pro:appos	#rc	0.h:a	other	v:pred	pro:p	adp	=ln	np:g	rn	#	0:p	other	np:s	v:pred	#	other	np:a	=rn	v:pred	rv,,alrm,∅	∅	∅	∅	∅	∅	∅	∅	∅	∅	∅	∅	∅	∅	∅	∅	∅	new	∅	∅	∅	∅	∅	∅	∅	∅	∅	∅	∅	∅	∅	∅	new	∅	∅	∅	∅	∅	∅	∅,∅	∅	2002	∅	∅	∅	∅	∅	2002	∅	∅	∅	∅	2002	∅	∅	∅	2092	∅	2092	∅	∅	∅	∅	2092	∅	∅	2032	∅	∅	2092	∅	2093	∅	∅	∅	2002	∅	∅	∅,∅	∅	2002	∅	∅	∅	∅	∅	2002	∅	∅	∅	∅	2002	∅	∅	∅	2092	∅	2092	∅	∅	∅	∅	2092	∅	∅	2032	∅	∅	2092	∅	2093	∅	∅	∅	2002	∅	∅	∅
alrm_0109,mctulil,da logəvətak o bə-- logə balakətəria vətak bə ioi balakətəria viok o kəvənave ileir nidə.,#	logə	balakətəria	vətak	bə	ioi	balakətəria	viok	o	kəvənav	=e	i-leir	n	=idə,#	bridge	four	PL.CL:SEG	ASP	water	four	PL.CL:FLAT	TOP	rain	=SG.CL:FEM	3SG.F.PST-harm	APPL	=3N,"four bridges over four rivers, the rain destroyed them.",en,MORPHEME_ALIGNED,,alrm_mp3 alrm_wav alrm_eaf alrm_xml alrm_tsv,,841881,847736,##	np:dt_p	rn	rn	other	np:dt	rn	rn	other	np:a	=rn	v:pred	rv	=pro:p,,alrm,∅	∅	∅	∅	∅	∅	∅	∅	∅	∅	∅	∅	∅	∅,∅	2092	∅	∅	∅	2027	∅	∅	∅	2002	∅	∅	∅	2092,∅	2092	∅	∅	∅	2027	∅	∅	∅	2002	∅	∅	∅	2092
alrm_0110,mctulil,"doto lətnip təkənəmə ba məngəda, o bətəmmatme da bokbok.",#	#	doto	lət	n	=ip	təkə=	nə-mə	ba	məngəd	=a	%	o	bə=	0	tə-m~matme	da	bokbok,#	#	when;if	arrive	APPL	=3DL.M	to=	LOC-DOWN	in	home;village	=SG.CL:MASC	%	TOP	ASP=	0	3PL.PST-RED~work	on	talk,"When they arrived down there at home, they started spreading the words [lit. work on talk].",en,MORPHEME_ALIGNED,,alrm_mp3 alrm_wav alrm_eaf alrm_xml alrm_tsv,,847736,853851,##	#ac	other	v:pred	rv	=pro.h:s_sv	=adp	dem_other	adp	np:g	=rn	%	other	=other	0.h:a	v:pred	rv	np:p,,alrm,∅	∅	∅	∅	∅	∅	∅	∅	∅	∅	∅	∅	∅	∅	∅	∅	∅	bridging,∅	∅	∅	∅	∅	2085	∅	∅	∅	2010	∅	∅	∅	∅	2085	∅	∅	2094,∅	∅	∅	∅	∅	2085	∅	∅	∅	2010	∅	∅	∅	∅	2085	∅	∅	2094
alrm_0111,mctulil,"tate, udu lokpənik məndo be Rəbəul o dukəbənəta go təre kureka nəbo da təda leir na molimolita.",#	0	tat-e	#	0	udu	lok	=pənik	mən=	do	be	Rəbəul	o	du-kəbənət	=a	go	təre	kurek	=a	nə-bo	da	təd	=a	#	leir	n	=a	molimoli	=ta,#	0	3PL-QUOT	#	0	1PL	man	=PL.CL:DIM	from=	here	at	Rəbəul	TOP	1PL.PST-make	=PAT	NSPEC	təre	bad	=SG.CL:MASC	LOC-UP	PURP	for	=PAT	#	harm	APPL	=PAT	people	=PL.CL:HUM,"They said, us young man from Rabaul, we made something bad up there for harming people.",en,MORPHEME_ALIGNED,,alrm_mp3 alrm_wav alrm_eaf alrm_xml alrm_tsv,,853851,864367,##	0.h:s	other:pred	#ds	0.1:a	pro.1:dt_a	np:appos	=rn	=rn	rn	rn	rn_pn_np	other	v:pred	=ln	ln	np:p	rn	=rn	dem_other:l	other	adp	=ln	#cc:obl	vother:pred	rv	=ln	np:p	=rn,,alrm,∅	∅	∅	∅	∅	∅	∅	∅	∅	∅	∅	∅	∅	∅	∅	∅	bridging	∅	∅	∅	∅	∅	∅	∅	∅	∅	∅	∅	∅,∅	2085	∅	∅	2006	2006	2006	∅	∅	∅	∅	2007	∅	∅	∅	∅	2095	∅	∅	2059	∅	∅	∅	∅	∅	∅	∅	∅	∅,∅	2085	∅	∅	2006	2006	2006	∅	∅	∅	∅	2007	∅	∅	∅	∅	2095	∅	∅	2059	∅	∅	∅	∅	∅	∅	∅	∅	∅
alrm_0112,mctulil,"io doto ToVəvəi, Katiket, və-- vata bokbok, o ana va dərnge ikruv udu da itəttir udu.",#	#	io	doto	to-Vəvəi	Katiket	v-at	=a	bokbok	%	o	a-n	=a	va	dərng	=e	ikruv	=udu	#	0	da	itə-t~tir	udu,#	#	then	when;if	ART.M-Vəvəi	catechist	3SG.M.PST-get	=PAT	talk	%	TOP	3SG.M-COM	=PAT	3SG.M.POSS	old	=SG.CL:FEM	ikruv	=1PL	#	0	PURP	3DL.M.NPST-RED~ask	1PL,"Then when Vəvəi, Catechist, heard the words, he and his wife gathered up for them to ask us.",en,MORPHEME_ALIGNED,,alrm_mp3 alrm_wav alrm_eaf alrm_xml alrm_tsv,,864367,878871,##	#ac	other	other	pn_np.h:a	pn_np.h:appos	v:pred	=ln	np:p	%	other	pro.h:a	=ln	ln_pro.h:poss	np:appos	=rn	v:pred	=pro.1:p	#	0.h:a	other	v:pred	pro.1:p,,alrm,∅	∅	∅	∅	new	∅	∅	∅	∅	∅	∅	∅	∅	∅	new	∅	∅	∅	∅	∅	∅	∅	∅,∅	∅	∅	∅	2096	2096	∅	∅	2094	∅	∅	2096	∅	2096	2097	∅	∅	2085	∅	2085	∅	∅	2006,∅	∅	∅	∅	2096	2096	∅	∅	2094	∅	∅	2096	∅	2096	2097	∅	∅	2085	∅	2085	∅	∅	2006
alrm_0113,mctulil,"ipməngar-- ittir mərek nudu me ipməti mərek da bokbok ite, nəbo gəvənma urənga, to təton təbema uvi.",#	0	it-tir	mərek	n	=udu	#	0	me	ip-məti	mərek	da	bokbok	it-e	#	0	nə-bo	gəvənm	=a	urəng	=a	to	tə-ton	tə=	bem	=a	u-vi,#	0	3DL.M.PST-ask	good	APPL	=1PL	#	0	and	3DL.M.PST-explain	good	on	talk	3DL.M-QUOT	#	0	LOC-UP	under	=PAT	waterfall	=SG.CL:MASC	SUB	3PL.PST-look	to=	at	=PAT	3N-PROX1,"They asked us well (in good manner) and they explained well about the gossip they said, up there under the water fall, that they saw these.",en,MORPHEME_ALIGNED,,alrm_mp3 alrm_wav alrm_eaf alrm_xml alrm_tsv,,878871,887607,##	0.h:a	v:pred	rv	rv	=pro.1:p	##	0.h:a	other	v:pred	rv	rv	np:p	other	#cc	0.h:a	dem_other	adp	=ln	np:dt	=rn	other	v:pred	=rv	rv	=ln	dem_pro:p,,alrm,∅	∅	∅	∅	∅	∅	∅	∅	∅	∅	∅	∅	∅	∅	∅	∅	∅	∅	∅	∅	∅	∅	∅	∅	∅	∅	∅,∅	2085	∅	∅	∅	2006	∅	2085	∅	∅	∅	∅	2094	∅	∅	2085	∅	∅	∅	2059	∅	∅	∅	∅	∅	∅	2052,∅	2085	∅	∅	∅	2006	∅	2085	∅	∅	∅	∅	2094	∅	∅	2085	∅	∅	∅	2059	∅	∅	∅	∅	∅	∅	2052
alrm_0114,mctulil,"me ipməngar ite, molimolita təməngar tate, ubo o go təreuk kurek to udu duvok-- dukəbənət idə, da təda pən ma molimolita.",#	0	me	ip-məngar	it-e	#	molimoli	=ta	tə-məngar	tat-e	#	u-bo	o	go	təreuk	kurek	#	to	udu	du-kəbənət	idə	da	təd	#	=a	pən-m	=a	molimoli	=ta,#	0	and	3DL.M.PST-say	3DL.M-QUOT	#	people	=PL.CL:HUM	3PL.PST-say	3PL-QUOT	#	3N-UP	TOP	NSPEC	thing	bad	#	REL	1PL	1PL.PST-make	3N	PURP	for	#	=PAT	fight-APPL	=PAT	people	=PL.CL:HUM,"And they said, people said, up there is some bad things we made, for killing people.",en,MORPHEME_ALIGNED,,alrm_mp3 alrm_wav alrm_eaf alrm_xml alrm_tsv,,887607,899764,##	0.h:s_ds	other	v:pred	other	##	np:s_ds	=rn	v:pred	other	#ds	dem_pro:s	other	ln	np:pred	rn	#rc	other	pro.1:a	v:pred	pro:p	other	adp	#cc:obl	=lv	vother:pred	=ln	np.h:p	=rn,,alrm,∅	∅	∅	∅	∅	∅	∅	∅	∅	∅	∅	∅	∅	∅	∅	∅	∅	∅	∅	∅	∅	∅	∅	∅	∅	∅	∅	∅	∅,∅	2085	∅	∅	∅	∅	2085	∅	∅	∅	∅	2059	∅	∅	2095	∅	∅	∅	2006	∅	2095	∅	∅	∅	∅	∅	∅	∅	∅,∅	2085	∅	∅	∅	∅	2085	∅	∅	∅	∅	2059	∅	∅	2095	∅	∅	∅	2006	∅	2095	∅	∅	∅	∅	∅	∅	∅	∅
alrm_0115,mctulil,"io, me doto nəbət o itəttir udu, me ipəpumat nudu, o nəbo o ga kəvənau laike evi to immənəvən, iep to da bileir na logəvətak be tuk laik to vəduvədur idəmmanəng mənu idə, ubo pətpət dəm.",#	io	me	#	0	doto	nə-bət	o	itə-t~tir	udu	#	0	me	ipə-pumat	n	=udu	%	%	o	nə-bo	o	ga	kəvənau	laik	=e	e-vi	#	to	i-m~mənəvən	iep	#	0	to	da	b=	i-leir	n	=a	logə	=vətak	be	tuk	laik	#	to	vəduvədur	idə-m~manəng	mənu	idə	#	u-bo	pət~pət	dəm,#	then	and	#	0	when;if	LOC-PROX2	TOP	3DL.M.PST-RED~ask	1PL	#	0	and	3DL.PST-imply	APPL	=1PL	%	%	TOP	LOC-UP	TOP	across	rain	big	=SG.CL:FEM	3SG.F-PROX1	#	REL	3SG.F.PST-RED~fall	3SG.F	#	0	SUB	PURP	ASP=	3SG.F.PST-harm	APPL	=PAT	bridge	=PL.CL:SEG	at	road	big	#	REL	car.PL	3N.PST-RED~run	back_of	3N	#	3N-IN	RED~break	on,"when they asked us, they talked in a implying way, and up there when the big rain was falling, it destroyed the bridges on the big road where the cars were running on top, those things were broken.",en,MORPHEME_ALIGNED,,alrm_mp3 alrm_wav alrm_eaf alrm_xml alrm_tsv,,899764,915014,##	other	other	#ac	0.h:a	other	dem_other:dt	other	v:pred	pro.1:p	#	0.h:a	other	v:pred	rv	=pro.1:p	%	%	other	dem_other:dt	other	other	np:dt_s	rn	=rn	rn	#rc	other	v:pred	nc	#	0.h:s	other	other	=other	v:pred	rv	=ln	np:p	=rn	adp	np:l	rn	#rc	other	np:s	v:pred	adp	pro:l	##	dem_pro:s	other:pred	rv,,alrm,∅	∅	∅	∅	∅	∅	∅	∅	∅	∅	∅	∅	∅	∅	∅	∅	∅	∅	∅	∅	∅	∅	∅	∅	∅	∅	∅	∅	∅	∅	∅	∅	∅	∅	∅	∅	∅	∅	∅	∅	∅	∅	∅	∅	∅	∅	∅	∅	∅	∅	∅	∅	∅,∅	∅	∅	∅	2085	∅	∅	∅	∅	2006	∅	2085	∅	∅	∅	2006	∅	∅	∅	2059	∅	∅	2002	∅	∅	∅	∅	∅	∅	∅	∅	2002	∅	∅	∅	∅	∅	∅	2092	∅	∅	2032	∅	∅	∅	2093	∅	∅	2092	∅	2092	∅	∅,∅	∅	∅	∅	2085	∅	∅	∅	∅	2006	∅	2085	∅	∅	∅	2006	∅	∅	∅	2059	∅	∅	2002	∅	∅	∅	∅	∅	∅	∅	∅	2002	∅	∅	∅	∅	∅	∅	2092	∅	∅	2032	∅	∅	∅	2093	∅	∅	2092	∅	2092	∅	∅
alrm_0116,mctulil,"tove umu o ve lovakəti to iləm mənəmbo ba ioiviok uvi to idəbunən mənəmbo, lovakəti to vəti tove kati dame kori ipvaləte, kori ipvaləte me kori iklotie təbəro, me dame avar udu duleir ne məte vət to avar udu dutəm.",#	tove	u-mu	o	ve	lovakəti	to	iləm	mə=	nə-m~bo	ba	ioi	=viok	u-vi	#	0	to	idə-bunən	mə=	nə-m~bo	#	lovakəti	to	vəti	#	0	tove	kati	dame	kori	ip-valət	=e	#	0	kori	ip-valət	=e	#	0	me	kori	ik-lotie	=e	tə=	bəro	#	me	dame	avar	udu	du-leir	n	=e	məte	vət	#	to	avar	udu	du-təm,#	because	3N-IN	TOP	also	hot	belong.to	flood	from=	LOC-RED~UP	in	water	=PL.CL:FLAT	3N-PROX1	#	0	REL	3N.PST-climb	from=	LOC-RED~UP	#	hot	belong_to	3SG.SEG	#	0	because	SUBJ	PURP.SUBJ	NEG	3DL.M.PST-break	=3SG.F.PAT	#	0	NEG	3DL.M.PST-break	=3SG.F.PAT	#	0	and	NEG	3DL.M.PST-pour	=3SG.F.PAT	to=	in_creek	#	and	PURP.SUBJ	also	1PL	1PL.PST-destroy	APPL	=3SG.F.PAT	like	3SG.SEG	#	REL	also	1PL	1PL.PST-know,"because the anger of the flood from up there in those rivers that were going down from up there, the anger of that because if only they didn't split the thing, they didn't split it and they didn't pour them into the water, if only we destroyed it, like the part of knowledge we know.",en,MORPHEME_ALIGNED,,alrm_mp3 alrm_wav alrm_eaf alrm_xml alrm_tsv,,915014,929514,##	other	dem_pro:s	other	other	np:pred	rn	rn	=rn	rn	rn	rn_np	=rn	rn	#rc	0:s	other	v:pred	=adp	dem_other:l	##	np:predex	rn	rn	#ac.neg	0.h:a	other	other	other	other	v:pred	=pro:p	#neg	0.h:a	other	v:pred	=pro:p	#neg	0.h:a	other	other	v:pred	=pro:p	=adp	np:g	#	other	other	other	pro.1:a	v:pred	rv	=pro:p	other	cl_pro:other	#rc	other	other	pro.1:s	v:pred,,alrm,∅	∅	∅	∅	∅	∅	∅	∅	∅	∅	∅	∅	∅	∅	∅	∅	∅	∅	∅	∅	∅	bridging	∅	∅	∅	∅	∅	∅	∅	∅	∅	∅	∅	∅	∅	∅	∅	∅	∅	∅	∅	∅	∅	∅	∅	∅	∅	∅	∅	∅	∅	∅	∅	∅	∅	∅	∅	∅	∅	∅,∅	∅	2088	∅	∅	∅	∅	2088	∅	∅	∅	2027	∅	∅	∅	2052	∅	∅	∅	2059	∅	2098	∅	2088	∅	2085	∅	∅	∅	∅	∅	2052	∅	2085	∅	∅	2052	∅	2085	∅	∅	∅	2047	∅	2027	∅	∅	∅	∅	2054	∅	∅	2052	∅	∅	∅	∅	∅	2054	∅,∅	∅	2088	∅	∅	∅	∅	2088	∅	∅	∅	2027	∅	∅	∅	2052	∅	∅	∅	2059	∅	2098	∅	2088	∅	2085	∅	∅	∅	∅	∅	2052	∅	2085	∅	∅	2052	∅	2085	∅	∅	∅	2047	∅	2027	∅	∅	∅	∅	2054	∅	∅	2052	∅	∅	∅	∅	∅	2054	∅
alrm_0117,mctulil,"me do ip o ipvən kərot ne, ikloti təbəro.",#	0	me	do	ip	o	ip-vən	kərot	n	=e	#	0	0	ik-loti	tə=	bəro,#	0	and	here;now	3DL.M	TOP	3DL.M.PST-hit	to_pieces	APPL	=3SG.F.PAT	#	0	0	3DL.M.PST-pour	to=	at_creek,"and now they two broke it into pieces, they poured into the creek.",en,MORPHEME_ALIGNED,,alrm_mp3 alrm_wav alrm_eaf alrm_xml alrm_tsv,,929514,932655,##	0.h:a	other	other	pro.h:dt_a	other	v:pred	rv	rv	=pro:p	##	0.h:a	0:p	v:pred	=adp	np:g,,alrm,∅	∅	∅	∅	∅	∅	∅	∅	∅	∅	∅	∅	∅	∅	∅	∅,∅	2085	∅	∅	2085	∅	∅	∅	∅	2052	∅	2085	2047	∅	∅	2027,∅	2085	∅	∅	2085	∅	∅	∅	∅	2052	∅	2085	2047	∅	∅	2027
alrm_0118,mctulil,"io kədikəne to iep, o itnave ippən, ianem (it--) idəttam, me pələpələp me kərukərung.",#	io	kədikən	=e	to	iep	#	o	itnav	=e	i-p~pən	#	ianem	idə-t~tam	#	me	pələ~pələp	#	me	kəru~kərung,#	then	anger	=SG.CL:FEM	belong.to	3SG.F	#	TOP	rain	=SG.CL:FEM	3SG.F.PST-RED~hit	#	lightning	3N.PST-RED~shoot	#	and	RED~lightening	#	and	RED~thunder,"then the anger of it [the rain potion], the storm hits, the lightning striked, and lightning and thunder.",en,MORPHEME_ALIGNED,,alrm_mp3 alrm_wav alrm_eaf alrm_xml alrm_tsv,,932655,940847,##	other	np:predex	=rn	rn	rn	#	other	np:s	=rn	v:pred	##	np:s	v:pred	##	other	other:predex	##	other	other:predex,,alrm,∅	∅	∅	∅	∅	∅	∅	∅	∅	∅	∅	∅	∅	∅	∅	∅	∅	∅	∅	new,∅	∅	2098	∅	∅	2046	∅	∅	2002	∅	∅	∅	2068	∅	∅	∅	2068	∅	∅	2099,∅	∅	2098	∅	∅	2046	∅	∅	2002	∅	∅	∅	2068	∅	∅	∅	2068	∅	∅	2099
alrm_0119,mctulil,me ioiviok o iləma vərrup mat tang nəbo nandi təkənəmə vəlleir na logəvətak nəbət bərənma tuk laik.,#	me	ioi	=viok	o	iləm	=a	və-r~rup	mat	tang	nə-bo	nandi	təkə=	nə-mə	#	0	və-l~leir	n	=a	logə	=vətak	nə-bət	bərənma	=a	tuk	laik,#	and	water	=PL.CL:FLAT	TOP	flood	=SG.CL:MASC	3SG.M.PST-RED~gather	get	REFL	LOC-UP	like_this	to=	LOC-DOWN	#	0	3SG.M.PST-RED~destroy	APPL	=PAT	bridge	=PL.CL:SEG	LOC-PROX2	over	=PAT	road	big,"and the rivers, the flood formed up there, down to there, it destroyed the bridges over the big road.",en,MORPHEME_ALIGNED,,alrm_mp3 alrm_wav alrm_eaf alrm_xml alrm_tsv,,940847,948187,##	other	np:dt	=rn	other	np:a	=rn	v:pred	rv	refl:p	dem_other	other	=adp	dem_other:l	##	0:a	v:pred	rv	=ln	np:p	=rn	rn	rn	=rn	rn_np	rn,,alrm,∅	∅	∅	∅	∅	∅	∅	∅	∅	∅	∅	∅	∅	∅	∅	∅	∅	∅	∅	∅	∅	∅	∅	∅	∅	∅,∅	∅	2027	∅	∅	2088	∅	∅	∅	∅	∅	∅	∅	2092	∅	2088	∅	∅	∅	2092	∅	∅	∅	∅	2032	∅,∅	∅	2027	∅	∅	2088	∅	∅	∅	∅	∅	∅	∅	2092	∅	2088	∅	∅	∅	2092	∅	∅	∅	∅	2032	∅
alrm_0120,mctulil,idə to da vəduvədur idəmmanəng mənu idə da molimolita təppi ba tuk da nəmumə təkənəmu da ibən laikpət nəmumə be Keviang me Namatanai.,idə	#	to	da	vəduvədur	idə-m~manəng	mənu	idə	#	da	molimoli	=ta	tə-p~pi	ba	tuk	da	nə-mumə	təkə=	nə-mu	da	ibən	laik	=pət	nə-mumə	be	Keviang	me	Namatanai,3N	#	REL	PURP	car	3N.PST-RED~run	back_of	3N	#	PURP	people	=PL.CL:HUM	3PL.PST-RED~go	in	road	PURP	LOC-DOWN.FAR	to=	LOC-IN	PURP	land	big	=pət	LOC-DOWN.FAR	at	Keviang	and	Namatanai,"the bridges for the cars running on top, for the people to walk on the road to down there, to the big town at Keviang and Namatanai.",en,MORPHEME_ALIGNED,,alrm_mp3 alrm_wav alrm_eaf alrm_xml alrm_tsv,,948187,957096,pro:appos	#rc	other	other	np:s	v:pred	adp	pro:l	#	other	np:s	=rn	v:pred	adp	np:l	rn	rn	=rn	rn	rn	rn	rn	=rn	rn	rn	rn_pn_np	rn	rn_pn_np,,alrm,∅	∅	∅	∅	∅	∅	∅	∅	∅	∅	new	∅	∅	∅	∅	∅	∅	∅	∅	∅	∅	∅	∅	∅	∅	new	∅	new,2092	∅	∅	∅	2093	∅	∅	2092	∅	∅	2100	∅	∅	∅	2032	∅	∅	∅	∅	∅	∅	∅	∅	∅	∅	2101	∅	2102,2092	∅	∅	∅	2093	∅	∅	2092	∅	∅	2100	∅	∅	∅	2032	∅	∅	∅	∅	∅	∅	∅	∅	∅	∅	2101	∅	2102
alrm_0121,mctulil,"doto itə-- ipəpu mat nudu nanbət, io ngang nga məlna ToVəninar, vəngar tuk ngang ate, 'ngali, ngibəlok tukip.'",#	0	doto	ipə-pumat	n	=udu	nanbət	#	io	ngang	nga	məln	=a	to-Vəninar	v-əngar	tuk	ngang	at-e	#	0	ngali	ngi-bəlok	tuk	=ip,#	0	when;if	3DL.PST-imply	APPL	=1PL	like_that	#	then	1SG	1SG.POSS	in_law	=SG.CL:MASC	ART.M-Vəninar	3SG.M.PST-say	give	1SG	3SG.M-QUOT	#	0	in_law	2SG.NPST-divulge	give	=3DL.M,"when they implied to like, my in-law Vəninar, he said to me, ""In-law, you divulge to them.",en,MORPHEME_ALIGNED,,alrm_mp3 alrm_wav alrm_eaf alrm_xml alrm_tsv,,957096,975518,##	0.h:a	other	v:pred	rv	=pro.1:p	other	##	other	pro.1:dt	ln_pro.1:poss	np.h:a_ds	=rn	pn_np.h:appos	v:pred	rv	pro.1:p	other	##ds	0.2:a	np.h:other	v:pred	rv	=pro.h:p,,alrm,∅	∅	∅	∅	∅	∅	∅	∅	∅	∅	∅	∅	∅	∅	∅	∅	∅	∅	∅	∅	∅	∅	∅	∅,∅	2085	∅	∅	∅	2006	∅	∅	∅	2001	2001	2003	∅	2003	∅	∅	2001	∅	∅	2001	2001	∅	∅	2085,∅	2085	∅	∅	∅	2006	∅	∅	∅	2001	2001	2003	∅	2003	∅	∅	2001	∅	∅	2001	2001	∅	∅	2085
alrm_0122,mctulil,'ngibəlok pəka tukip da tatəm.',#	0	ngi-bəlok	pəka	tuk	=ip	#	0	da	ta-təm,#	0	2SG.NPST-divulge	bright	give	=3DL.M	#	0	PURP	3PL.NPST-know,"You divulge clearly to them, for them to know.""",en,MORPHEME_ALIGNED,,alrm_mp3 alrm_wav alrm_eaf alrm_xml alrm_tsv,,975518,982039,##ds	0.2:a	v:pred	rv	rv	=pro.h:p	#	0.h:s	other	v:pred,,alrm,∅	∅	∅	∅	∅	∅	∅	∅	∅	∅,∅	2001	∅	∅	∅	2085	∅	2085	∅	∅,∅	2001	∅	∅	∅	2085	∅	2085	∅	∅
alrm_0123,mctulil,"io, mata ngəməngar tukip, ngang ngəmume ip ngane, 'lulip na itnan.'",#	0	io	mata	ngə-məngar	tuk	=ip	#	ngang	ngə-mume	ip	ngan-e	#	0	lul	=ip	na	it-nan,#	0	then	until	1SG.PST-say	give	=3DL.M	#	1SG	1SG.PST-tell	3DL.M	1SG-QUOT	#	0	friend	=ip	now	2DL.M-listen,"Then I talked to them, I said to them, ""You two you listen.",en,MORPHEME_ALIGNED,,alrm_mp3 alrm_wav alrm_eaf alrm_xml alrm_tsv,,982039,987430,##	0.1:a	other	other	v:pred	rv	=pro.h:p	##	pro.1:a_ds	v:pred	pro.h:p	other	##ds	0.2:s	np.h:voc	=rn	other	v:pred,,alrm,∅	∅	∅	∅	∅	∅	∅	∅	∅	∅	∅	∅	∅	∅	∅	∅	∅	∅,∅	2001	∅	∅	∅	∅	2085	∅	2001	∅	2085	∅	∅	2085	2085	∅	∅	∅,∅	2001	∅	∅	∅	∅	2085	∅	2001	∅	2085	∅	∅	2085	2085	∅	∅	∅
alrm_0124,mctulil,"'tabət o tatobokbok tate, udu o dukəbənəta go təreuk kurek ubət da təda leir na molimolita, me nəbət o ipbət ipvən kərot na go tərea abət, o nəbət o kəvənav konənge evi to da etəmənəvən.'",#	0	ta-bət	o	tat-o~bokbok	tat-e	#	0	udu	o	du-kəbənət	=a	go	təreuk	kurek	u-bət	da	təda	#	leir	n	=a	molimoli	=ta	#	me	#	nə-bət	o	ip-bət	ip-vən	kərot	n	=a	go	təre	=a	a-bət	o	nə-bət	%	o	kəvənav	konəng	=e	e-vi	#	0	to	da	et-ə~mənəvən,#	0	3PL-PROX2	TOP	3PL.NPST-RED~talk	3PL-QUOT	#	0	1PL	TOP	1PL.PST-make	=PAT	NSPEC	thing.PL	bad	3N-PROX2	PURP	for	#	harm	APPL	=PAT	people	=PL.CL:HUM	#	and	#	LOC-PROX2	TOP	3DL.M-PROX2	3DL.M.PST-hit	to_pieces	APPL	=PAT	NSPEC	thing	=SG.CL:MASC	3SG.M-PROX2	TOP	LOC-PROX2	%	TOP	rain	only	=SG.CL:FEM	3SG.F-PROX1	#	0	SUB	PURP	3SG.F.NPST-RED~fall,"They said that we made something bad for harming people, and they two broke that thing into pieces, that is just the rain, for it to fall.",en,MORPHEME_ALIGNED,,alrm_mp3 alrm_wav alrm_eaf alrm_xml alrm_tsv,,987430,1003345,##ds	0.h:s	dem_pro:dt_s	other	v:pred	other	#cc	0.1:a	pro.1:dt_a	other	v:pred	=ln	ln	np:p	rn	rn	other	adp	#cc:obl	vother:pred	rv	=ln	np.h:p	=rn	##	other	#cc:s	dem_other:dt	other	dem_pro:a	v:pred	rv	rv	=ln	ln	np:p	=rn	rn	other	other	%	other	np:pred	rn	=rn	rn	#	0:s	other	other	v:pred,,alrm,∅	∅	∅	∅	∅	∅	∅	∅	∅	∅	∅	∅	∅	∅	∅	∅	∅	∅	∅	∅	∅	∅	∅	∅	∅	∅	∅	∅	∅	∅	∅	∅	∅	∅	∅	∅	∅	∅	∅	∅	∅	∅	∅	∅	∅	∅	∅	∅	∅	∅	∅,∅	2085	∅	∅	∅	∅	∅	2006	2006	∅	∅	∅	∅	2095	∅	∅	∅	∅	∅	∅	∅	∅	∅	∅	∅	∅	∅	∅	∅	2085	∅	∅	∅	∅	∅	2052	∅	∅	∅	∅	∅	∅	2002	∅	∅	∅	∅	2002	∅	∅	∅,∅	2085	∅	∅	∅	∅	∅	2006	2006	∅	∅	∅	∅	2095	∅	∅	∅	∅	∅	∅	∅	∅	∅	∅	∅	∅	∅	∅	∅	2085	∅	∅	∅	∅	∅	2052	∅	∅	∅	∅	∅	∅	2002	∅	∅	∅	∅	2002	∅	∅	∅
alrm_0125,mctulil,'udu dumu kəvənave.',#	udu	du-mu	kəvənav	=e,#	1PL	1PL.PST-put	rain	=SG.CL:FEM,We made the rain.,en,MORPHEME_ALIGNED,,alrm_mp3 alrm_wav alrm_eaf alrm_xml alrm_tsv,,1003345,1006657,##ds	pro.1:s	v:pred	np:p	=rn,,alrm,∅	∅	∅	∅	∅,∅	2006	∅	2002	∅,∅	2006	∅	2002	∅
alrm_0126,mctulil,"'itəngar tuk ta iune, nəbo kəvənave to udu dumue da do to kəvənave etəmənəvən.'",#	0	it-əngar	tuk	ta	iun-e	#	nə-bo	kəvənav	=e	#	to	udu	du-mu	=e	#	da	do	to	kəvənav	=e	et-ə~mənəvən,#	0	2DL.NPST-say	give	3PL.HUM	2DL-QUOT	#	LOC-UP	rain	=SG.CL:FEM	#	REL	1PL	1PL.PST-put	=3SG.F.PAT	#	PURP	here;now	SUB	rain	=SG.CL:FEM	3SG.F.NPST-RED~fall,"You tell them, that is the rain we made for the rain to fall.",en,MORPHEME_ALIGNED,,alrm_mp3 alrm_wav alrm_eaf alrm_xml alrm_tsv,,1006657,1012359,##	0.h:a	v:pred	rv	pro.h:p	other	#cc	dem_pro:s	np:pred	=rn	#rc	other	pro.1:a	v:pred	=pro:p	#	other	other	other	np:s	=rn	v:pred,,alrm,∅	∅	∅	∅	∅	∅	∅	∅	∅	∅	∅	∅	∅	∅	∅	∅	∅	∅	∅	∅	∅	∅,∅	2001	∅	∅	2085	∅	∅	2002	∅	∅	∅	∅	2006	∅	2002	∅	∅	∅	∅	2002	∅	∅,∅	2001	∅	∅	2085	∅	∅	2002	∅	∅	∅	∅	2006	∅	2002	∅	∅	∅	∅	2002	∅	∅
alrm_0127,mctulil,"'tove dumərimərit tang to udu o bədumata ioiviok nəmbo, me bəkori du go ioi gəmon da təda turən me nakən me tangədə.'",#	0	tove	du-məri~mərit	tang	#	0	to	udu	o	bə=	du-mat	=a	ioi	=viok	nə-m~bo	#	me	bə=	kori	du	go	ioi	gəmon	da	təda	turən	me	nakən	me	tangədə,#	0	because	1PL.PST-RED~pity	REFL	#	0	SUB	1PL	TOP	ASP=	1PL.PST-get	=PAT	water	=PL.CL:FLAT	LOC-RED~UP	#	and	ASP=	NEG	1PL.POSS	NSPEC	water	near	PURP	for	fire	and	drink	and	cook,"Because we felt sorry for ourselves, we fetched water up there, but there was no water close for washing and drinking and cooking.",en,MORPHEME_ALIGNED,,alrm_mp3 alrm_wav alrm_eaf alrm_xml alrm_tsv,,1012359,1022087,##	0.1:a	other	v:pred	refl:p	#	0.1:a	other	pro.1:dt_s	other	=other	v:pred	=ln	np:p	=rn	dem_other:l	#neg	other	=other	other	ln_pro.1:poss	ln	np:predex	other	other	adp	np:other	rn	rn_np	rn	rn_np,,alrm,∅	∅	∅	∅	∅	∅	∅	∅	∅	∅	∅	∅	∅	∅	∅	∅	∅	∅	∅	∅	∅	∅	∅	∅	∅	∅	∅	∅	∅	∅	∅,∅	2006	∅	∅	2006	∅	2006	∅	2006	∅	∅	∅	∅	2027	∅	2059	∅	∅	∅	∅	2006	∅	2027	∅	∅	∅	2025	∅	2038	∅	2037,∅	2006	∅	∅	2006	∅	2006	∅	2006	∅	∅	∅	∅	2027	∅	2059	∅	∅	∅	∅	2006	∅	2027	∅	∅	∅	2025	∅	2038	∅	2037
alrm_0128,mctulil,'bəkori du go ioi.',#	bə=	kori	du	go	ioi,#	ASP=	NEG	1PL.POSS	NSPEC	water,We didn't have water.,en,MORPHEME_ALIGNED,,alrm_mp3 alrm_wav alrm_eaf alrm_xml alrm_tsv,,1022087,1023633,##ds.neg	=other	other	ln_pro.1:poss	ln	np:predex,,alrm,∅	∅	∅	∅	∅	∅,∅	∅	∅	2006	∅	2027,∅	∅	∅	2006	∅	2027
alrm_0129,mctulil,"'io, təre moli udu o dumatme dəm.'",#	io	təre	moli	#	0	0	udu	o	du-matme	dəm,#	then	true	real	#	0	0	1PL	TOP	1PL.PST-work	on,It is true that we made these.,en,MORPHEME_ALIGNED,,alrm_mp3 alrm_wav alrm_eaf alrm_xml alrm_tsv,,1023633,1026479,##ds	other	other:pred	rv	#cc:s	0.1:a	0:p	pro.1:dt_a	other	v:pred	rv,,alrm,∅	∅	∅	∅	∅	∅	∅	∅	∅	∅	∅,∅	∅	∅	∅	∅	2006	2052	2006	∅	∅	∅,∅	∅	∅	∅	∅	2006	2052	2006	∅	∅	∅
alrm_0130,mctulil,'me dumatme dəm o kori go təreuk to leir to molimolita.',#	me	#	0	0	du-matme	dəm	%	o	kori	go	təreuk	to	leir	to	molimoli	=ta,#	and	#	0	0	1PL.PST-work	on	%	TOP	NEG	NSPEC	thing.PL	belong_to	harm	of	people	=PL.CL:HUM,What we made is not bad things for harming people.,en,MORPHEME_ALIGNED,,alrm_mp3 alrm_wav alrm_eaf alrm_xml alrm_tsv,,1026479,1029775,##ds.neg	other	#cc:s	0.1:a	0:p	v:pred	rv	%	other	other	ln	np:pred	rn	rn	rn	rn	=rn,,alrm,∅	∅	∅	∅	∅	∅	∅	∅	∅	∅	∅	∅	∅	∅	∅	∅	∅,∅	∅	∅	2006	2052	∅	∅	∅	∅	∅	∅	2095	∅	∅	∅	∅	∅,∅	∅	∅	2006	2052	∅	∅	∅	∅	∅	∅	2095	∅	∅	∅	∅	∅
alrm_0131,mctulil,'udu dumatme dəm o da kəvənave da etnəvən.',#	#	udu	du-matme	dəm	%	o	da	kəvənav	=e	da	et-nəvən,#	#	1PL	1PL.PST-work	on	%	TOP	PURP	rain	=SG.CL:FEM	PURP	3SG.F.NPST-fall,What we made is for the rain to fall.,en,MORPHEME_ALIGNED,,alrm_mp3 alrm_wav alrm_eaf alrm_xml alrm_tsv,,1029775,1032142,##ds	#cc	pro.1:s	v:pred	rv	%	other	other	np:s	=rn	other	v:pred,,alrm,∅	∅	∅	∅	∅	∅	∅	∅	∅	∅	∅	∅,∅	∅	2006	∅	∅	∅	∅	∅	2002	∅	∅	∅,∅	∅	2006	∅	∅	∅	∅	∅	2002	∅	∅	∅
alrm_0132,mctulil,"'io məgət to tərevənik ubət to ava mərek idə, məgəte ubət akəukəu də latu, to akəukəu o kori ikəngəp doto vənua, me nəmumə o akəukəu avar bidəngngəp.'",#	io	məgət	to	təre	=vənik	u-bət	to	ava	mərek	idə	məgəte	u-bət	a-kəukəu	də	latu	#	0	to	a-kəukəu	o	kori	ikə-ngəp	doto	vənu	=a	#	me	nə-mumə	o	a-kəukəu	avar	b=	idə-ng~ngəp,#	then	today	REL	thing	=PL.CL:DIM	3N-PROX2	REL	again	good	3N	like	3N-PROX2	ART-cocoa	on	garden	#	0	SUB	ART-cocoa	TOP	NEG	3N.NPST-die	when;if	sun	=SG.CL:MASC	#	and	LOC-DOWN.FAR	TOP	ART-cocoa	also	ASP=	3N.PST-RED~die,"Today the things are good, like the sweet potatoes in the garden, sweet potatoes are not died of the sun, and back them the sweet potatoes were dead.",en,MORPHEME_ALIGNED,,alrm_mp3 alrm_wav alrm_eaf alrm_xml alrm_tsv,,1032142,1040735,##ds	other	other	other	np:dt_s	=rn	rn	other	other	other:pred	pro:s	adp	dem_other	np:other	rn	rn_np	#neg	0:s	other	np:dt_s	other	other	v:pred	adp	np:other	=rn	##	other	dem_other:dt	other	np:s	other	=other	v:pred,,alrm,∅	∅	∅	∅	∅	∅	∅	∅	∅	∅	∅	∅	∅	new	∅	bridging	∅	∅	∅	∅	∅	∅	∅	∅	∅	∅	∅	∅	∅	∅	∅	∅	∅	∅,∅	∅	∅	∅	2019	∅	∅	∅	∅	∅	2019	∅	∅	2103	∅	2104	∅	2103	∅	2103	∅	∅	∅	∅	2018	∅	∅	∅	∅	∅	2103	∅	∅	∅,∅	∅	∅	∅	2019	∅	∅	∅	∅	∅	2019	∅	∅	2103	∅	2104	∅	2103	∅	2103	∅	∅	∅	∅	2018	∅	∅	∅	∅	∅	2103	∅	∅	∅
alrm_0133,mctulil,'me ləvəkatə o ar idəngngəp',#	0	me	ləvəkatə	o	ar	idə-ng~ngəp,#	0	and	banana_tree.PL	TOP	still;also	3N.PST-RED~die,and the banana trees were also dead.,en,MORPHEME_ALIGNED,,alrm_mp3 alrm_wav alrm_eaf alrm_xml alrm_tsv,,1040735,1042962,##ds	0:s	other	np:dt_s	other	other	v:pred,,alrm,∅	new	∅	∅	∅	∅	∅,∅	2105	∅	2105	∅	∅	∅,∅	2105	∅	2105	∅	∅	∅
alrm_0134,mctulil,'idəmmang idə bətma vənua.',#	idə-m~mang	idə	bətm	=a	vənu	=a,#	3N-RED~burn	3N	with	=PAT	sun	=SG.CL:MASC,"The sun burnt them.""",en,MORPHEME_ALIGNED,,alrm_mp3 alrm_wav alrm_eaf alrm_xml alrm_tsv,,1042962,1046071,##ds	v:pred	pro:s_iv	adp	=ln	np:other	=rn,,alrm,∅	∅	∅	∅	∅	∅	∅,∅	∅	2105	∅	∅	2018	∅,∅	∅	2105	∅	∅	2018	∅
alrm_0135,mctulil,"doto ip ipməngar pəka tuk ta, o ta dame ava təmatme da kədikəne vədəm tang",#	#	doto	ip	ip-məngar	pəka	tuk	ta	%	o	ta	dame	ava	tə-matme	da	kədikən	=e	vədəm	tang,#	#	when;if	3DL.M	3DL.M.PST-say	clear	give	3PL.HUM	%	TOP	3PL.HUM	PURP.SUBJ	again	3PL.PST-work	on	anger	=SG.CL:FEM	for	REFL,"When the two told them clearly, they almost got angry among themselves.",en,MORPHEME_ALIGNED,,alrm_mp3 alrm_wav alrm_eaf alrm_xml alrm_tsv,,1046071,1053839,##	#ac	other	pro.h:a	v:pred	rv	rv	pro.h:p	%	other	pro.h:a	other	other	v:pred	rv	np:p	=rn	adp	refl.h:other,,alrm,∅	∅	∅	∅	∅	∅	∅	∅	∅	∅	∅	∅	∅	∅	∅	new	∅	∅	∅,∅	∅	∅	2006	∅	∅	∅	2085	∅	∅	2036	∅	∅	∅	∅	2106	∅	∅	2036,∅	∅	∅	2006	∅	∅	∅	2085	∅	∅	2036	∅	∅	∅	∅	2106	∅	∅	2036
alrm_0136,mctulil,təmatme da kədikəne vədəma ipvi ana va dərnge.,#	0	tə-matme	da	kədikən	=e	vədəm	=a	ip-vi	a-n	=a	va	dərng	=e,#	0	3PL.PST-work	PURP	anger	=SG.CL:FEM	for	=PAT	3DL.M-PROX1	3SG.M-COM	=PAT	3SG.M.POSS	old	=SG.CL:FEM,They got angry with the two he and his wife.,en,MORPHEME_ALIGNED,,alrm_mp3 alrm_wav alrm_eaf alrm_xml alrm_tsv,,1053839,1058759,##	0.h:a	v:pred	rv	np:p	=rn	rn	=rn	rn	rn	=rn	rn_pro.h:poss	rn_np.h	=rn,,alrm,∅	∅	∅	∅	∅	∅	∅	∅	∅	∅	∅	∅	∅	∅,∅	2036	∅	∅	2106	∅	∅	∅	∅	2082	∅	2082	2084	∅,∅	2036	∅	∅	2106	∅	∅	∅	∅	2082	∅	2082	2084	∅
alrm_0137,mctulil,"io, ip o ikkərtang, doto bittəm ite, ip o bitleir, o ikkər tang o ipvərkəlat udu bətma Katiket man, me ikkəbənəta mətmət, da udu ava du-- ava durup tang.",#	0	io	ip	o	ik-kər	tang	#	#	0	doto	b=	it-təm	it-e	#	0	ip	o	b=	it-leir	%	%	o	0	ik-kər	tang	#	0	o	ip-vərkəlat	udu	bətm	=a	Katiket	man	#	0	me	ik-kəbənət	=a	mətmət	#	da	udu	ava	du-rup	tang,#	0	then	3DL.M	TOP	3DL.M-arise	REFL	#	#	0	when;if	ASP=	3DL.M.PST-know	3DL.M-QUOT	#	0	3DL.M	TOP	ASP=	3DL.M.PST-make_mistake	%	%	TOP	0	3DL.M.PST-arise	REFL	#	0	TOP	3DL.M.PST-compensate	1PL	with	=PAT	catechist	man	#	0	and	3DL.M.PST-make	=PAT	food	#	PURP	1PL	again	1PL.PST-gather	REFL,"Then the two got up, when they knew that they did wrong, they got up and compensate us with Catechist, and they two made food, so we are friendly with each other again.",en,MORPHEME_ALIGNED,,alrm_mp3 alrm_wav alrm_eaf alrm_xml alrm_tsv,,1058759,1077894,##	0.h:a	other	pro.h:dt_a	other	v:pred	refl.h:p	##	#ac	0.h:s	other	=other	v:pred	other	#cc	0.h:s	pro.h:dt_s	other	=other	v:pred	%	%	other	0.h:a	v:pred	refl:p	#	0.h:a	other	v:pred	pro.1:p	adp	=ln	pn_np:obl	rn	##	0.h:a	other	v:pred	=ln	np:p	#	other	pro.1:a	other	v:pred	refl:p,,alrm,∅	∅	∅	∅	∅	∅	∅	∅	∅	∅	∅	∅	∅	∅	∅	∅	∅	∅	∅	∅	∅	∅	∅	∅	∅	∅	∅	∅	∅	∅	∅	∅	∅	∅	∅	∅	∅	∅	∅	∅	new	∅	∅	∅	∅	∅	∅,∅	2085	∅	2085	∅	∅	2085	∅	∅	2085	∅	∅	∅	∅	∅	2085	2085	∅	∅	∅	∅	∅	∅	2085	∅	2085	∅	2085	∅	∅	2006	∅	∅	2096	∅	∅	2085	∅	∅	∅	2107	∅	∅	2006	∅	∅	2034,∅	2085	∅	2085	∅	∅	2085	∅	∅	2085	∅	∅	∅	∅	∅	2085	2085	∅	∅	∅	∅	∅	∅	2085	∅	2085	∅	2085	∅	∅	2006	∅	∅	2096	∅	∅	2085	∅	∅	∅	2107	∅	∅	2006	∅	∅	2034
alrm_0138,mctulil,"io, ta avar təməngar vəvat bema logəvətak uvi bərənma tuk laik to vuduvudur bəkori itamanəng nəmumə.",#	io	ta	avar	tə-məngar	vəvat	bem	=a	logə	=vətak	u-vi	bərənm	=a	tuk	laik	#	to	vuduvudur	bə=	kori	it-a~manəng	nə-mumə,#	then	3PL	also	3PL.PST-say	very	at	=PAT	bridge	=PL.CL:SEG	3N-PROX1	over	=PAT	road	big	#	SUB	car	ASP=	NEG	3N.NPST-RED~run	LOC-DOWN.FAR,"They also talked a lot about the bridges over the big road, that the cars could not run to down there.",en,MORPHEME_ALIGNED,,alrm_mp3 alrm_wav alrm_eaf alrm_xml alrm_tsv,,1077894,1090094,##	other	pro.h:a	other	v:pred	rv	rv	=ln	np:p	=rn	rn	rn	=rn	rn_np	rn	#neg	other	np:s	=other	other	v:pred	dem_other:g,,alrm,∅	∅	∅	∅	∅	∅	∅	∅	∅	∅	∅	∅	∅	∅	∅	∅	∅	∅	∅	∅	∅	∅,∅	∅	2036	∅	∅	∅	∅	∅	2092	∅	∅	∅	∅	2032	∅	∅	∅	2093	∅	∅	∅	2092,∅	∅	2036	∅	∅	∅	∅	∅	2092	∅	∅	∅	∅	2032	∅	∅	∅	2093	∅	∅	∅	2092
alrm_0139,mctulil,"io duməngar pəka dune, ava kati dame avar udu dummane, to udu o-- udu dutəm da avar udu damane, o da-- da avar damane o avar mərek.",#	0	io	du-məngar	pəka	dun-e	#	ava	kati	dame	avar	udu	du-man	=e	#	to	udu	du-təm	#	da	avar	udu	d-aman	=e	o	#	#	0	da	avar	daman	=e	%	o	avar	mərek,#	0	then	1PL.PST-say	clear	1PL-QUOT	#	again	SUBJ	PURP.SUBJ	also	1PL	1PL.PST-remove	=3SG.F.PAT	#	SUB	1PL	1PL.PST-know	#	PURP	also	1PL	1PL.NPST-remove	=3SG.F.PAT	TOP	#	#	0	PURP	also	daman	=SG.CL:FEM	%	TOP	also	good,"Then we said clearly, If only it was us who removed it [the rain potion], because we knew how to remove it, if we removed it it would be good.",en,MORPHEME_ALIGNED,,alrm_mp3 alrm_wav alrm_eaf alrm_xml alrm_tsv,,1090094,1101278,##	0.1:s	other	v:pred	rv	other	#cc	other	other	other	other	pro.1:a	v:pred	=pro:p	#	other	pro.1:s	v:pred	#	other	other	pro.1:a	v:pred	=pro:p	other	##	#cc:s	0.1:a	other	other	v:pred	=pro:p	%	other	other	other:pred,,alrm,∅	∅	∅	∅	∅	∅	∅	∅	∅	∅	∅	∅	∅	∅	∅	∅	∅	∅	∅	∅	∅	∅	∅	∅	∅	∅	∅	∅	∅	∅	∅	∅	∅	∅	∅	∅,∅	2006	∅	∅	∅	∅	∅	∅	∅	∅	∅	2006	∅	2052	∅	∅	2006	∅	∅	∅	∅	2006	∅	2052	∅	∅	∅	2006	∅	∅	∅	2052	∅	∅	∅	∅,∅	2006	∅	∅	∅	∅	∅	∅	∅	∅	∅	2006	∅	2052	∅	∅	2006	∅	∅	∅	∅	2006	∅	2052	∅	∅	∅	2006	∅	∅	∅	2052	∅	∅	∅	∅
alrm_0140,mctulil,da avar damane məte von to da damane.,#	0	da	avar	daman	=e	məte	von	#	0	to	da	daman	=e,#	0	PURP	also	daman	=SG.CL:FEM	like	3SG.DIM	#	0	REL	PURP	daman	=SG.CL:FEM,we would removed it like the way that we remove it.,en,MORPHEME_ALIGNED,,alrm_mp3 alrm_wav alrm_eaf alrm_xml alrm_tsv,,1101278,1104421,##	0.1:a	other	other	v:pred	=pro:p	other	cl_pro:other	#rc	0.1:a	other	other	v:pred	=pro:p,,alrm,∅	∅	∅	∅	∅	∅	∅	new	∅	∅	∅	∅	∅	∅,∅	2006	∅	∅	∅	2052	∅	2108	∅	2006	∅	∅	∅	2052,∅	2006	∅	∅	∅	2052	∅	2108	∅	2006	∅	∅	∅	2052
alrm_0141,mctulil,me ipbət o itleir to ipmate o (ipvalət--) ipvaləta rovənəm na apəkət.,#	0	me	ip-bət	o	it-leir	#	0	to	ip-mat	=e	#	0	o	ip-valət	=a	ro	=vənəm	n	=a	a-pəkət,#	0	and	3DL.M-PROX2	TOP	3DL.M.PST-make_mistake	#	0	SUB	3DL.M.PST-get	=3SG.F.PAT	#	0	TOP	3DL.M.PST-break	=PAT	bamboo	=SG.CL:SHORT	INSTR	=PAT	ART-knife,"and the two they did wrong, because they got it and they broke the bamboo cut with a knife.",en,MORPHEME_ALIGNED,,alrm_mp3 alrm_wav alrm_eaf alrm_xml alrm_tsv,,1104421,1111038,##	0.h:s	other	dem_pro:dt_s	other	v:pred	#	0.h:a	other	v:pred	=pro:p	#	0.h:a	other	v:pred	=ln	np:p	=rn	adp	=ln	np:obl,,alrm,∅	∅	∅	∅	∅	∅	∅	∅	∅	∅	∅	∅	∅	∅	∅	∅	∅	∅	∅	∅	new,∅	2085	∅	2085	∅	∅	∅	2085	∅	∅	2052	∅	2085	∅	∅	∅	2052	∅	∅	∅	2109,∅	2085	∅	2085	∅	∅	∅	2085	∅	∅	2052	∅	2085	∅	∅	∅	2052	∅	∅	∅	2109
alrm_0142,mctulil,"io, nəbət o məgəte ip avar bə ip ipmatme də vət da ipmur kədikən ne da iep o imunman o ivən kərot.",#	io	nə-bət	o	məgəte	ip	avar	bə	ip	ip-matme	də	vət	#	0	da	ip-mur	kədikən	n	=e	#	0	da	iep	o	i-munman	#	0	0	o	i-vən	kərot,#	then	LOC-PROX2	TOP	like	2DL.M	also	ASP	3DL.M	3DL.M.PST-work	on	3SG.SEG	#	0	PURP	3DL.M.PST-put	anger	APPL	=3SG.F.PAT	#	0	PURP	3SG.F	TOP	3SG.F.PST-enter/exit	#	0	0	TOP	3SG.F.PST-hit	to_pieces,"then the two of them did that [i.e. split the bamboo cut], and they caused its anger, so the rain came out and it destroyed.",en,MORPHEME_ALIGNED,,alrm_mp3 alrm_wav alrm_eaf alrm_xml alrm_tsv,,1111038,1121488,##	other	dem_other:dt	other	other	nc_pro.2	other	other	pro.h:a	v:pred	rv	pro:p	#	0.h:a	other	v:pred	rv	rv	=pro:p	#	0:s	other	pro:dt_s	other	v:pred	#	0:a	0:p	other	v:pred	rv,,alrm,∅	∅	bridging	∅	∅	∅	∅	∅	∅	∅	∅	∅	∅	∅	∅	∅	∅	∅	∅	∅	∅	∅	∅	∅	∅	∅	∅	∅	∅	∅	∅,∅	∅	2110	∅	∅	2085	∅	∅	2085	∅	∅	2052	∅	2085	∅	∅	2098	∅	2052	∅	2098	∅	2098	∅	∅	∅	2002	2092	∅	∅	∅,∅	∅	2110	∅	∅	2085	∅	∅	2085	∅	∅	2052	∅	2085	∅	∅	2098	∅	2052	∅	2098	∅	2098	∅	∅	∅	2002	2092	∅	∅	∅
alrm_0143,mctulil,"me kati avar udu dummane məte vət to da damane, o ebo ka kori matme da vətbət.",#	#	me	kati	avar	udu	du-m~man	=e	məte	vət	#	0	to	da	daman	=e	%	%	o	e-bo	ka	kori	matme	da	vət-bət,#	#	and	SUBJ	also	1PL	1PL.PST-RED~remove	=3SG.F.PAT	like	3SG.SEG	#	0	REL	PURP	daman	=3SG.F.PAT	%	%	TOP	3SG.F-UP	SUBJ	NEG	work?	on	3SG.SEG-PROX2,"If it was us who removed it, like the part when we remove it, it may not work on this.",en,MORPHEME_ALIGNED,,alrm_mp3 alrm_wav alrm_eaf alrm_xml alrm_tsv,,1121488,1128326,##neg	#ac	other	other	other	pro.1:a	v:pred	=pro:p	adp	cl_pro:other	#rc	0.h:a	other	other	v:pred	=pro:p	%	%	other	dem_pro:a	other	other	vother:pred	rv	dem_pro:p,,alrm,∅	∅	∅	∅	∅	∅	∅	∅	∅	∅	∅	∅	∅	∅	∅	∅	∅	∅	∅	∅	∅	∅	∅	∅	∅,∅	∅	∅	∅	∅	2006	∅	2052	∅	2108	∅	2006	∅	∅	∅	2052	∅	∅	∅	2108	∅	∅	∅	∅	2052,∅	∅	∅	∅	∅	2006	∅	2052	∅	2108	∅	2006	∅	∅	∅	2052	∅	∅	∅	2108	∅	∅	∅	∅	2052
alrm_0144,mctulil,"tove nəbo o məgəte (be atae-- be) ba maoka iap to da nga məlna vatme dəm, vəkəbənət mate da du-- dukəbənət mate da duppi təpme da dumue, o nəbo o avar bokbok to vəmbokbok bem təkənəmu,",#	tove	nə-bo	o	məgəte	ba	maok	=a	iap	#	0	to	da	nga	məln	=a	v-atme	dəm	%	0	və-kəbənət	mat	=e	#	0	da	du-kəbənət	mat	=e	#	0	da	du-p~pi	təpm	=e	#	0	da	du-mu	=e	#	o	nə-bo	o	avar	bokbok	#	0	0	to	və-m~bokbok	bem	təkə=	nə-mu,#	because	LOC-UP	TOP	like	in	time;space	=SG.CL:MASC	3SG.M	#	0	REL	PURP	1SG.POSS	in_law	=SG.CL:MASC	3SG.M.PST-work	on	%	0	3SG.M.PST-make	get	=3SG.F.PAT	#	0	PURP	1PL.PST-make	get	=3SG.F.PAT	#	0	PURP	1PL.PST-RED~go	with	=3SG.F.PAT	#	0	PURP	1PL.PST-put	=3SG.F.PAT	#	TOP	LOC-UP	TOP	also	talk	#	0	0	REL	3SG.M.PST-RED~talk	at	to=	LOC-IN,"because that it's like at the time when my in-law works on it, he made it so that we made it so we went with it to place it, and there is also spell that he said to the inside (of the thing).",en,MORPHEME_ALIGNED,,alrm_mp3 alrm_wav alrm_eaf alrm_xml alrm_tsv,,1128326,1145286,##	other	dem_other:dt	other	other	adp	other:dt	=rn	pro:appos	#rc	0:p	other	other	ln_pro.1:poss	np:a	=rn	v:pred	rv	%	0.h:a	v:pred	rv	=pro.h:p	#	0.1:a	other	v:pred	rv	=pro:p	#	0.1:s	other	v:pred	adp	=pro:obl	#	0.1:a	other	v:pred	=pro:p	##	other	dem_other:s	other	other	np:pred	#rc	0.h:a	0:p	other	v:pred	rv	=adp	dem_other:g,,alrm,∅	∅	∅	∅	∅	∅	bridging	∅	∅	∅	∅	∅	∅	∅	∅	∅	∅	∅	∅	∅	∅	∅	∅	∅	∅	∅	∅	∅	∅	∅	∅	∅	∅	∅	∅	∅	∅	∅	∅	∅	∅	∅	∅	∅	∅	new	∅	∅	∅	∅	∅	∅	∅	∅,∅	∅	∅	∅	∅	∅	2111	∅	2111	∅	2052	∅	∅	2001	2003	∅	∅	∅	∅	2003	∅	∅	2052	∅	2006	∅	∅	∅	2052	∅	2006	∅	∅	∅	2052	∅	2006	∅	∅	2052	∅	∅	∅	∅	∅	2112	∅	2003	2112	∅	∅	∅	∅	2052,∅	∅	∅	∅	∅	∅	2111	∅	2111	∅	2052	∅	∅	2001	2003	∅	∅	∅	∅	2003	∅	∅	2052	∅	2006	∅	∅	∅	2052	∅	2006	∅	∅	∅	2052	∅	2006	∅	∅	2052	∅	∅	∅	∅	∅	2112	∅	2003	2112	∅	∅	∅	∅	2052
alrm_0145,mctulil,vəttəgər.,#	0	və-t~təgər,#	0	3SG.M.PAT-RED~chant,He chanted.,en,MORPHEME_ALIGNED,,alrm_mp3 alrm_wav alrm_eaf alrm_xml alrm_tsv,,1145286,1148014,##	0.h:s	v:pred,,alrm,∅	∅	∅,∅	2003	∅,∅	2003	∅
alrm_0146,mctulil,"io dame von to da avar dumane, o nəbo dame avar bokbok da avar (vəti--) vəti dəme.",#	io	#	dame	von	#	0	to	da	avar	du-man	=e	%	%	o	nə-bo	dame	avar	bokbok	#	0	da	avar	və-ti	dəm	=e,#	then	#	PURP.SUBJ	3SG.DIM	#	0	to	PURP	also	1PL.PST-remove	=3SG.F.PAT	%	%	TOP	LOC-UP	PURP.SUBJ	also	talk	#	0	PURP	also	3SG.M.PST-untie	on	=3SG.F.PAT,"If only it was us who removed it, there is also spell just for releasing it [the potion's power].",en,MORPHEME_ALIGNED,,alrm_mp3 alrm_wav alrm_eaf alrm_xml alrm_tsv,,1148014,1154055,##	other	#ac	other	nc	#rc	0.1:a	other	other	other	v:pred	=pro:p	%	%	other	dem_other:dt	other	other	np:predex	#	0.h:a	other	other	v:pred	rv	=pro:p,,alrm,∅	∅	∅	∅	∅	∅	∅	∅	∅	∅	∅	∅	∅	∅	∅	∅	∅	∅	∅	∅	∅	∅	∅	∅	∅	∅,∅	∅	∅	∅	∅	∅	2006	∅	∅	∅	∅	2052	∅	∅	∅	∅	∅	∅	2112	∅	2006	∅	∅	∅	∅	2052,∅	∅	∅	∅	∅	∅	2006	∅	∅	∅	∅	2052	∅	∅	∅	∅	∅	∅	2112	∅	2006	∅	∅	∅	∅	2052
alrm_0147,mctulil,da vəmmane.,#	0	da	və-m~man	=e,#	0	PURP	3SG.M.PST-RED~remove	=3SG.F.PAT,For him to remove/release it.,en,MORPHEME_ALIGNED,,alrm_mp3 alrm_wav alrm_eaf alrm_xml alrm_tsv,,1154055,1156814,##	0.h:a	other	v:pred	=pro:p,,alrm,∅	∅	∅	∅	∅,∅	2003	∅	∅	2052,∅	2003	∅	∅	2052
alrm_0148,mctulil,io nga apir idil bema kəvənave nəmumə be New Ireland o toktok do.,#	0	io	nga	a-pir	idil	bem	=a	kəvənav	=e	nə-mumə	be	New Ireland	o	toktok	do,#	0	then	1SG.POSS	ART-story	small	at	=PAT	rain	=SG.CL:FEM	LOC-DOWN.FAR	at	New_Ireland	TOP	end	here;now,my little story about rain there at New Ireland finishes here.,en,MORPHEME_ALIGNED,,alrm_mp3 alrm_wav alrm_eaf alrm_xml alrm_tsv,,1156814,1166265,##	0:s	other	ln_pro.1:poss	np:dt_s	rn	rn	=rn	rn	=rn	rn	rn	rn_pn_np	other	v:pred	other,,alrm,∅	∅	∅	∅	∅	∅	∅	∅	∅	∅	∅	∅	∅	∅	∅	∅,∅	∅	∅	2001	∅	∅	∅	∅	2002	∅	∅	∅	2009	∅	∅	∅,∅	∅	∅	2001	∅	∅	∅	∅	2002	∅	∅	∅	2009	∅	∅	∅
alrm_0149,mctulil,"me ava mərek moli be idəmənamənan, me Laika bətmudu.",#	me	ava	mərek	moli	be	idə	məna~mənan	#	me	Laika	bətm	=udu,#	and	again	good	real	at	3N.POSS	RED~listen	#	and	god	with	=1PL,"and really thanks for listening, and God is with us.",en,MORPHEME_ALIGNED,,alrm_mp3 alrm_wav alrm_eaf alrm_xml alrm_tsv,,1166265,1171702,##	other	other	other:pred	rv	adp	ln_pro.h:poss	np:other	##	other	np:s	adp	=pro.1:pred,,alrm,∅	∅	∅	∅	∅	∅	∅	∅	∅	∅	∅	∅	∅,∅	∅	∅	∅	∅	∅	∅	∅	∅	∅	∅	∅	∅,∅	∅	∅	∅	∅	∅	∅	∅	∅	∅	∅	∅	∅
alrm_0150,mctulil,[INTERVIEWER SPEAKING],NC,NC,[INTERVIEWER SPEAKING],en,MORPHEME_ALIGNED,,alrm_mp3 alrm_wav alrm_eaf alrm_xml alrm_tsv,,1171702,1181982,nc,,alrm,∅,∅,∅
alrm_0151,mctulil,to kapukapuk.,#	to	kapukapuk,#	SUB	empty,about 'kapukapuk'.,en,MORPHEME_ALIGNED,,alrm_mp3 alrm_wav alrm_eaf alrm_xml alrm_tsv,,1181982,1184118,#nc	nc	nc,,alrm,∅	∅	∅,∅	∅	∅,∅	∅	∅
alrm_0152,mctulil,eva vonbət o nandi.,#	eva	von-bət	o	nandi,#	again	3SG.DIM-PROX2	TOP	like_this,These things are just like this.,en,MORPHEME_ALIGNED,,alrm_mp3 alrm_wav alrm_eaf alrm_xml alrm_tsv,,1184118,1188155,##	other	dem_pro:s	other	other:pred,,alrm,∅	∅	∅	∅	∅,∅	∅	2019	∅	∅,∅	∅	2019	∅	∅
alrm_0153,mctulil,"ba maoka to vənua bəvətton, vətton vəvat, io ioiviok o bidəttə viok, bə iavava nandi ba ioiviok, bəkori da ava go ioivəbak nəmu ba ioiviok, iavava.",#	ba	maok	=a	#	to	vənu	=a	bə=	və-t~ton	#	0	və-t~ton	vəvat	%	io	ioi	=viok	o	b=	idə-ttə	=viok	#	bə	iavava	nandi	ba	ioi	=viok	#	bə=	kori	da	ava	go	ioi	=vəbak	nə-mu	ba	ioi	=viok	iavava,#	in	space;time	=SG.CL:MASC	#	REL	sun	=SG.CL:MASC	ASP=	3SG.M.PST-RED~look	#	0	3SG.M.PST-RED~look	very	%	then	water	=PL.CL:FLAT	TOP	ASP=	3N.PST-dry	=PL.CL:FLAT	#	ASP	dust	like_this	in	water	=PL.CL:FLAT	#	ASP=	NEG	PURP	again	NSPEC	water	=vəbak	LOC-IN	in	water	=PL.CL:FLAT	dust,"at the time when the sun was shining, it was shining strongly, the rivers were dried, just dust inside the river, no pools inside the river, just dust.",en,MORPHEME_ALIGNED,,alrm_mp3 alrm_wav alrm_eaf alrm_xml alrm_tsv,,1188155,1203062,##	adp	np:dt	=rn	#rc	other	np:s	=ln	=other	v:pred	#	0:s	v:pred	rv	%	other	np:dt_s	=rn	other	=other	v:pred	=pro:s_iv	##	other	np:predex	other	adp	np:l	=rn	##neg	=other	other	other	other	ln	np:predex	=rn	dem_other	adp	np:l	=rn	np:dt,,alrm,∅	∅	bridging	∅	∅	∅	∅	∅	∅	∅	∅	∅	∅	∅	∅	∅	∅	∅	∅	∅	∅	∅	∅	∅	new	∅	∅	∅	∅	∅	∅	∅	∅	∅	∅	∅	∅	∅	∅	∅	∅	∅,∅	∅	2113	∅	∅	∅	2018	∅	∅	∅	∅	2018	∅	∅	∅	∅	2027	∅	∅	∅	∅	2027	∅	∅	2114	∅	∅	2027	∅	∅	∅	∅	∅	∅	∅	2027	∅	∅	∅	2027	∅	2114,∅	∅	2113	∅	∅	∅	2018	∅	∅	∅	∅	2018	∅	∅	∅	∅	2027	∅	∅	∅	∅	2027	∅	∅	2114	∅	∅	2027	∅	∅	∅	∅	∅	∅	∅	2027	∅	∅	∅	2027	∅	2114
alrm_0154,mctulil,"me mətmət o idəngəp, bidəmmang idə bətma vənua, məte ləvək, ubət akəukəu, to kori ikəngəp bətma vənua",#	0	me	mətmət	o	idə-ngəp	#	b=	idə-m~mang	idə	bətm	=a	vənu	=a	məte	ləvək	u-bət	a-kəukəu	#	0	to	kori	ikə-ngəp	bətm	=a	vənu	=a,#	0	and	food	TOP	3N.PST-die	#	ASP=	3N.PST-RED~burnt	3N	with	=PAT	sun	=SG.CL:MASC	like	banana	3N-PROX2	ART-cocoa	#	0	to	NEG	3SG.PST-die	with	=PAT	sun	=SG.CL:MASC,"and food died, the sun burnt them, like banana, sweet potato, these that are not usually die because of the sun.",en,MORPHEME_ALIGNED,,alrm_mp3 alrm_wav alrm_eaf alrm_xml alrm_tsv,,1203062,1213937,##	0:s	other	np:dt_s	other	v:pred	##	=other	v:pred	pro:s_iv	adp	=ln	np:obl	=rn	adp	np:other	rn	rn_np	#rc.neg	0:s	other	other	v:pred	adp	=ln	np:obl	=rn,,alrm,∅	new	∅	∅	∅	∅	∅	∅	∅	∅	∅	∅	∅	∅	∅	bridging	∅	∅	∅	∅	∅	∅	∅	∅	∅	∅	∅,∅	2115	∅	2115	∅	∅	∅	∅	∅	2115	∅	∅	2018	∅	∅	2116	∅	2103	∅	2115	∅	∅	∅	∅	∅	2018	∅,∅	2115	∅	2115	∅	∅	∅	∅	∅	2115	∅	∅	2018	∅	∅	2116	∅	2103	∅	2115	∅	∅	∅	∅	∅	2018	∅
alrm_0155,mctulil,ubət ar bidəmmang idə.,#	u-bət	ar	b=	idə-m~mang	idə,#	3N-PROX2	still;also	ASP=	3N.PST-RED~burnt	3N,these are also burnt (dried).,en,MORPHEME_ALIGNED,,alrm_mp3 alrm_wav alrm_eaf alrm_xml alrm_tsv,,1213937,1216039,##	dem_pro:s	other	=other	v:pred	pro:s_iv,,alrm,∅	∅	∅	∅	∅	∅,∅	2115	∅	∅	∅	2115,∅	2115	∅	∅	∅	2115
alrm_0156,mctulil,"ar bə kərekərerət idə, atopiok o avar bidəngəp.",#	ar	bə	kəre~kərerət	idə	#	0	a-topiok	o	avar	b=	idə-ngəp,#	still;also	ASP	RED~dry	3N	#	0	ART-cassava	TOP	also	ASP=	3N.PST-die,"they are dried, cassava also died.",en,MORPHEME_ALIGNED,,alrm_mp3 alrm_wav alrm_eaf alrm_xml alrm_tsv,,1216039,1219643,##	other	other	other:pred	pro:s	##	0:s	np:dt_s	other	other	=other	v:pred,,alrm,∅	∅	∅	∅	∅	∅	new	∅	∅	∅	∅	∅,∅	∅	∅	∅	2115	∅	2117	2117	∅	∅	∅	∅,∅	∅	∅	∅	2115	∅	2117	2117	∅	∅	∅	∅
alrm_0157,mctulil,"io, be vərete to ləmat, to ngitir ngang o ləmat o (doto amoli a da--) tove lokpənik nəmumə o tətəm mərek na per na ləmat.",#	io	be	vəret	=e	to	ləmat	#	0	to	ngi-tir	ngang	#	0	o	ləmat	o	tove	lok	=pənik	nə-mumə	o	tə-təm	mərek	n	=a	#	pern	=a	ləmat,#	then	at	side	=SG.CL:FEM	belong_to	coconut	#	0	SUB	2SG.PST-ask	1SG	#	0	TOP	coconut	TOP	because	man	=PL.CL:DIM	LOC-DOWN.FAR	TOP	3PL.PST-know	good	APPL	=PAT	#	climb	=PAT	coconut,"and about the coconut, that you asked me, because the young men down there they know well about how to climb for coconut.",en,MORPHEME_ALIGNED,,alrm_mp3 alrm_wav alrm_eaf alrm_xml alrm_tsv,,1219643,1234198,##	other	nc	nc	nc	nc	nc_np	#	0.1:a	nc	v:pred	pro.1:p	##	0.h:s	nc	np:dt	nc	nc	np.h:dt_s	=rn	nc	nc	v:pred	rv	rv	=ln	#cc:p	vother:pred	=ln	np:p,,alrm,∅	∅	∅	∅	∅	∅	new	∅	∅	∅	∅	∅	∅	new	∅	∅	∅	∅	∅	∅	∅	∅	∅	∅	∅	∅	∅	∅	∅	∅,∅	∅	∅	∅	∅	∅	2118	∅	∅	∅	∅	2001	∅	2119	∅	2118	∅	∅	2119	∅	∅	∅	∅	∅	∅	∅	∅	∅	∅	∅,∅	∅	∅	∅	∅	∅	2118	∅	∅	∅	∅	2001	∅	2119	∅	2118	∅	∅	2119	∅	∅	∅	∅	∅	∅	∅	∅	∅	∅	∅
alrm_0158,mctulil,kori məgəte udu do be Rəbəul to lokpənik o kori təttəma per na ləmat.,#	kori	məgəte	udu	do	be	Rəbəul	#	to	lok	=pənik	o	kori	tə-t~təm	=a	pern	=a	ləmat,#	NEG	like	1PL	here;now	at	Rəbəul	#	REL	man	=PL.CL:DIM	TOP	NEG	3PL.PST-RED~knowa	=PAT	climb	=PAT	coconut,"Not like us here in Rabaul, young men don't know well about climbing for coconuts.",en,MORPHEME_ALIGNED,,alrm_mp3 alrm_wav alrm_eaf alrm_xml alrm_tsv,,1234198,1238132,#nc	nc	nc	nc	nc	nc	nc	#nc	nc	nc	nc	nc	nc	nc	nc	nc	nc	nc,,alrm,∅	∅	∅	∅	∅	∅	∅	∅	∅	∅	∅	∅	∅	∅	∅	∅	∅	∅,∅	∅	∅	∅	∅	∅	∅	∅	∅	∅	∅	∅	∅	∅	∅	∅	∅	∅,∅	∅	∅	∅	∅	∅	∅	∅	∅	∅	∅	∅	∅	∅	∅	∅	∅	∅
alrm_0159,mctulil,"nəmumə be New Ireland, o lokpənik o təttəm mərek na per na ləmat.",#	nə-mumə	be	New Ireland	o	lok	=pənik	o	tə-t~təm	mərek	n	=a	pern	=a	ləmat,#	LOC-DOWN.FAR	at	New_Ireland	TOP	man	=PL.CL:DIM	TOP	3PL.PST-RED~know	good	APPL	=PAT	climb	=PAT	coconut,"down there at New Ireland, young men they know well about how to climb for coconuts.",en,MORPHEME_ALIGNED,,alrm_mp3 alrm_wav alrm_eaf alrm_xml alrm_tsv,,1238132,1243141,#nc	nc	nc	nc_pn_np	nc	nc	nc	nc	nc	nc	nc	nc	nc	nc	nc_np,,alrm,∅	∅	∅	∅	∅	∅	∅	∅	∅	∅	∅	∅	∅	∅	∅,∅	∅	∅	∅	∅	∅	∅	∅	∅	∅	∅	∅	∅	∅	∅,∅	∅	∅	∅	∅	∅	∅	∅	∅	∅	∅	∅	∅	∅	∅
alrm_0160,mctulil,"məgət o ka aperən ko na go ləmat mukəm magərung, balakətəria, libəti məgət be vəti təgəvon.",#	məgət	o	ka	a-perən	ko	n	=a	go	ləmat	mukəm_magərung	balakətəria	libəti	məgət	be	vəti	təgəvon	=von,#	today	TOP	SUBJ	3SG.M.NPST-climb	only	APPL	=PAT	NSPEC	coconut	three.CL:MASC	four	six	today	at	day	one	=SG.CL:DIM,"today he would climb for three coconuts, four or six, today in one day.",en,MORPHEME_ALIGNED,,alrm_mp3 alrm_wav alrm_eaf alrm_xml alrm_tsv,,1243141,1248091,#nc	nc	nc	nc	nc	nc	nc	nc	nc	nc	nc	nc	nc	nc	nc	nc	nc	nc,,alrm,∅	∅	∅	∅	∅	∅	∅	∅	∅	∅	∅	∅	∅	∅	∅	∅	∅	∅,∅	∅	∅	∅	∅	∅	∅	∅	∅	∅	∅	∅	∅	∅	∅	∅	∅	∅,∅	∅	∅	∅	∅	∅	∅	∅	∅	∅	∅	∅	∅	∅	∅	∅	∅	∅
alrm_0161,mctulil,mərek ko to vənua.,#	mərek	ko	to	vənu	=a,#	good	only	NC	sun	=SG.CL:MASC,even it's sunny its fine.,en,MORPHEME_ALIGNED,,alrm_mp3 alrm_wav alrm_eaf alrm_xml alrm_tsv,,1248091,1249542,#nc	nc	nc	nc	nc	nc,,alrm,∅	∅	∅	∅	∅	∅,∅	∅	∅	∅	∅	∅,∅	∅	∅	∅	∅	∅
alrm_0162,mctulil,me iap aperən konəng.,#	me	iap	a-perən	konəng,#	and	3SG.M	3SG.M.NPST-climb	only,and he just climb.,en,MORPHEME_ALIGNED,,alrm_mp3 alrm_wav alrm_eaf alrm_xml alrm_tsv,,1249542,1251422,#nc	nc	nc	nc	nc,,alrm,∅	∅	∅	∅	∅,∅	∅	∅	∅	∅,∅	∅	∅	∅	∅
alrm_0163,mctulil,"go idil konəng a məgəte ToPius, to ba vədo do konəng abo aperən, (tab(ət)- o) tətəm mərek.",#	go	idil	konəng	=a	məgəte	to-Pius	to	ba	və=	do	do	konəng	a-bo	a-perən	#	tə-təm	mərek,#	NSPEC	small	only	=SG.CL:MASC	like	ART.M-Pius	SUB	in	3SG.M.POSS.INAL=	head	here;now	only	3SG.M-UP	3SG.M.NPST-climb	#	3PL.PST-know	good,"just a small kid like Pius, his head just up to here, he can also climb, they know well.",en,MORPHEME_ALIGNED,,alrm_mp3 alrm_wav alrm_eaf alrm_xml alrm_tsv,,1251422,1256901,#nc	nc	nc	nc	nc	nc	nc	nc	nc	nc	nc	nc	nc	nc	nc	#nc	nc	nc,,alrm,∅	∅	∅	∅	∅	∅	∅	∅	∅	∅	∅	∅	∅	∅	∅	∅	∅	∅,∅	∅	∅	∅	∅	∅	∅	∅	∅	∅	∅	∅	∅	∅	∅	∅	∅	∅,∅	∅	∅	∅	∅	∅	∅	∅	∅	∅	∅	∅	∅	∅	∅	∅	∅	∅
alrm_0164,mctulil,io doto lokpənik to da təpper na ləmat,#	io	doto	lok	=pənik	to	da	tə-p~pern	=a	ləmat,#	then	when;if	man	=PL.CL:DIM	REL	PURP	3PL.PST-RED~climb	=PAT	coconut,then when the young men climbed for coconuts.,en,MORPHEME_ALIGNED,,alrm_mp3 alrm_wav alrm_eaf alrm_xml alrm_tsv,,1256901,1259802,#nc	nc	nc	nc	nc	nc	nc	nc	nc	nc,,alrm,∅	∅	∅	∅	∅	∅	∅	∅	∅	∅,∅	∅	∅	∅	∅	∅	∅	∅	∅	∅,∅	∅	∅	∅	∅	∅	∅	∅	∅	∅
alrm_0165,mctulil,"doto təmmana ləmat təbe ibən, o vanəm o nginau bətəpma, o bəkori go ioi nəmu.",#	#	doto	tə-m~man	=a	ləmat	tə=	be	ibən	#	o	vanəm	o	ngi-nau	bətəpm	=a	#	o	bə=	kori	go	ioi	nə-mu,#	#	when;if	3PL.PST-RED~remove	=PAT	coconut	to=	at	land	#	TOP	few	TOP	2SG.NPST-drag	on_surface_of	=3SG.M.PAT	#	TOP	ASP=	NEG	NSPEC	water	LOC-IN,"when they removed the coconuts to the ground, a few of them, you removed the husk on it, there's a no water inside.",en,MORPHEME_ALIGNED,,alrm_mp3 alrm_wav alrm_eaf alrm_xml alrm_tsv,,1259802,1265342,#nc	#nc	nc	nc	nc	nc	nc	nc	nc	#nc	nc	nc	nc	nc	nc	nc	#nc	nc	nc	nc	nc	nc	nc,,alrm,∅	∅	∅	∅	∅	∅	∅	∅	∅	∅	∅	∅	∅	∅	∅	∅	∅	∅	∅	∅	∅	∅	∅,∅	∅	∅	∅	∅	∅	∅	∅	∅	∅	∅	∅	∅	∅	∅	∅	∅	∅	∅	∅	∅	∅	∅,∅	∅	∅	∅	∅	∅	∅	∅	∅	∅	∅	∅	∅	∅	∅	∅	∅	∅	∅	∅	∅	∅	∅
alrm_0166,mctulil,me atirip moli a o nginata o abo ngitaləna nandi o kapukapuk bərodəma.,#	me	a-tirip	moli	=a	o	ngin-at	=a	#	o	a-bo	ngi-talən	=a	nandi	#	o	kapukapuk	bərodəm	=a,#	and	ART-kulau	real	=SG.CL:MASC	TOP	2SG.NPST-get	=3SG.M.PAT	#	TOP	3SG.M-UP	2SG.NPST-RED~shakea	=3SG.M.PAT	like_this	#	TOP	RED~empty	inside	=3SG.M.PAT,"and a real kulau, you get it, you shake it and it's 'kapukapuk' inside it.",en,WORD_ALIGNED,,alrm_mp3 alrm_wav alrm_eaf alrm_xml alrm_tsv,,1265342,1271142,#nc	nc	nc	nc	nc	nc	nc	nc	#nc	nc	nc	nc	nc	nc	#nc	nc	nc	nc	nc,,alrm,∅	∅	∅	∅	∅	∅	∅	∅	∅	∅	∅	∅	∅	∅	∅	∅	∅	∅	∅,∅	∅	∅	∅	∅	∅	∅	∅	∅	∅	∅	∅	∅	∅	∅	∅	∅	∅	∅,∅	∅	∅	∅	∅	∅	∅	∅	∅	∅	∅	∅	∅	∅	∅	∅	∅	∅	∅
alrm_0167,mctulil,məgəte kərerəta.,#	məgəte	kərerət	=a,#	like	dry	=3SG.M.PAT,like it's dried.,en,MORPHEME_ALIGNED,,alrm_mp3 alrm_wav alrm_eaf alrm_xml alrm_tsv,,1271142,1273134,#nc	nc	nc	nc,,alrm,∅	∅	∅	∅,∅	∅	∅	∅,∅	∅	∅	∅
alrm_0168,mctulil,"tove ioi o bəkori go təka nəmu ba tiriva, me bətomoma ioi nəmu ba tiriva.",#	tove	ioi	o	bə=	kori	go	tək	=a	nə-mu	ba	a-tiriv	=a	#	me	bə=	tomoma	=a	ioi	nə-mu	ba	a-tiriv	=a,#	because	water	TOP	ASP=	NEG	NSPEC	full	=PAT	LOC-IN	in	ART-kulau	=SG.CL:MASC	#	and	ASP=	half	=PAT	water	LOC-IN	in	ART-kulau	=SG.CL:MASC,"because water is not full inside the kulau, and just half water inside the kulau.",en,MORPHEME_ALIGNED,,alrm_mp3 alrm_wav alrm_eaf alrm_xml alrm_tsv,,1273134,1279432,#nc	nc	nc	nc	nc	nc	nc	nc	nc	nc	nc	nc	nc	#nc	nc	nc	nc	nc	nc	nc	nc	nc	nc,,alrm,∅	∅	∅	∅	∅	∅	∅	∅	∅	∅	∅	∅	∅	∅	∅	∅	∅	∅	∅	∅	∅	∅	∅,∅	∅	∅	∅	∅	∅	∅	∅	∅	∅	∅	∅	∅	∅	∅	∅	∅	∅	∅	∅	∅	∅	∅,∅	∅	∅	∅	∅	∅	∅	∅	∅	∅	∅	∅	∅	∅	∅	∅	∅	∅	∅	∅	∅	∅	∅
alrm_0169,mctulil,doto nginata mənəmu o ngitaləna o kapukapuk,#	#	doto	ngin-at	=a	mə=	nə-mu	o	ngi-talən	=a	#	o	kapukapuk,#	#	when;if	2SG.NPST-get	=pro:p	from=	LOC-IN	TOP	2SG.NPST-RED~shakea	=3SG.M.PAT	#	TOP	RED~empty,"when you get it from inside, you shake it and its 'kapukapuk'",en,WORD_ALIGNED,,alrm_mp3 alrm_wav alrm_eaf alrm_xml alrm_tsv,,1279432,1282240,#nc	#nc	nc	nc	nc	nc	nc	nc	nc	nc	#nc	nc	nc,,alrm,∅	∅	∅	∅	∅	∅	∅	∅	∅	∅	∅	∅	∅,∅	∅	∅	∅	∅	∅	∅	∅	∅	∅	∅	∅	∅,∅	∅	∅	∅	∅	∅	∅	∅	∅	∅	∅	∅	∅
alrm_0170,mctulil,"io ti ngittən ngine, abət o kureka.",#	io	ti	ngi-t~tən	ngin-e	#	a-bət	o	kurek	=a,#	then	lest	2SG.NPST-RED~think	2SG-QUOT	#	3SG.M-PROX2	TOP	bad	=SG.CL:MASC,"les you think, this is a bad one.",en,MORPHEME_ALIGNED,,alrm_mp3 alrm_wav alrm_eaf alrm_xml alrm_tsv,,1282240,1284430,#nc	nc	nc	nc	nc	#nc	nc	nc	nc	nc,,alrm,∅	∅	∅	∅	∅	∅	∅	∅	∅	∅,∅	∅	∅	∅	∅	∅	∅	∅	∅	∅,∅	∅	∅	∅	∅	∅	∅	∅	∅	∅
alrm_0171,mctulil,"kori, ləmata abo-- atiriva abo o məreka, nginda.",#	kori	a-tiriv	=a	a-bo	o	mərek	=a	#	ngin-da,#	NEG	ART-kulau	=SG.CL:MASC	3SG.M-UP	TOP	good	=3SG.M.PAT	#	2SG-eat,"no, this kulau I mentioned is good, you eat (it).",en,MORPHEME_ALIGNED,,alrm_mp3 alrm_wav alrm_eaf alrm_xml alrm_tsv,,1284430,1287646,#nc	nc	nc	nc	nc	nc	nc	nc	#nc	nc,,alrm,∅	∅	∅	∅	∅	∅	∅	∅	∅	∅,∅	∅	∅	∅	∅	∅	∅	∅	∅	∅,∅	∅	∅	∅	∅	∅	∅	∅	∅	∅
alrm_0172,mctulil,"me nginakəna, məie bə kori go ioi laik.",#	me	ngi-nakən	=a	#	məie	bə	kori	go	ioi	laik,#	and	2SG.NPST-drinka	=3SG.M.PAT	#	but	ASP	NEG	NSPEC	water	big,"and you drink it, like there is not a lot of water.",en,MORPHEME_ALIGNED,,alrm_mp3 alrm_wav alrm_eaf alrm_xml alrm_tsv,,1287646,1290390,#nc	nc	nc	nc	#nc	nc	nc	nc	nc	nc	nc,,alrm,∅	∅	∅	∅	∅	∅	∅	∅	∅	∅	∅,∅	∅	∅	∅	∅	∅	∅	∅	∅	∅	∅,∅	∅	∅	∅	∅	∅	∅	∅	∅	∅	∅
alrm_0173,mctulil,bətomoma ioi nəmu bərodəma.,#	bə=	tomom	=a	ioi	nə-mu	bərodəm	=a,#	ASP=	half	=PAT	water	LOC-IN	inside	=3SG.M.PAT,The water inside it is only half.,en,MORPHEME_ALIGNED,,alrm_mp3 alrm_wav alrm_eaf alrm_xml alrm_tsv,,1290390,1293358,#nc	nc	nc	nc	nc	nc	nc	nc,,alrm,∅	∅	∅	∅	∅	∅	∅	∅,∅	∅	∅	∅	∅	∅	∅	∅,∅	∅	∅	∅	∅	∅	∅	∅
alrm_0174,mctulil,io doto da dummata ubət atirip mən be ibən o kapukapuk,#	io	#	doto	da	du-m~mat	=a	u-bət	a-tirip	mən=	be	ibən	#	o	kapukapuk,#	then	#	when;if	PURP	1PL.PST-RED~get	=PAT	3N-PROX2	ART-kulau	from=	at	land	#	TOP	RED~empty,"when they get these kulaus from the ground, it's 'kapukapuk'.",en,WORD_ALIGNED,,alrm_mp3 alrm_wav alrm_eaf alrm_xml alrm_tsv,,1293358,1297520,#nc	nc	#nc	nc	nc	nc	nc	nc	nc	nc	nc	nc	#nc	nc	nc,,alrm,∅	∅	∅	∅	∅	∅	∅	∅	∅	∅	∅	∅	∅	∅	∅,∅	∅	∅	∅	∅	∅	∅	∅	∅	∅	∅	∅	∅	∅	∅,∅	∅	∅	∅	∅	∅	∅	∅	∅	∅	∅	∅	∅	∅	∅
alrm_0175,mctulil,ngittaləna o kapukapuk.,#	#	ngi-t~talən	=a	#	o	kapukapuk,#	#	2SG.NPST-RED~shake	=3SG.M.PAT	#	TOP	RED~empty,you shake it and it is 'kapukapuk.',en,WORD_ALIGNED,,alrm_mp3 alrm_wav alrm_eaf alrm_xml alrm_tsv,,1297520,1299502,#nc	#nc	nc	nc	#nc	nc	nc,,alrm,∅	∅	∅	∅	∅	∅	∅,∅	∅	∅	∅	∅	∅	∅,∅	∅	∅	∅	∅	∅	∅
alrm_0176,mctulil,"me ləmat kərerət o vanəm ar bə-- bəkori go ioi nəmu bərodəm, bidətəva ioi bərodəm.",#	me	ləmat	kərerət	o	vanəm	ar	bə=	kori	go	ioi	nə-mu	bərodəm	#	b=	idə-təv	=a	ioi	bərodəm,#	and	coconut	dry	TOP	few	still;also	ASP=	NEG	NSPEC	water	LOC-IN	inside	#	ASP=	idətəv	=PAT	water	inside,"and dry coconut, few of them did not have water inside, the water inside dried out.",en,WORD_ALIGNED,,alrm_mp3 alrm_wav alrm_eaf alrm_xml alrm_tsv,,1299502,1307269,#nc	nc	nc	nc	nc	nc	nc	nc	nc	nc	nc	nc	nc	#nc	nc	nc	nc	nc	nc,,alrm,∅	∅	∅	∅	∅	∅	∅	∅	∅	∅	∅	∅	∅	∅	∅	∅	∅	∅	∅,∅	∅	∅	∅	∅	∅	∅	∅	∅	∅	∅	∅	∅	∅	∅	∅	∅	∅	∅,∅	∅	∅	∅	∅	∅	∅	∅	∅	∅	∅	∅	∅	∅	∅	∅	∅	∅	∅
alrm_0177,mctulil,"io məgəte tipur təgət ubət to ittuk ba lak, irir, to tattak bem tate irir.",#	io	məgəte	tipur	təgət	u-bət	#	to	it-tuk	ba	lak	#	irir	#	to	ta-t~tak	bem	tat-e	irir,#	then	like	bush	one	3N-PROX2	#	REL	3N.NPST-grow	in	lake	#	grass.sp.	#	REL	3PL.NPST-RED~call	at	3PL-QUOT	grass.sp.,"like one type of grass that grows in the lake, irir, they caall it irir.",en,MORPHEME_ALIGNED,,alrm_mp3 alrm_wav alrm_eaf alrm_xml alrm_tsv,,1307269,1315361,#nc	nc	nc	nc	nc	nc	#nc	nc	nc	nc	nc	#nc	nc	#nc	nc	nc	nc	nc	nc,,alrm,∅	∅	∅	∅	∅	∅	∅	∅	∅	∅	∅	∅	∅	∅	∅	∅	∅	∅	∅,∅	∅	∅	∅	∅	∅	∅	∅	∅	∅	∅	∅	∅	∅	∅	∅	∅	∅	∅,∅	∅	∅	∅	∅	∅	∅	∅	∅	∅	∅	∅	∅	∅	∅	∅	∅	∅	∅
alrm_0178,mctulil,"to ittuk ba lak, ubət o ar bə kərekərerət idə, me ber, to idəttuk nəmu ba lak.",#	to	it-tuk	ba	lak	#	u-bət	o	ar	bə	kəre~kərerət	idə	#	me	ber	to	idə-t~tuk	nə-mu	ba	lak,#	SUB	3N.NPST-grow	in	lake	#	3N-PROX2	TOP	still;also	ASP	RED~dry	3N	#	and	plant.sp.	SUB	3N.PST-RED~grow	LOC-IN	in	lake,"which is growing in the lake, these were also dried out, and ber, which grows inside the lake.",en,MORPHEME_ALIGNED,,alrm_mp3 alrm_wav alrm_eaf alrm_xml alrm_tsv,,1315361,1323462,#nc	nc	nc	nc	nc	#nc	nc	nc	nc	nc	nc	nc	#nc	nc	nc	nc	nc	nc	nc	nc,,alrm,∅	∅	∅	∅	∅	∅	∅	∅	∅	∅	∅	∅	∅	∅	∅	∅	∅	∅	∅	∅,∅	∅	∅	∅	∅	∅	∅	∅	∅	∅	∅	∅	∅	∅	∅	∅	∅	∅	∅	∅,∅	∅	∅	∅	∅	∅	∅	∅	∅	∅	∅	∅	∅	∅	∅	∅	∅	∅	∅	∅
alrm_0179,mctulil,"me gəlom, ubət ar bə kərekərerət idə.",#	me	gəlom	u-bət	ar	bə	kəre~kərerət	idə,#	and	plant.sp.	3N-PROX2	still;also	ASP	RED~dry	3N,and gəlom these are also dried out.,en,MORPHEME_ALIGNED,,alrm_mp3 alrm_wav alrm_eaf alrm_xml alrm_tsv,,1323462,1327686,#nc	nc	nc	nc	nc	nc	nc	nc,,alrm,∅	∅	∅	∅	∅	∅	∅	∅,∅	∅	∅	∅	∅	∅	∅	∅,∅	∅	∅	∅	∅	∅	∅	∅
alrm_0180,mctulil,"ba maoka aumu o tate, ibəne ebət o məgəte lake o ubət o ar bə-- ar bidəttəp mərek, ar bə iavava.",#	ba	maok	=a	a-umu	o	tate	#	ibən	=e	e-bət	o	məgəte	lak	=e	o	u-bət	o	ar	b=	idə-t~təp	mərek	#	ar	bə	iavava,#	in	time;space	=SG.CL:MASC	3SG.M-IN	TOP	3PL-QUOT	#	land	=SG.CL:FEM	3SG.F-PROX2	TOP	like	lake	=SG.CL:FEM	TOP	3N-PROX2	TOP	still;also	ASP=	3N.PST-RED~dry	good	#	still;also	ASP	dust,"at that time they said, in that place, like lakes are also dried out well, and full of dust.",en,WORD_ALIGNED,,alrm_mp3 alrm_wav alrm_eaf alrm_xml alrm_tsv,,1327686,1336389,#nc	nc	nc	nc	nc	nc	nc	#nc	nc	nc	nc	nc	nc	nc	nc	nc	nc	nc	nc	nc	nc	nc	#nc	nc	nc	nc,,alrm,∅	∅	∅	∅	∅	∅	∅	∅	∅	∅	∅	∅	∅	∅	∅	∅	∅	∅	∅	∅	∅	∅	∅	∅	∅	∅,∅	∅	∅	∅	∅	∅	∅	∅	∅	∅	∅	∅	∅	∅	∅	∅	∅	∅	∅	∅	∅	∅	∅	∅	∅	∅,∅	∅	∅	∅	∅	∅	∅	∅	∅	∅	∅	∅	∅	∅	∅	∅	∅	∅	∅	∅	∅	∅	∅	∅	∅	∅
alrm_0181,mctulil,"io nəbət o məte da ngəməti da tikilik to kakak emu itir ngang ete, me atirip to kapukapuk? eh? nga kakue, ngitir ngang nandi.",#	io	nə-bət	o	məte	da	ngə-məti	da	tikilik	#	to	kakak	e-mu	i-tir	ngang	et-e	#	me	a-tirip	#	to	kapukapuk	#	eh	nga	kaku	=e	ngi-tir	ngang	nandi,#	then	LOC-PROX2	TOP	like	PURP	1SG.PST-explain	on	little	#	SUB	niece	3SG.F-IN	3SG.F.PST-ask	1SG	3SG.F-QUOT	#	and	ART-kulau	#	REL	RED~empty	#	eh	1SG.POSS	niece	=SG.CL:FEM	2SG.PST-ask	1SG	like_this,"Then there I'm going to explain a little bit what niece there asked me, she said, 'and coconuts that are 'kapukapuk'?' you asked me like this.",en,WORD_ALIGNED,,alrm_mp3 alrm_wav alrm_eaf alrm_xml alrm_tsv,,1336389,1352158,#nc	nc	nc	nc	nc	nc	nc	nc	nc	#nc	nc	nc	nc	nc	nc	nc	#nc	nc	nc	#nc	nc	nc	#nc	nc	nc	nc	nc	nc	nc	nc,,alrm,∅	∅	∅	∅	∅	∅	∅	∅	∅	∅	∅	∅	∅	∅	∅	∅	∅	∅	∅	∅	∅	∅	∅	∅	∅	∅	∅	∅	∅	∅,∅	∅	∅	∅	∅	∅	∅	∅	∅	∅	∅	∅	∅	∅	∅	∅	∅	∅	∅	∅	∅	∅	∅	∅	∅	∅	∅	∅	∅	∅,∅	∅	∅	∅	∅	∅	∅	∅	∅	∅	∅	∅	∅	∅	∅	∅	∅	∅	∅	∅	∅	∅	∅	∅	∅	∅	∅	∅	∅	∅
alrm_0182,mctulil,"atirip to kapukapuk o bə vənua bəvətton vareot, io bidəttəva ioi avar nəmu bərodəma ubət atirip.",#	a-tirip	#	to	kapukapuk	#	o	bə	vənu	=a	bə=	və-t~ton	vareot	#	io	b=	idə-t~təv	=a	ioi	avar	nə-mu	bərodəm	=a	u-bət	a-tirip,#	ART-kulau	#	REL	RED~empty	#	TOP	ASP	sun	=SG.CL:MASC	ASP=	3SG.M.PST-RED~look	long_time	#	then	ASP=	3N.PST-RED~dry	=PAT	water	also	LOC-IN	inside	=PAT	3N-PROX2	ART-kulau,"The coconuts which are 'kapukapuk' is when the sun was shining for a long time, and the water inside the coconuts has dried.",en,WORD_ALIGNED,,alrm_mp3 alrm_wav alrm_eaf alrm_xml alrm_tsv,,1352158,1362622,#nc	nc	#nc	nc	nc	#nc	nc	nc	nc	nc	nc	nc	nc	#nc	nc	nc	nc	nc	nc	nc	nc	nc	nc	nc	nc,,alrm,∅	∅	∅	∅	∅	∅	∅	∅	∅	∅	∅	∅	∅	∅	∅	∅	∅	∅	∅	∅	∅	∅	∅	∅	∅,∅	∅	∅	∅	∅	∅	∅	∅	∅	∅	∅	∅	∅	∅	∅	∅	∅	∅	∅	∅	∅	∅	∅	∅	∅,∅	∅	∅	∅	∅	∅	∅	∅	∅	∅	∅	∅	∅	∅	∅	∅	∅	∅	∅	∅	∅	∅	∅	∅	∅
alrm_0183,mctulil,"io doto da nginakəna, o bə kori nginakəna atirip təkədəma, me bə ioi o bətomom bə tikilik konəng.",#	#	io	doto	da	#	ngi-nakən	=a	#	o	bə	kori	#	ngi-nakən	=a	a-tirip	təkədəm	=a	#	me	bə	ioi	o	bə=	tomom	#	bə	tikilik	konəng,#	#	then	when;if	PURP	#	2SG.NPST-drink	=3SG.M.PAT	#	TOP	ASP	NEG	#	2SG.NPST-drink	=PAT	ART-kulau	whole	=SG.CL:MASC	#	and	ASP	water	TOP	ASP=	half	#	ASP	little	only,"Then when you want to drink, you don't drink the whole kulau, but the water inside is just half, just a little.",en,MORPHEME_ALIGNED,,alrm_mp3 alrm_wav alrm_eaf alrm_xml alrm_tsv,,1362622,1369188,#nc	#nc	nc	nc	nc	#nc	nc	nc	#nc	nc	nc	nc	#nc	nc	nc	nc	nc	nc	#nc	nc	nc	nc	nc	nc	nc	#nc	nc	nc	nc,,alrm,∅	∅	∅	∅	∅	∅	∅	∅	∅	∅	∅	∅	∅	∅	∅	∅	∅	∅	∅	∅	∅	∅	∅	∅	∅	∅	∅	∅	∅,∅	∅	∅	∅	∅	∅	∅	∅	∅	∅	∅	∅	∅	∅	∅	∅	∅	∅	∅	∅	∅	∅	∅	∅	∅	∅	∅	∅	∅,∅	∅	∅	∅	∅	∅	∅	∅	∅	∅	∅	∅	∅	∅	∅	∅	∅	∅	∅	∅	∅	∅	∅	∅	∅	∅	∅	∅	∅
alrm_0184,mctulil,"io nging lange da nginakən me bə kori nginakəna go laik, tove bidəttəva ioi bərodəm.",#	io	nging	lange	#	da	#	ngi-nakən	me	#	bə=	kori	#	ngi-nakən	=a	go	laik	#	tove	b=	idə-t~təv	=a	ioi	bərodəm,#	then	2SG	want	#	PURP	#	2SG.NPST-drink	and	#	ASP=	NEG	#	2SG.NPST-drink	=PAT	NSPEC	big	#	because	ASP=	3N.PST-RED~dry	=PAT	water	inside,"Then you want to drink, but you can't drink a lot, because the water has dried inside.",en,MORPHEME_ALIGNED,,alrm_mp3 alrm_wav alrm_eaf alrm_xml alrm_tsv,,1369188,1374917,#nc	nc	nc	nc	#nc	nc	#nc	nc	nc	#nc	nc	nc	#nc	nc	nc	nc	nc	#nc	nc	nc	nc	nc	nc	nc,,alrm,∅	∅	∅	∅	∅	∅	∅	∅	∅	∅	∅	∅	∅	∅	∅	∅	∅	∅	∅	∅	∅	∅	∅	∅,∅	∅	∅	∅	∅	∅	∅	∅	∅	∅	∅	∅	∅	∅	∅	∅	∅	∅	∅	∅	∅	∅	∅	∅,∅	∅	∅	∅	∅	∅	∅	∅	∅	∅	∅	∅	∅	∅	∅	∅	∅	∅	∅	∅	∅	∅	∅	∅
alrm_0185,mctulil,mərek be ngi tir.,#	mərek	be	ngi=	t~tir,#	good	at	2SG.POSS=	RED~ask,Thank you for asking.,en,MORPHEME_ALIGNED,,alrm_mp3 alrm_wav alrm_eaf alrm_xml alrm_tsv,,1374917,1377422,#nc	nc	nc	nc	nc,,alrm,∅	∅	∅	∅	∅,∅	∅	∅	∅	∅,∅	∅	∅	∅	∅
alrm_0186,mctulil,me mərek.,me	mərek,and	thank,And thanks.,en,MORPHEME_ALIGNED,,alrm_mp3 alrm_wav alrm_eaf alrm_xml alrm_tsv,,1377422,1380190,nc	nc,,alrm,∅	∅,∅	∅,∅	∅
jkpp_0001,mctulil,do ava nganəngar be nga ləm.,#	do	ava	ngan-əngar	be	nga	ləm,#	now	again	1SG.NPST-say	at	1SG.POSS	live,I'm going to tell [the story of] my life.,en,MORPHEME_ALIGNED,,jkpp_mp3 jkpp_wav jkpp_eaf jkpp_xml jkpp_tsv,,7106,10743,#nc	nc	nc	nc	nc	nc	nc,,jkpp,∅	∅	∅	∅	∅	∅	∅,∅	∅	∅	∅	∅	∅	∅,∅	∅	∅	∅	∅	∅	∅
jkpp_0002,mctulil,"ngang o təmat ngang be təgəta, nereita ko mukəm magərung, me balakətəria, me tuaina, lalənga (avi?).",#	0	ngang	o	tə-mat	ngang	be	təgəta	nereita	ko	mukəm_magərung	me	balakətəria	me	tuain	=a	laləng	=a	a-vi,#	0	1SG	TOP	3PL.PST-get	1SG	at	one.CL:MASC	six.CL:MASC	plus	three.CL:MASC	and	four.CL:MASC	and	egg	=SG.CL:MASC	year	=SG.CL:MASC	3SG.M-PROX1,"I was born in 1940 [lit. they give birth to me in 1940], this year.",en,MORPHEME_ALIGNED,,jkpp_mp3 jkpp_wav jkpp_eaf jkpp_xml jkpp_tsv,,10743,42608,##	0.h:a	pro.1:dt_p	other	v:pred	pro.1:p	adp	np:other	rn	rn	rn	rn	rn	rn	rn	=rn	np:appos	=rn	rn,,jkpp,∅	new	bridging	∅	∅	∅	∅	∅	∅	∅	∅	∅	∅	∅	∅	∅	∅	∅	∅,∅	3001	3002	∅	∅	3002	∅	∅	∅	∅	∅	∅	∅	∅	∅	∅	∅	∅	∅,∅	3001	3002	∅	∅	3002	∅	∅	∅	∅	∅	∅	∅	∅	∅	∅	∅	∅	∅
jkpp_0003,mctulil,"laika ngang nanbət, məte laik ngang me pən laik ubət to amənə Siapan o ar kotək idə.",#	laik	=a	ngang	nanbət	#	məte	laik	ngang	#	me	pən	laik	u-bət	to	a-mənə	Siapan	o	ar	kotək	idə,#	big	=SG.CL:MASC	1SG	like_that	#	like	big	1SG	#	and	fight	big	3N-PROX2	belong_to	ART-people(Kuanua)	Japan	TOP	still	absent	3N,"I grew up, like that, I grew up, and the war of the Japanese hadn't happened.",en,MORPHEME_ALIGNED,,jkpp_mp3 jkpp_wav jkpp_eaf jkpp_xml jkpp_tsv,,42608,63284,##	np.h:pred	=rn	pro.1:s	other	##	other	other:pred	pro.1:s	##	other	np:dt_s	rn	rn	rn	rn	rn_pn_np	other	other	v:pred	pro:s_sv,,jkpp,∅	∅	∅	∅	∅	∅	∅	∅	∅	∅	∅	new	∅	∅	∅	∅	∅	∅	∅	∅	∅,∅	∅	∅	3002	∅	∅	∅	∅	3002	∅	∅	3003	∅	∅	∅	∅	∅	∅	∅	∅	3003,∅	∅	∅	3002	∅	∅	∅	∅	3002	∅	∅	3003	∅	∅	∅	∅	∅	∅	∅	∅	3003
jkpp_0004,mctulil,"nəbət məte laika ngang, təre moli du ləm bəvon avar kəməron, to kori dutuk vəvat, məte kori go idətu udu, tove məgət o bədəməta mətmət mərek me ittu udu, bəvon o kori.",#	nə-bət	məte	laik	=a	ngang	#	təre	moli	du	ləm	bəvon	avar	kəməron	#	0	to	kori	du-tuk	vəvat	#	məte	kori	go	idə-tu	udu	#	0	tove	məgət	o	bə=	də-mət	=a	mətmət	mərek	#	me	it-tu	udu	#	bəvon	o	kori,#	LOC-PROX2	like	big	=SG.CL:MASC	1SG	#	true	real	1PL.POSS	life	before	also	different	#	0	SUB	NEG	1PL.PST-grow	very	#	like	NEG	NSPEC	3N.PST-grow	1PL	#	0	because	today	TOP	ASP=	1PL.NPST-eat	=PAT	food	good	#	and	3N.NPST-grow	1PL	#	before	TOP	NEG,"I grew up, it's true that our life before is different, that we didn't grow fat, like we didn't grow fat, because now we eat good food, so we are growing fat, before no.",en,MORPHEME_ALIGNED,,jkpp_mp3 jkpp_wav jkpp_eaf jkpp_xml jkpp_tsv,,63284,88291,##	dem_other	other	np:pred	=rn	pro.1:s	##	other	other	ln_pro.1:poss	np:s	rn	other	other:pred	#neg	0.1:s	other	other	v:pred	rv	##neg	other	other	other	v:pred	pro.1:s_iv	#ac	0.1:a	other	other:dt	other	=other	v:pred	=ln	np:p	rn	#	other	v:pred	pro.1:s_iv	##	other:s	other	other:pred,,jkpp,∅	∅	∅	∅	∅	∅	∅	∅	∅	bridging	bridging	∅	∅	∅	∅	∅	∅	∅	∅	∅	∅	∅	∅	∅	∅	∅	∅	∅	∅	∅	∅	∅	∅	∅	bridging	∅	∅	∅	∅	∅	∅	∅	∅	∅,∅	∅	∅	∅	∅	3002	∅	∅	∅	3004	3005	∅	∅	∅	∅	3004	∅	∅	∅	∅	∅	∅	∅	∅	∅	3004	∅	3004	∅	∅	∅	∅	∅	∅	3006	∅	∅	∅	∅	3004	∅	∅	∅	∅,∅	∅	∅	∅	∅	3002	∅	∅	∅	3004	3005	∅	∅	∅	∅	3004	∅	∅	∅	∅	∅	∅	∅	∅	∅	3004	∅	3004	∅	∅	∅	∅	∅	∅	3006	∅	∅	∅	∅	3004	∅	∅	∅	∅
jkpp_0005,mctulil,io laik ngang nanbət.,#	io	laik	ngang	nanbət,#	then	big	1SG	like_that,Then I grew up like that.,en,MORPHEME_ALIGNED,,jkpp_mp3 jkpp_wav jkpp_eaf jkpp_xml jkpp_tsv,,88291,92380,##	other	other:pred	pro.1:s	other,,jkpp,∅	∅	∅	∅	∅,∅	∅	∅	3002	∅,∅	∅	∅	3002	∅
jkpp_0006,mctulil,"io lətna pən ito aSiapan, me pən ubət o idəmətor mata laləng balakətəria.",#	io	lət	n	=a	pən	i-to	a-Siapan	#	0	me	pən	u-bət	o	idə-mətor	mata	laləng	balakətəria,#	then	arrive	APPL	=PAT	fight	3N.belong_to	ART-Japan	#	0	and	fight	3N-PROX2	TOP	3N.PST-sit	for	year	four.CL:MASC,"The war of the Japanese came, this war stayed for 4 years.",en,WORD_ALIGNED,,jkpp_mp3 jkpp_wav jkpp_eaf jkpp_xml jkpp_tsv,,92380,111615,##	other	v:pred	rv	=ln	np:s_sv	rn	rn_pn_np	##	0:s	other	np:dt_s	rn	other	v:pred	adp	np:other	rn,,jkpp,∅	∅	∅	∅	∅	∅	∅	∅	∅	∅	∅	∅	∅	∅	∅	∅	new	∅,∅	∅	∅	∅	∅	3003	∅	∅	∅	3003	∅	3003	∅	∅	∅	∅	3007	∅,∅	∅	∅	∅	∅	3003	∅	∅	∅	3003	∅	3003	∅	∅	∅	∅	3007	∅
jkpp_0007,mctulil,"be təm ubət, udu o dutərut, ti uvi to itimiau ba maoka, atepelin.",#	0	be	təm	u-bət	udu	o	du-tərut	ti	u-vi	#	0	to	it-i~miau	ba	maok	=a	a-tepelin,#	0	at	knowledge	3N-PROX2	1PL	TOP	1PL.PST-hide	lest	3N-PROX1	#	0	REL	3N.NPST-RED~fly	in	space	=SG.CL:MASC	ART-airplane,"[UNCLEAR] we hid, afraid of the things flying in the sky, airplanes.",en,MORPHEME_ALIGNED,,jkpp_mp3 jkpp_wav jkpp_eaf jkpp_xml jkpp_tsv,,111615,135160,##	0.1:s	adp	np:other	rn	pro.1:dt_s	other	v:pred	adp	dem_pro:obl	#rc	0:s	other	v:pred	adp	np:l	=rn	np:appos,,jkpp,∅	∅	∅	∅	∅	∅	∅	∅	∅	new	∅	∅	∅	∅	∅	unused	∅	∅,∅	3004	∅	∅	∅	3004	∅	∅	∅	3008	∅	3008	∅	∅	∅	3009	∅	3008,∅	3004	∅	∅	∅	3004	∅	∅	∅	3008	∅	3008	∅	∅	∅	3009	∅	3008
jkpp_0008,mctulil,"io du tərut ba beka, terma Vurvəgi, nəbət o təttak be vətbət, to tate, Gakora-vəkatə.",#	0	io	du-tərut	ba	bek	=a	term	=a	Vurvəgi	#	0	nə-bət	o	tə-t~tak	be	vət-bət	#	0	to	tat-e	Ga	kora	və=	katə,#	0	then	1PL.PST-hide	in	cave	=SG.CL:MASC	next_to	=PAT	Vurvəgi	#	0	LOC-PROX2	TOP	3PL.PST-RED~call	at	3N.SEG-PROX2	#	0	REL	3PL-QUOT	across	mango	3SG.M.POSS=	foot.PL,"then we hided in a cave, next to Vurvəgi river, they call that place Gakora Vəkatə ['under the mango tree']",en,MORPHEME_ALIGNED,,jkpp_mp3 jkpp_wav jkpp_eaf jkpp_xml jkpp_tsv,,135160,150765,##	0.1:s	other	v:pred	adp	np:l	=rn	rn	=rn	rn_pn_np	##	0.h:a	dem_other:dt	other	v:pred	rv	dem_pro:p	#	0.h:s	other	other:pred	adp	ln_np	=ln	np:other,,jkpp,∅	∅	∅	∅	∅	new	∅	∅	∅	new	∅	∅	∅	∅	∅	∅	∅	∅	∅	∅	∅	∅	∅	∅	new,∅	3004	∅	∅	∅	3010	∅	∅	∅	3011	∅	∅	∅	∅	∅	∅	3010	∅	∅	∅	∅	∅	∅	∅	3012,∅	3004	∅	∅	∅	3010	∅	∅	∅	3011	∅	∅	∅	∅	∅	∅	3010	∅	∅	∅	∅	∅	∅	∅	3012
jkpp_0009,mctulil,"nane Ediat, dumengəp ba vəraia, kori go pəka, vulvət.",#	0	nan	=e	e-Diat	du-mengəp	ba	vərai	=a	#	kori	go	pək	=a	#	vul	=vət,#	0	mom	=SG.CL:FEM	ART.F-Diat	1PL.PST-sleep	in	pit	=SG.CL:MASC	#	NEG	NSPEC	bright	=SG.CL:MASC	#	dark	=vət,"my mother eDiat, we slept in the hole [cave], it's not bright, but dark.",en,MORPHEME_ALIGNED,,jkpp_mp3 jkpp_wav jkpp_eaf jkpp_xml jkpp_tsv,,150765,167564,##	0.1:s	np.h:dt	=rn	rn_pn_np.h	v:pred	adp	np:l	=rn	##neg	other	rn	np:predex	=rn	##	np:predex	=rn,,jkpp,∅	bridging	∅	∅	∅	∅	∅	∅	∅	∅	∅	∅	∅	∅	∅	∅	∅,∅	3013	3001	∅	∅	∅	∅	3010	∅	∅	∅	∅	∅	∅	∅	∅	∅,∅	3013	3001	∅	∅	∅	∅	3010	∅	∅	∅	∅	∅	∅	∅	∅	∅
jkpp_0010,mctulil,"io, bərtəm o nane o bingəp, ngang o ar kori go laik ngang, me ngəmmi beme, məte kori go mərek pət, ko go viuva ba umək, me ngang avar kori ngətəm ngane bingəp.",#	0	io	bərtəm	o	nan	=e	o	b=	i-ngəp	#	ngang	o	ar	kori	go	laik	ngang	#	0	me	ngə-m~mi	bem	=e	#	məte	kori	go	mərek	=pət	#	ko	go	viuv	=a	ba	umək	#	me	ngang	avar	kori	ngə-təm	#	0	ngan-e	b=	i-ngəp,#	0	then	night	TOP	mom	=SG.CL:FEM	TOP	ASP=	3SG.F.PST-die	#	1SG	TOP	still	NEG	NSPEC	big	1SG	#	0	and	1SG.PST-RED~suck	at	=3SG.F.PAT	#	like	NEG	NSPEC	good	=pət	#	NEG	NSPEC	taste	=SG.CL:MASC	in	breast	#	and	1SG	also	NEG	1SG.PST-know	#	0	1SG-QUOT	ASP=	3SG.F.PST-die,"during night mom died, I was still not big, and I was sucking on her, the milk was not tasty, I didn't know that she was dead.",en,MORPHEME_ALIGNED,,jkpp_mp3 jkpp_wav jkpp_eaf jkpp_xml jkpp_tsv,,167564,191963,##	0.h:s	other	np:dt	other	np.h:dt_s	=rn	other	=other	v:pred	##neg	pro.1:dt_s	other	other	other	lv	other:pred	pro.1:s	#	0.1:s	other	v:pred	adp	=pro.h:obl	##neg	other	other	ln	np:predex	=rn	##neg	other	ln	np:predex	=rn	adp	np:l	##neg	other	pro.1:a	other	other	v:pred	#cc:p	0.h:s	other	=other	v:pred,,jkpp,∅	∅	∅	new	∅	∅	∅	∅	∅	∅	∅	∅	∅	∅	∅	∅	∅	∅	∅	∅	∅	∅	∅	∅	∅	∅	∅	∅	∅	∅	∅	∅	∅	∅	∅	∅	bridging	∅	∅	∅	∅	∅	∅	∅	∅	∅	∅	∅,∅	3001	∅	3014	∅	3001	∅	∅	∅	∅	∅	3002	∅	∅	∅	∅	∅	3002	∅	3002	∅	∅	∅	3001	∅	∅	∅	∅	∅	∅	∅	∅	∅	∅	∅	∅	3015	∅	∅	3002	∅	∅	∅	∅	3001	∅	∅	∅,∅	3001	∅	3014	∅	3001	∅	∅	∅	∅	∅	3002	∅	∅	∅	∅	∅	3002	∅	3002	∅	∅	∅	3001	∅	∅	∅	∅	∅	∅	∅	∅	∅	∅	∅	∅	3015	∅	∅	3002	∅	∅	∅	∅	3001	∅	∅	∅
jkpp_0011,mctulil,"du laika, va itəne Turogua, dərnga avi, to vuila toKidol, me vəbena eNunu.",#	du	laik	=a	va	itən	=e	Turogua	#	dərng	=a	a-vi	#	to	v=	uil	=a	to-Kidol	#	0	me	və-bena	=a	e-Nunu,#	1PL.POSS	big	=SG.CL:MASC	3SG.M.POSS	name	=SG.CL:FEM	Turogua	#	old	=SG.CL:MASC	3SG.M-PROX1	#	REL	3SG.M.POSS=	son;daughter	=SG.CL:MASC	ART.M-Kidol	#	0	and	3SG.M.PST-marry	=PAT	ART.F-Nunu,"our uncle, his name is Turgua, an old man, whose son is toKidol, and he got married to eNunu.",en,MORPHEME_ALIGNED,,jkpp_mp3 jkpp_wav jkpp_eaf jkpp_xml jkpp_tsv,,191963,206207,##	ln_pro.1:poss	ln_np.h:poss	=rn	ln_pro.h:poss	np:s	=rn	pn_np:pred	##	np.h:dt_poss	=rn	rn	#rc	other	=ln_pro.h:poss	np.h:s	=rn	pn_np.h:pred	#	0.h:a	other	v:pred	=ln	pn_np.h:p,,jkpp,∅	∅	new	∅	∅	bridging	∅	∅	∅	∅	∅	∅	∅	∅	∅	new	∅	∅	∅	∅	∅	∅	∅	new,∅	3004	3016	∅	3016	3017	∅	∅	∅	3016	∅	∅	∅	∅	3016	3018	∅	∅	∅	3016	∅	∅	∅	3019,∅	3004	3016	∅	3016	3017	∅	∅	∅	3016	∅	∅	∅	∅	3016	3018	∅	∅	∅	3016	∅	∅	∅	3019
jkpp_0012,mctulil,"io, iap o udu-- ləma anudu, ngə mativonnəvənik katum ta, məte toPipite, eLula, Tavinor, Tade, me toMelekit, me ngang, ngang o toktok, bemə ngang.",#	io	iap	o	ləm	=a	a-n	=udu	ngə=	mativon	=nəvənik	katum	ta	məte	to-Pipite	e-Lula	Tavinor	Tade	me	to-Melekit	me	ngang	#	ngang	o	toktok	#	bemə	ngang,#	then	3SG.M	TOP	live	=3SG.M.PAT	3SG.M-COM	=1PL	1SG.POSS.INAL=	brother	=PL.CL:DIM	all	3PL	like	ART.M-Pipite	ART.F-Lula	Tavinor	Tade	and	ART.M-Melekit	and	1SG	#	1SG	TOP	end	#	bemə	1SG,"he was living with us, all of my brothers, like toPipite, eLula, Tavinor, Tade of and toMelekit, and me, I'm the last of all, stop at me.",en,MORPHEME_ALIGNED,,jkpp_mp3 jkpp_wav jkpp_eaf jkpp_xml jkpp_tsv,,206207,232877,##	other	pro.h:dt_s	other	other:pred	=pro.h:s	adp	=pro.1:obl	=ln_pro.1:poss	np.h:appos	=rn	rn	rn	rn	rn_pn_np	rn_pn_np	rn_pn_np	rn_pn_np	rn	rn_pn_np	rn	rn_pro.1	##	pro.1:s	other	other:pred	##	nc	pro.1:s,,jkpp,∅	∅	∅	∅	∅	∅	∅	∅	∅	bridging	∅	∅	∅	∅	new	new	new	new	∅	new	∅	∅	∅	∅	∅	∅	∅	∅	∅,∅	∅	3016	∅	∅	3016	∅	3004	3002	3020	∅	∅	3020	∅	3021	3022	3023	3024	∅	3025	∅	3002	∅	3002	∅	∅	∅	∅	∅,∅	∅	3016	∅	∅	3016	∅	3004	3002	3020	∅	∅	3020	∅	3021	3022	3023	3024	∅	3025	∅	3002	∅	3002	∅	∅	∅	∅	∅
jkpp_0013,mctulil,"io nane bingəp, io bənganəkələ?",#	io	nan	=e	b=	i-ngəp	#	0	io	bə=	ngan-əkələ,#	then	mom	=SG.CL:FEM	ASP=	3SG.F.PST-die	#	0	then	ASP=	1SG.NPST-do,"Then mom died, then what will I do?",en,MORPHEME_ALIGNED,,jkpp_mp3 jkpp_wav jkpp_eaf jkpp_xml jkpp_tsv,,232877,239150,##	other	np.h:s	=rn	=other	v:pred	##	0.1:s	other	=other	v:pred,,jkpp,∅	∅	∅	∅	∅	∅	∅	∅	∅	∅	∅,∅	∅	3001	∅	∅	∅	∅	3002	∅	∅	∅,∅	∅	3001	∅	∅	∅	∅	3002	∅	∅	∅
jkpp_0014,mctulil,kurek ba du ronəng vədəme.,#	kurek	ba	du	ronəng	vədəm	=e,#	bad	in	1PL.POSS	stomach	for	=3SG.F.PAT,We were sad [upset] for her.,en,MORPHEME_ALIGNED,,jkpp_mp3 jkpp_wav jkpp_eaf jkpp_xml jkpp_tsv,,239150,243832,##	other:predex	adp	ln_pro.1:poss	np:l	adp	=pro.h:obl,,jkpp,∅	∅	∅	∅	bridging	∅	∅,∅	∅	∅	3004	3026	∅	3001,∅	∅	∅	3004	3026	∅	3001
jkpp_0015,mctulil,"io, betəm ubət nandi ba pən o məte bidəmat məni nidə.",#	io	betəm	u-bət	nandi	ba	pən	o	məte	bidəmat	məni	nidə,#	then	betəm	3N-PROX2	like_this	in	fight	TOP	like	bidəmat	məni	nidə,"[UNCLEAR] the war started [at the time the war started, she died.]",en,MORPHEME_ALIGNED,,jkpp_mp3 jkpp_wav jkpp_eaf jkpp_xml jkpp_tsv,,243832,263560,#nc	nc	nc	nc	nc	nc	nc_np	nc	nc	nc	nc	nc,,jkpp,∅	∅	∅	∅	∅	∅	∅	∅	∅	∅	∅	∅,∅	∅	∅	∅	∅	∅	3003	∅	∅	∅	∅	∅,∅	∅	∅	∅	∅	∅	3003	∅	∅	∅	∅	∅
jkpp_0016,mctulil,"io (dukər-) təkər təpme, təba məngəda, to təttak tate, be Toburut, itəne evi o eto Bior, me burut nəbo Bior, Tulil o kori, Tulil o navodi ba Iaor.",#	0	io	tə-kər	təpm	=e	tə=	ba	məngəda	=a	#	0	to	tə-t~tak	tat-e	be	Toburut	#	itən	=e	e-vi	o	e-to	Bior	#	me	burut	nə-bo	Bior	#	Tulil	o	kori	#	Tulil	o	navodi	ba	Iaor,#	0	then	3PL.PST-lift	with	=3SG.F.PAT	to=	in	home	=SG.CL:MASC	#	0	REL	3PL.PST-RED~call	3PL-QUOT	at	Toburut	#	name	=SG.CL:FEM	3SG.F-PROX1	TOP	3SG.F-belong_to	Tolai	#	and	burut	LOC-UP	Bior	#	Tulil	TOP	NEG	#	Tulil	TOP	like_this	in	fear,"then they went up with her (body) to home, where they called Toburut, this name bilongs to Tolais, burut is a Tolai word, Tulil no, in Tulil language it is ""be iaor"" 'at fear'.",en,MORPHEME_ALIGNED,,jkpp_mp3 jkpp_wav jkpp_eaf jkpp_xml jkpp_tsv,,263560,285370,##	0.h:s	other	v:pred	adp	=pro.h:obl	=adp	adp	np:g	=rn	#rc	0.h:a	other	v:pred	rv	rv	pn_np:p	##	np:s	=rn	rn	other	adp	pn_np:pred	##	other	np:s	dem_other	pn_np:pred	#neg	pn_np:s	other	other:pred	##	pn_np:s	other	other	adp	np:pred,,jkpp,∅	∅	∅	∅	∅	∅	∅	∅	bridging	∅	∅	∅	∅	∅	∅	∅	new	∅	bridging	∅	∅	∅	∅	∅	∅	∅	∅	∅	∅	∅	bridging	∅	∅	∅	∅	∅	∅	∅	∅,∅	3004	∅	∅	∅	3002	∅	∅	3027	∅	∅	3004	∅	∅	∅	∅	3028	∅	3029	∅	∅	∅	∅	∅	∅	∅	3029	∅	∅	∅	3030	∅	∅	∅	3030	∅	∅	∅	∅,∅	3004	∅	∅	∅	3002	∅	∅	3027	∅	∅	3004	∅	∅	∅	∅	3028	∅	3029	∅	∅	∅	∅	∅	∅	∅	3029	∅	∅	∅	3030	∅	∅	∅	3030	∅	∅	∅	∅
jkpp_0017,mctulil,"təmərove, me ngang o kori go laik ngang, bətəbokbok tuk ngang.",#	0	tə-mərov	=e	#	me	ngang	o	kori	go	laik	ngang	#	0	bə=	tə-bokbok	tuk	ngang,#	0	3PL.PST-bury	=3SG.F.PAT	#	and	1SG	TOP	NEG	NSPEC	big	1SG	#	0	ASP=	3PL.PST-talk	give	1SG,"They buried her, I was still small, they told me.",en,MORPHEME_ALIGNED,,jkpp_mp3 jkpp_wav jkpp_eaf jkpp_xml jkpp_tsv,,285370,301483,##	0.h:a	v:pred	=pro.h:p	##neg	other	pro.1:dt_s	other	other	lv	other:pred	pro.1:s	##	0.h:s	=other	v:pred	adp	pro.1:obl,,jkpp,∅	∅	∅	∅	∅	∅	∅	∅	∅	∅	∅	∅	∅	∅	∅	∅	∅	∅,∅	3004	∅	3001	∅	∅	3002	∅	∅	∅	∅	3002	∅	3004	∅	∅	∅	3002,∅	3004	∅	3001	∅	∅	3002	∅	∅	∅	∅	3002	∅	3004	∅	∅	∅	3002
jkpp_0018,mctulil,"me bəvon o var dubitəmut, vəvat bətma voin, me avar bokbokpət navodi ba doto məte nane bingəp, o bimətor avar bəba(məto) məngəda to voin, o məngədə təgəta me tattak bema tate urənga o Ravup.",#	0	me	bəvon	o	var	du-bitəmut	vəvat	bətm	=a	voin	#	me	avar	bokbok	=pət	navodi	ba	#	doto	məte	nan	=e	b=	i-ngəp	#	0	o	b=	i-mətor	avar	bə=	ba	məngəd	=a	to	voin	#	0	o	məngədə	təgət	=a	me	ta-t~tak	bem	=a	tat-e	#	urəng	=a	o	Ravup,#	0	and	before	TOP	also	1PL.PST-believe	very	with	=PAT	ghost	#	and	also	talk	=pət	like_this	in	#	when;if	like	mom	=SG.CL:FEM	ASP=	3SG.F.PST-die	#	0	TOP	ASP=	3SG.F.PST-sit	also	ASP=	in	home	=SG.CL:MASC	belong_to	ghost	#	0	TOP	home;village	one	=SG.CL:MASC	and	3PL.NPST-RED~call	at	=3SG.M.PAT	3PL-QUOT	#	waterfall	=SG.CL:MASC	TOP	Ravup,"and before we believed strongly in ghosts, there is this saying that when like mom died, she stayed in a place belongs to the ghosts, this place they called the water fall Ravup.",en,MORPHEME_ALIGNED,,jkpp_mp3 jkpp_wav jkpp_eaf jkpp_xml jkpp_tsv,,301483,331040,##	0.h:a	other	other:dt	other	other	v:pred	rv	rv	=ln	np:p	##	other	other	np:predex	=rn	rn	nc	#	other	other	np.h:s	=rn	=other	v:pred	#	0.h:s	other	=other	v:pred	other	=other	adp	np:l	=rn	rn	rn_np	##	0.h:s	other	np:dt_s	rn	=rn	other	v:pred	adp	=pro.h:obl	other	#cc	np:s	=rn	other	pn_np:pred,,jkpp,∅	∅	∅	∅	∅	∅	∅	∅	∅	∅	new	∅	∅	∅	∅	∅	∅	∅	∅	∅	∅	∅	∅	∅	∅	∅	∅	∅	∅	∅	∅	∅	∅	new	∅	∅	∅	∅	∅	∅	∅	∅	∅	∅	∅	∅	∅	∅	∅	bridging	∅	∅	∅,∅	3004	∅	∅	∅	∅	∅	∅	∅	∅	3031	∅	∅	∅	∅	∅	∅	∅	∅	∅	∅	3001	∅	∅	∅	∅	3001	∅	∅	∅	∅	∅	∅	3032	∅	∅	3031	∅	3004	∅	3032	∅	∅	∅	∅	∅	∅	∅	∅	3033	∅	∅	∅,∅	3004	∅	∅	∅	∅	∅	∅	∅	∅	3031	∅	∅	∅	∅	∅	∅	∅	∅	∅	∅	3001	∅	∅	∅	∅	3001	∅	∅	∅	∅	∅	∅	3032	∅	∅	3031	∅	3004	∅	3032	∅	∅	∅	∅	∅	∅	∅	∅	3033	∅	∅	∅
jkpp_0019,mctulil,"ngang o kori ngətoti urənga avi, io təmume ngang tate-- eVuet imume ngang, məte iep to dava ibakət təvənma nane, dava iep ilukaut bem udu, ngana ngəmativonnəvənik.",#	0	ngang	o	kori	ngə-toti	urəng	=a	a-vi	#	e-Vuet	i-mume	ngang	#	0	məte	iep	to	dava	i-bakət	təvənm	=a	nan	=e	#	dava	iep	i-lukaut	bem	udu	nga-n	=a	ngə=	mativon	=nəvənik,#	0	1SG	TOP	NEG	1SG.PST-see	waterfall	=SG.CL:MASC	3SG.M-PROX1	#	ART.F-Vuet	3SG.F.PST-tell	1SG	#	0	like	3SG.F	REL	PURP_again	3SG.F.PST-change	after	=PAT	mom	=SG.CL:FEM	#	PURP_again	3SG.F	3SG.F.PST-look_after[tok pisin]	at	1PL	1SG-COM	=PAT	1SG.POSS.INAL=	brother	=PL.CL:DIM,"I didn't see the waterfall, they told me, it's eVuet who told me, like she's one who (changed after my mom) became us mother, she looked after us, me and my brothers.",en,MORPHEME_ALIGNED,,jkpp_mp3 jkpp_wav jkpp_eaf jkpp_xml jkpp_tsv,,331040,350920,##neg	0.1:a	pro.1:dt_a	other	other	v:pred	np:p	=rn	rn	##	pn_np.h:a	v:pred	pro.1:p	#	0.h:a	other	pro.h:dt_a	other	other	v:pred	rv	=ln	np:p	=rn	##	other	pro.h:a	v:pred	rv	pro.1:p	pro.1:appos	=rn	=rn_pro.1:poss	rn_np.h	=rn,,jkpp,∅	∅	∅	∅	∅	∅	∅	∅	∅	∅	new	∅	∅	∅	∅	∅	∅	∅	∅	∅	∅	∅	∅	∅	∅	∅	∅	∅	∅	∅	∅	∅	∅	∅	∅,∅	3002	3002	∅	∅	∅	3032	∅	∅	∅	3034	∅	3002	∅	3034	∅	3034	∅	∅	∅	∅	∅	3034	∅	∅	∅	3034	∅	∅	3004	3002	∅	3002	3020	∅,∅	3002	3002	∅	∅	∅	3032	∅	∅	∅	3034	∅	3002	∅	3034	∅	3034	∅	∅	∅	∅	∅	3034	∅	∅	∅	3034	∅	∅	3004	3002	∅	3002	3020	∅
jkpp_0020,mctulil,"io təmume, me ngang o iaor, doto məte təməngar tate, atiau ba maoka, io atnəvən təba məngəda avi Ravup to məte go to idəngəp, o nanbət to təpma gəri? tate 'tore', io voin ire tabət, ire idabie to abət to vəngəp, da nəmumə təba Ravup.",#	0	io	tə-mume	#	me	ngang	o	iaor	#	0	doto	məte	tə-məngar	#	0	tat-e	at-iau	ba	maok	=a	#	0	io	at-nəvən	tə=	ba	məngəd	=a	a-vi	Ravup	#	0	to	məte	go	to	idə-ngəp	o	nanbət	to	təpm	=a	gəri	#	0	tat-e	tor	=e	#	io	voin	i-re	ta-bət	#	0	i-re	idabi	=e	to	a-bət	#	0	to	v-əngəp	#	0	da	nə-mumə	tə=	ba	Ravup,#	0	then	3PL.PST-tell	#	and	1SG	TOP	afraid	#	0	when;if	like	3PL.PST-say	#	0	3PL-QUOT	3SG.M.PST-fly	in	sky	=SG.CL:MASC	#	0	then	3SG.M.NPST-fall	to=	in	village	=SG.CL:MASC	3SG.M-PROX1	Ravup	#	0	SUB	like	NSPEC	REL	3N.PST-die	TOP	like_that	SUB	with	=PAT	what	#	0	3PL-QUOT	wood	=SG.CL:FEM	#	then	ghost	3N.NPST-carry	3PL-PROX2	#	0	3N.NPST-carry	spirit	=SG.CL:FEM	belong_to	3SG.M-PROX2	#	0	REL	3SG.M.PST-die	#	0	PURP	LOC-DOWN.FAR	to=	in	Ravup,"Then, they told, and I was afraid, when they said that they say, it will fly in the space, then it will fall into Ravup, that whoever died, they with what? they said 'log', the ghosts they carried the spirits of who died, down there to Ravup.",en,MORPHEME_ALIGNED,,jkpp_mp3 jkpp_wav jkpp_eaf jkpp_xml jkpp_tsv,,350920,383546,##	0.h:s	other	v:pred	##	other	pro.1:s	other	other:pred	##	0.h:s	other	other	v:pred	#cc	0.h:s	other	v:pred	adp	np:l	=rn	#	0.h:s	other	v:pred	=adp	adp	np:g	=rn	rn	rn_pn_np	#	0.h:s	other	other	pro.h:dt_s	other	v:pred	other	other	other	adp	=ln	np:other	##	0.h:s	other:pred	np:other	=rn	##	other	np:a	v:pred	dem_pro.h:p	#	0:a	v:pred	np:p	=rn	adp	dem_pro.h:g	#rc	0.h:s	other	v:pred	#	0:s	other	dem_other:pred	=adp	adp	pn_np:l,,jkpp,∅	∅	∅	∅	∅	∅	∅	∅	∅	∅	∅	∅	∅	∅	∅	∅	∅	∅	∅	∅	∅	∅	∅	∅	∅	∅	∅	new	∅	∅	∅	∅	new	∅	∅	∅	∅	∅	∅	∅	∅	∅	∅	∅	∅	∅	∅	∅	∅	∅	∅	∅	∅	∅	∅	∅	∅	new	∅	∅	∅	∅	∅	∅	∅	∅	∅	∅	∅	∅	∅	∅,∅	3020	∅	∅	∅	∅	3002	∅	∅	∅	3020	∅	∅	∅	∅	∅	∅	∅	∅	3009	∅	∅	∅	∅	∅	∅	∅	3035	∅	∅	∅	∅	3036	∅	∅	3036	∅	∅	∅	∅	∅	∅	∅	∅	∅	3020	∅	∅	∅	∅	∅	3031	∅	3036	∅	∅	∅	3037	∅	∅	3036	∅	3036	∅	∅	∅	∅	∅	∅	∅	∅	3035,∅	3020	∅	∅	∅	∅	3002	∅	∅	∅	3020	∅	∅	∅	∅	∅	∅	∅	∅	3009	∅	∅	∅	∅	∅	∅	∅	3035	∅	∅	∅	∅	3036	∅	∅	3036	∅	∅	∅	∅	∅	∅	∅	∅	∅	3020	∅	∅	∅	∅	∅	3031	∅	3036	∅	∅	∅	3037	∅	∅	3036	∅	3036	∅	∅	∅	∅	∅	∅	∅	∅	3035
jkpp_0021,mctulil,"io ngang avar ngane, me ngəmətor ko nandi, ngang o təpma iaor, ti voin.",#	io	ngang	avar	ngan-e	#	0	me	ngə-mətor	ko	nandi	#	ngang	o	təpm	=a	iaor	ti	voin,#	then	1SG	also	1SG-QUOT	#	0	and	1SG.PST-sit	just	like_this	#	1SG	TOP	with	=PAT	fear	of	ghost,"so I thought, I just sat like that, I was with fear, of ghosts.",en,MORPHEME_ALIGNED,,jkpp_mp3 jkpp_wav jkpp_eaf jkpp_xml jkpp_tsv,,383546,393074,##	other	pro.1:s	other	other:pred	##	0.1:s	other	v:pred	other	other	#	pro.1:s	other	adp	=ln	np:pred	adp	np:obl,,jkpp,∅	∅	∅	∅	∅	∅	∅	∅	∅	∅	∅	∅	∅	∅	∅	∅	∅	∅	∅,∅	∅	3002	∅	∅	∅	3002	∅	∅	∅	∅	∅	3002	∅	∅	∅	∅	∅	3031,∅	∅	3002	∅	∅	∅	3002	∅	∅	∅	∅	∅	3002	∅	∅	∅	∅	∅	3031
jkpp_0022,mctulil,"io nandi, nəvon, nəvon, nəvon, io təmənu vətbət, ava ngəmu tən təpma iaor, kori ngəppi ngatogən, doto bəngatoti abət to atiau, təpma vənbət, io bəngətən təbe tən to nane, ete voin ubət bidəre idabie.",#	0	io	nandi	nəvon	nəvon	nəvon	io	tə=	mənu	vət-bət	ava	ngə-mu	tən	təpm	=a	iaor	#	0	kori	ngə-p~pi	nga-togən	#	0	doto	bə=	nga-toti	a-bət	#	0	to	at-iau	təpm	=a	vən-bət	#	0	io	bə=	ngə-tən	tə=	be	tən	to	nan	=e	#	et-e	#	voin	u-bət	b=	idə-re	idabi	=e,#	0	then	like_this	same_thing	same_thing	same_thing	then	to=	back_of	3SG.SEG-PROX2	again	1SG.PST-put	think	with	=PAT	fear	#	0	NEG	1SG.PST-RED~go	1SG-alone	#	0	when;if	ASP=	1SG.NPST-see	3SG.M-PROX2	#	0	REL	3SG.M.NPST-fly	with	=PAT	3SG.AUG-PROX2	#	0	then	ASP=	1SG.PST-think	to=	at	think	belong_to	mother	=SG.CL:FEM	#	3SG.F-QUOT	#	ghost	3N-PROX2	ASP=	3N.PST-carry	spirit	=SG.CL:FEM,"Then like that, (I was sitting scared) again again again, then after that time, I kept thinking with this fear, I didn't walk by myself, whien I see the thing that flies with (?), then I thought of thinking of mom (eVuet), she said the ghosts carried the spirits.",en,MORPHEME_ALIGNED,,jkpp_mp3 jkpp_wav jkpp_eaf jkpp_xml jkpp_tsv,,393074,416909,##	0.1:a	other	other	np:dt	nc	nc	adp	=adp	np:dt	rn	other	v:pred	vother:p	adp	=ln	np:obl	##neg	0.1:s	other	v:pred	other	#	0.1:a	other	=other	v:pred	dem_pro:p	#rc	0.h:s	other	v:pred	adp	=ln	cl_pro:obl	#	0.1:s	other	=other	v:pred	=adp	adp	np:obl	rn	rn_np.h	=rn	#	other:pred	#	np:a	rn	=other	v:pred	np:p	=rn,,jkpp,∅	∅	∅	∅	∅	∅	∅	∅	∅	∅	∅	∅	∅	∅	∅	∅	bridging	∅	∅	∅	∅	∅	∅	∅	∅	∅	∅	new	∅	∅	∅	∅	∅	∅	∅	∅	∅	∅	∅	∅	∅	∅	bridging	∅	∅	∅	∅	∅	∅	∅	∅	∅	∅	∅	∅,∅	3002	∅	∅	∅	∅	∅	∅	∅	∅	∅	∅	∅	∅	∅	∅	3038	∅	3002	∅	∅	∅	∅	3002	∅	∅	∅	3039	∅	∅	∅	∅	∅	∅	∅	∅	3002	∅	∅	∅	∅	∅	3040	∅	3001	∅	∅	∅	∅	3031	∅	∅	∅	3037	∅,∅	3002	∅	∅	∅	∅	∅	∅	∅	∅	∅	∅	∅	∅	∅	∅	3038	∅	3002	∅	∅	∅	∅	3002	∅	∅	∅	3039	∅	∅	∅	∅	∅	∅	∅	∅	3002	∅	∅	∅	∅	∅	3040	∅	3001	∅	∅	∅	∅	3031	∅	∅	∅	3037	∅
jkpp_0023,mctulil,"io ava nga kadre-- nga laika, va dərnge ingəp, ePətətain, me nga laika o toValubən, iap o (va-) vuilvənik o akəra balakətəria, məte eTadar, idəmat məni, toVaruvi, io Martin, me ePatin, ePatin ar idile, me vettie ingəp, nəmə.",#	io	ava	nga	laik	=a	va	dərng	=e	i-ngəp	e-Pətətain	#	me	nga	laik	=a	o	to-Valubən	#	iap	o	v=	uil	=vənik	o	akəra	balakətəria	məte	e-Tadar	idə-mat	məni	to-Varuvi	io	Martin	me	e-Patin	#	e-Patin	ar	idil	=e	#	me	ve=	tti	=e	i-ngəp	nə-mə,#	then	again	1SG.POSS	big	=SG.CL:MASC	3SG.M.POSS	old	=SG.CL:FEM	3SG.F.PST-die	ART.F-Pətətain	#	and	1SG.POSS	big	=SG.CL:MASC	TOP	ART.M-Valubən	#	3SG.M	TOP	3SG.M.POSS=	son;daughter	=vənik	TOP	just	four.CL:MASC	like	ART.F-Tadar	3N.PST-get	first	ART.M-Varuvi	then	Martin	and	ART.F-Patin	#	ART.F-Patin	still	small	=SG.CL:FEM	#	and	3SG.F.POSS=	parent	=SG.CL:FEM	3SG.F.PST-die	LOC-DOWN,"Then my uncle, his wife died, ePətətain, and my uncle is toVulubən, he has four children, like eTadar, the first born, toVaruvi, Martin, and ePatin was still a child, and her mother died, down there (home of the person).",en,MORPHEME_ALIGNED,,jkpp_mp3 jkpp_wav jkpp_eaf jkpp_xml jkpp_tsv,,416909,452543,##	other	other	ln_pro.1:poss	ln_np.h:dt_poss	=rn	ln_pro.h:poss	np.h:s	=rn	v:pred	pn_np.h:dt	##	other	ln_pro.1:poss	np:s	=rn	other	pn_np:pred	##	pro.h:dt_poss	other	=ln_pro.h:poss	np:s	=rn	other	other	np:pred	other	pn_np.h:appos	rn	rn	rn_pn_np.h	rn	rn_pn_np.h	rn	rn_pn_np.h	##	pn_np.h:s	other	np:pred	=rn	#	other	=ln_pro.h:poss	np.h:s	=rn	v:pred	dem_other:l,,jkpp,∅	∅	∅	∅	∅	∅	∅	∅	∅	∅	∅	∅	∅	∅	∅	∅	∅	∅	∅	∅	∅	∅	new	∅	∅	∅	∅	∅	bridging	∅	∅	bridging	∅	bridging	∅	bridging	∅	∅	∅	∅	∅	∅	∅	∅	∅	∅	∅	∅,∅	∅	∅	3002	3016	∅	3016	3019	∅	∅	3019	∅	∅	3002	3016	∅	∅	∅	∅	3016	∅	3016	3041	∅	∅	∅	∅	∅	3042	∅	∅	3043	∅	3044	∅	3045	∅	3045	∅	∅	∅	∅	∅	3045	3019	∅	∅	3027,∅	∅	∅	3002	3016	∅	3016	3019	∅	∅	3019	∅	∅	3002	3016	∅	∅	∅	∅	3016	∅	3016	3041	∅	∅	∅	∅	∅	3042	∅	∅	3043	∅	3044	∅	3045	∅	3045	∅	∅	∅	∅	∅	3045	3019	∅	∅	3027
jkpp_0024,mctulil,"io, ngang o məte nandi ba ngang konəng ngəmətor ngana vove ebət, me ngang kori ngətəm ngane nagapon?",#	io	ngang	o	məte	nandi	ba	ngang	konəng	ngə-mətor	ngan-a	vov	=e	e-bət	#	me	ngang	kori	ngə-təm	#	ngan-e	nagapon,#	then	1SG	TOP	like	like_this	in	1SG	only	1SG.PST-sit	1SG-COM	aunt	=SG.CL:FEM	3SG.F-PROX2	#	and	1SG	NEG	1SG.PST-know	#	1SG-QUOT	how,"Then I was by myself staying with that dead auntie, and I didn't know what's happening?",en,MORPHEME_ALIGNED,,jkpp_mp3 jkpp_wav jkpp_eaf jkpp_xml jkpp_tsv,,452543,465338,##	other	pro.1:dt	other	other	other	nc	pro.1:s	other	v:pred	adp	np.h:obl	=rn	rn	##neg	other	pro.1:a	other	v:pred	#cc:p	other	other:pred,,jkpp,∅	∅	∅	∅	∅	∅	∅	∅	∅	∅	∅	∅	∅	∅	∅	∅	∅	∅	∅	∅	∅	∅,∅	∅	3002	∅	∅	∅	∅	3002	∅	∅	∅	3019	∅	∅	∅	∅	3002	∅	∅	∅	∅	∅,∅	∅	3002	∅	∅	∅	∅	3002	∅	∅	∅	3019	∅	∅	∅	∅	3002	∅	∅	∅	∅	∅
jkpp_0025,mctulil,"doto bəngətoti e to kəbərək bidəloti do ba ivenang, me ngang konəng ngane, na ePatin to ar idile, io ngəkət məne təkədo.",#	0	doto	bə=	ngə-toti	=e	#	to	kəbərək	b=	idə-loti	do	ba	i=	venang	#	me	ngang	konəng	ngan-e	#	na	e-Patin	to	ar	idil	=e	#	0	io	ngə-kət	mən	=e	təkə=	do,#	0	when;if	ASP=	1SG.PST-see	=3SG.F.PAT	#	SUB	blood	ASP=	3N.PST-spilloti	here;now	in	i=	something	#	and	1SG	only	1SG-QUOT	#	na	ART.F-Patin	REL	still	small	=SG.CL:FEM	#	0	then	1SG.PST-lift	off	=3SG.F.PAT	to=	here,"when I saw her bleeding, blood came out from her something (nose), and I was only with her, ePatin was just small, then I picked her up and put her here.",en,MORPHEME_ALIGNED,,jkpp_mp3 jkpp_wav jkpp_eaf jkpp_xml jkpp_tsv,,465338,477676,##	0.1:a	other	=other	v:pred	=pro.h:p	#	other	np:s	=other	v:pred	other	adp	=ln_pro.1:poss	np:l	##	other	pro.1:s	other	other:pred	##	nc	pn_np.h:s	other	other	np.h:pred	=rn	##	0.1:a	other	v:pred	rv	=pro.h:p	=adp	other:g,,jkpp,∅	∅	∅	∅	∅	∅	∅	∅	new	∅	∅	∅	∅	∅	∅	∅	∅	∅	∅	∅	∅	∅	∅	∅	∅	∅	∅	∅	∅	∅	∅	∅	∅	∅	new,∅	3002	∅	∅	∅	3019	∅	∅	3046	∅	∅	∅	∅	3046	∅	∅	∅	3002	∅	∅	∅	∅	3045	∅	∅	∅	∅	∅	3002	∅	∅	∅	3019	∅	3047,∅	3002	∅	∅	∅	3019	∅	∅	3046	∅	∅	∅	∅	3046	∅	∅	∅	3002	∅	∅	∅	∅	3045	∅	∅	∅	∅	∅	3002	∅	∅	∅	3019	∅	3047
jkpp_0026,mctulil,"me vove bimuek na kəbərək lətnidə do, io ingəp təbe ibən.",#	me	vov	=e	b=	i-muek	n	=a	kəbərək	#	lət	n	=idə	do	#	0	io	i-ngəp	tə=	be	ibən,#	and	aunt	=SG.CL:FEM	ASP=	3SG.F.PST-puke	APPL	=PAT	blood	#	arrive	APPL	=3N	here	#	0	then	3SG.F.PST-die	to=	at	ground,"and auntie vomited blood, came out from here, then she died to the ground.",en,MORPHEME_ALIGNED,,jkpp_mp3 jkpp_wav jkpp_eaf jkpp_xml jkpp_tsv,,477676,484180,##	other	np.h:a	=rn	=other	v:pred	rv	=ln	np:p	##	v:pred	rv	=np:s	other:g	##	0.h:s	other	v:pred	=adp	adp	np:g,,jkpp,∅	∅	∅	∅	∅	∅	∅	∅	∅	∅	∅	∅	∅	new	∅	∅	∅	∅	∅	∅	bridging,∅	∅	3019	∅	∅	∅	∅	∅	3046	∅	∅	∅	∅	3048	∅	3019	∅	∅	∅	∅	3049,∅	∅	3019	∅	∅	∅	∅	∅	3046	∅	∅	∅	∅	3048	∅	3019	∅	∅	∅	∅	3049
jkpp_0027,mctulil,"go itanəng mata nga laika, to vəre mata kəlum nəmə ba Evek, ve kəlubət ito udu nəmə.",#	go	it-anəng	mat	=a	nga	laik	=a	#	0	to	və-re	mat	=a	kəlum	nə-mə	ba	Evek	#	ve	kəlu(m)	=bət	i-to	udu	nə-mə,#	NSPEC	3N.NPST-run	get	=PAT	1SG.POSS	big	=SG.CL:MASC	#	0	SUB	3SG.M.PST-carry	get	=PAT	green.sp.	LOC-DOWN	in	Evek	#	because	green.sp.	=bət	3N-belong_to	1PL	LOC-DOWN,"who will run and get my uncle, who's picking kəlum down at Evek, because our aibika garden is down there.",en,MORPHEME_ALIGNED,,jkpp_mp3 jkpp_wav jkpp_eaf jkpp_xml jkpp_tsv,,484180,493410,##	pro.h:a	v:pred	rv	=ln	ln_pro.1:poss	np.h:p	=rn	#	0.h:a	other	v:pred	rv	=ln	np:p	dem_other	adp	pn_np:g	#	other	np:s	=rn	adp	ln_pro.1:obl	dem_other:pred,,jkpp,∅	∅	∅	∅	∅	∅	∅	∅	∅	∅	∅	∅	∅	∅	new	∅	∅	new	∅	∅	∅	∅	∅	∅	∅,∅	∅	∅	∅	∅	3002	3016	∅	∅	3016	∅	∅	∅	∅	3050	∅	∅	3051	∅	∅	3050	∅	∅	3004	∅,∅	∅	∅	∅	∅	3002	3016	∅	∅	3016	∅	∅	∅	∅	3050	∅	∅	3051	∅	∅	3050	∅	∅	3004	∅
jkpp_0028,mctulil,"io eTadar ikərtang, ar kori mərek ne da etaro, ena Tovaruvi, ipəppi, itau itna nga laika nəmə.",#	io	e-Tadar	i-kər	tang	#	ar	kori	mərek	n	=e	#	0	da	e-taro	#	0	e-n	=a	to-Varuvi	ipə-p~pi	#	0	i-tau	it-n	=a	nga	laik	=a	nə-mə,#	then	ART.F-Tadar	3SG.F.PST-raise	REFL	#	still	NEG	good	APPL	=3SG.F.PAT	#	0	PURP	3SG.F-fast	#	0	3SG.F-COM	=PAT	ART.M-Varuvi	3DL.M.PST-RED~go	#	0	3DL.M.PST-meet	3DL.M-COM	=PAT	1SG.POSS	big	=SG.CL:MASC	LOC-DOWN,"then eTadar got up, she could not walk quickly, she with toVaruvi, they went, they met my uncle down there.",en,MORPHEME_ALIGNED,,jkpp_mp3 jkpp_wav jkpp_eaf jkpp_xml jkpp_tsv,,493410,505884,##	other	pn_np.h:a	v:pred	refl.h:p	##neg	other	other	other:pred	rv	=pro.h:s	#cc	0.h:s	other	v:pred	##	0.h:s	adp	=ln	pn_np:dt	v:pred	#	0.h:s	v:pred	adp	=ln	ln_pro.1:poss	np.h:obl	=rn	dem_other:l,,jkpp,∅	∅	∅	∅	∅	∅	∅	∅	∅	∅	∅	∅	∅	∅	∅	∅	∅	∅	∅	∅	∅	∅	bridging	∅	∅	∅	∅	∅	∅	∅,∅	∅	3042	∅	3042	∅	∅	∅	∅	∅	3042	∅	3042	∅	∅	∅	3042	∅	∅	3043	∅	∅	3052	∅	∅	∅	3002	3016	∅	∅,∅	∅	3042	∅	3042	∅	∅	∅	∅	∅	3042	∅	3042	∅	∅	∅	3042	∅	∅	3043	∅	∅	3052	∅	∅	∅	3002	3016	∅	∅
jkpp_0029,mctulil,"iap o təpma kəluma ga vəkən, bəvunə təvat na, təppi nəmmə.",#	iap	o	təpm	=a	kəlum	=a	ga	və=	kən	#	0	bə=	v-unə	təvat	n	=a	#	0	tə-p~pi	nə-m~mə,#	3SG.M	TOP	with	=PAT	green.sp.	=SG.CL:MASC	across	3SG.M.POSS.INAL=	neck	#	0	ASP=	3SG.M.PST-throw	release	APPL	=3SG.M.PAT	#	0	3PL.PST-RED~walk	LOC-RED~DOWN,"He was with aibika on his shoulders, he threw it, they went down.",en,MORPHEME_ALIGNED,,jkpp_mp3 jkpp_wav jkpp_eaf jkpp_xml jkpp_tsv,,505884,511869,##	pro.h:s	other	adp	=ln	np:pred	=rn	adp	=ln_pro.h:poss	np:other	##	0.h:a	=other	v:pred	rv	rv	=pro:p	##	0.h:s	v:pred	dem_other:g,,jkpp,∅	∅	∅	∅	∅	∅	∅	∅	∅	bridging	∅	∅	∅	∅	∅	∅	∅	∅	∅	∅	∅,∅	3016	∅	∅	∅	3050	∅	∅	3016	3053	∅	3016	∅	∅	∅	∅	3050	∅	3016	∅	∅,∅	3016	∅	∅	∅	3050	∅	∅	3016	3053	∅	3016	∅	∅	∅	∅	3050	∅	3016	∅	∅
jkpp_0030,mctulil,"io, məte var nane, eVuet, təmanəng, nga vove o bingəp, təkəbənəte, təture, təmue nəbət.",#	io	məte	var	nan	=e	e-Vuet	#	0	tə-manəng	#	0	nga	vov	=e	o	b=	i-ngəp	#	0	tə-kəbənət	=e	#	0	tə-tur	=e	#	0	tə-mu	=e	nə-bət,#	then	like	also	mom	=SG.CL:FEM	ART.F-Vuet	#	0	3PL.PST-run	#	0	1SG.POSS	aunt	=SG.CL:FEM	TOP	ASP=	3SG.F.PST-die	#	0	3PL.PST-clean	=3SG.F.PAT	#	0	3PL.PST-wash	=3SG.F.PAT	#	0	3PL.PST-put	=3SG.F.PAT	LOC-PROX2,"then, like mom eVuet, they ran, aunt is already dead, they cleaned her, they washed her, they put her there.",en,MORPHEME_ALIGNED,,jkpp_mp3 jkpp_wav jkpp_eaf jkpp_xml jkpp_tsv,,511869,527298,##	other	other	other	np.h:predex	=rn	pn_np.h:appos	##	0.h:s	v:pred	##	0.h:s	ln_pro.1:poss	np.h:dt_s	=rn	other	=other	v:pred	##	0.h:a	v:pred	=pro.h:p	##	0.h:a	v:pred	=pro.h:p	##	0.h:a	v:pred	=pro.h:p	dem_other:g,,jkpp,∅	∅	∅	∅	∅	∅	∅	∅	∅	∅	∅	∅	∅	∅	∅	∅	∅	∅	∅	∅	∅	∅	∅	∅	∅	∅	∅	∅	∅	∅	∅,∅	∅	∅	∅	3001	∅	3001	∅	3004	∅	∅	3019	3004	3019	∅	∅	∅	∅	∅	3004	∅	3019	∅	3004	∅	3019	∅	3004	∅	3019	∅,∅	∅	∅	∅	3001	∅	3001	∅	3004	∅	∅	3019	3004	3019	∅	∅	∅	∅	∅	3004	∅	3019	∅	3004	∅	3019	∅	3004	∅	3019	∅
jkpp_0031,mctulil,dutəbu.,#	0	du-təbu,#	0	1PL.PST-practice_custom,we did the funeral.,en,MORPHEME_ALIGNED,,jkpp_mp3 jkpp_wav jkpp_eaf jkpp_xml jkpp_tsv,,527298,530518,##	0.1:s	v:pred,,jkpp,∅	∅	∅,∅	3004	∅,∅	3004	∅
jkpp_0032,mctulil,"bəbərtəm o ngang o ve iaor, ti voin, tove ngətən ngane, evi o bə etəba məngəda to voin, dava tare ve idabie nəmumə təba Ravup.",#	bə=	bərtəm	o	ngang	o	ve	iaor	ti	voin	#	0	tove	ngə-tən	#	ngan-e	e-vi	o	bə	e-tə=	ba	məngəd	=a	to	voin	#	0	dava	ta-re	ve	idabi	=e	nə-mumə	tə=	ba	Ravup,#	ASP=	night	TOP	1SG	TOP	also	afraid	of	ghost	#	0	because	1PL.PST-think	#	1SG-QUOT	3SG.F-PROX1	TOP	ASP	3SG.F=	in	home	=SG.CL:MASC	belong_to	ghost	#	0	PURP_again	3PL.NPST-carry	3SG.F.POSS	spirit	=SG.CL:FEM	LOC-DOWN.FAR	to=	in	Ravup,"at night I was afraid of ghosts, because I thought, she is going to the home of ghosts, they will carry her spirit down to Ravup.",en,WORD_ALIGNED,,jkpp_mp3 jkpp_wav jkpp_eaf jkpp_xml jkpp_tsv,,530518,546670,##	=other	np:dt	other	pro.1:s	other	other	other:pred	adp	np:obl	#	0.1:s	other	v:pred	#cc	other	dem_pro:dt_s	other	other	=pro.h:s	adp	np:pred	=rn	rn	rn_np	#	0.h:a	other	v:pred	ln_pro.h:poss	np:p	=rn	dem_other	=adp	adp	pn_np:g,,jkpp,∅	∅	∅	∅	∅	∅	∅	∅	∅	∅	∅	∅	∅	∅	∅	∅	∅	∅	∅	∅	∅	∅	∅	∅	∅	∅	∅	∅	∅	∅	bridging	∅	∅	∅	∅	∅,∅	∅	∅	∅	3002	∅	∅	∅	∅	3031	∅	3002	∅	∅	∅	∅	3019	∅	∅	3019	∅	∅	∅	∅	3031	∅	3031	∅	∅	3019	3054	∅	∅	∅	∅	3032,∅	∅	∅	∅	3002	∅	∅	∅	∅	3031	∅	3002	∅	∅	∅	∅	3019	∅	∅	3019	∅	∅	∅	∅	3031	∅	3031	∅	∅	3019	3054	∅	∅	∅	∅	3032
jkpp_0033,mctulil,"nəbət, ba laləng katum o nga iaor.",#	nə-bət	ba	laləng	katum	o	nga	iaor,#	LOC-PROX2	in	year	all;finished	TOP	1SG.POSS	iaor,"like that, in all the years, I was afraid.",en,MORPHEME_ALIGNED,,jkpp_mp3 jkpp_wav jkpp_eaf jkpp_xml jkpp_tsv,,546670,550872,##	dem_other:dt	adp	np:dt	rn	other	ln_pro.1:poss	np:predex,,jkpp,∅	∅	∅	∅	∅	∅	∅	∅,∅	∅	∅	∅	∅	∅	3002	3038,∅	∅	∅	∅	∅	∅	3002	3038
jkpp_0034,mctulil,"io mərek konəng, təmərove, təmərove, tabət kori təttən kup, ngang o ve ngəmu ngattən be voin.",#	io	mərek	konəng	#	0	tə-mərov	=e	#	0	təmərov	=e	#	ta-bət	kori	tə-t~tən	kup	#	0	ngang	o	ve	ngə-mu	nga	ttən	be	voin,#	then	good	only	#	0	3PL.PST-bury	=3SG.F.PAT	#	0	3PL.PST-bury	=3SG.F.PAT	#	3PL-PROX2	NEG	3PL.PST-RED~think	thorough	#	0	1SG	TOP	again	1SG.PST-put	1SG.POSS	think	at	ghost,"then it was alright, they buried her, they didn't think of any, I kept on thinking about ghosts.",en,WORD_ALIGNED,,jkpp_mp3 jkpp_wav jkpp_eaf jkpp_xml jkpp_tsv,,550872,567821,##	other	other:pred	other	##	0.h:a	v:pred	=pro.h:p	##	0.h:a	v:pred	=pro.h:p	##neg	dem_pro:s	other	v:pred	rv	##	0.1:a	pro.1:dt_a	other	other	v:pred	ln_pro.1:poss	vother:p	adp	np:obl,,jkpp,∅	∅	∅	∅	∅	∅	∅	∅	∅	∅	∅	∅	∅	∅	∅	∅	∅	∅	∅	∅	∅	∅	∅	∅	∅	∅	∅,∅	∅	∅	∅	∅	3004	∅	3019	∅	3004	∅	3019	∅	3004	∅	∅	∅	∅	3002	3002	∅	∅	∅	3002	∅	∅	3031,∅	∅	∅	∅	∅	3004	∅	3019	∅	3004	∅	3019	∅	3004	∅	∅	∅	∅	3002	3002	∅	∅	∅	3002	∅	∅	3031
jkpp_0035,mctulil,"io, vareot vəvat.",#	io	vareot	vəvat,#	then	long_time	very,"then, for a long time (I kept on thinking)",en,MORPHEME_ALIGNED,,jkpp_mp3 jkpp_wav jkpp_eaf jkpp_xml jkpp_tsv,,567821,572635,##	other	other:predex	rv,,jkpp,∅	∅	∅	∅,∅	∅	∅	∅,∅	∅	∅	∅
jkpp_0036,mctulil,"məte bəbavonbə konəng, be lalənga apmə, amumə, məte təgəta me nereita ko mukəm magərung, me libəti me nereita ko mukəm, laləng abət, ava nga kəvova, va itəne Tagong, kori go Tagong amumə, dərnga, Tagong, nga kəvova, to ba temengəp ko nəpbo ba Malobanga.",#	məte	bə=	bavonbə	konəng	be	laləng	=a	a-p~mə	a-mumə	məte	təgət	=a	me	nereita	ko	mukəm_magərung	me	libəti	me	nereita	ko	mukəm	laləng	=a	a-bət	ava	nga	kəvov	=a	va	itən	=e	Tagong	#	kori	go	Tagong	a-mumə	dərng	=a	Tagong	#	nga	kəvov	=a	#	0	to	b=	at-e~mengəp	ko	nə-p~bo	ba	Malobanga,#	like	ASP=	NEAR.PAST	only	at	year	=SG.CL:MASC	3SG.M-RED~DOWN	3SG.M-DOWN.FAR	like	one	=SG.CL:MASC	and	six.CL:MASC	plus	three.CL:MASC	and	five.CL:MASC	and	six.CL:MASC	plus	two.CL:MASC	year	=SG.CL:MASC	3SG.M-PROX2	again	1SG.POSS	nephew;niece	=SG.CL:MASC	3SG.M.POSS	name	=SG.CL:FEM	Tagong	#	NEG	NSPEC	Tagong	3SG.M-DOWN.FAR	old	=SG.CL:MASC	Tagong	#	1SG.POSS	dog	=SG.CL:MASC	#	0	REL	ASP=	3SG.M.NPST-RED~sleep	only	LOC-RED~UP	in	Malobanga,"like a year not too far from now, in that year, like 1985, my nephew, his name is Tagong, not that Tagong before, the old man, Tagong, my nephew, the one that sleeps at Malobanga.",en,MORPHEME_ALIGNED,,jkpp_mp3 jkpp_wav jkpp_eaf jkpp_xml jkpp_tsv,,572635,640312,##	other	=other	np:dt	other	adp	np:dt	=rn	rn	rn	rn	rn	=rn	rn	rn	rn	rn	rn	rn	rn	rn	rn	rn	rn_np	=rn	rn	other	ln_pro.1:poss	np.h:dt_poss	=rn	ln_pro.h:poss	np:s	=rn	pn_np:pred	##neg	other	ln	pn_np.h:pred	rn	np.h:appos	=rn	pn_np.h:appos	##	ln_pro.1:poss	np.h:pred	=rn	#rc	0.h:s	other	=other	v:pred	other	dem_other	adp	pn_np:l,,jkpp,∅	∅	∅	∅	∅	∅	∅	∅	∅	∅	∅	∅	∅	∅	∅	∅	∅	∅	∅	∅	∅	∅	∅	new	∅	∅	∅	∅	new	∅	∅	bridging	∅	∅	∅	∅	∅	∅	∅	∅	∅	∅	∅	∅	∅	∅	∅	∅	∅	∅	∅	∅	∅	∅	new,∅	∅	∅	∅	∅	∅	∅	∅	∅	∅	∅	∅	∅	∅	∅	∅	∅	∅	∅	∅	∅	∅	∅	3055	∅	∅	∅	3002	3056	∅	3056	3057	∅	∅	∅	∅	∅	∅	∅	3056	∅	3056	∅	3002	3056	∅	∅	3056	∅	∅	∅	∅	∅	∅	3058,∅	∅	∅	∅	∅	∅	∅	∅	∅	∅	∅	∅	∅	∅	∅	∅	∅	∅	∅	∅	∅	∅	∅	3055	∅	∅	∅	3002	3056	∅	3056	3057	∅	∅	∅	∅	∅	∅	∅	3056	∅	3056	∅	3002	3056	∅	∅	3056	∅	∅	∅	∅	∅	∅	3058
jkpp_0037,mctulil,"udu langmudu da dəta bəli, io duppi, dumənəmumə ba tipur, nəbo, tattak be tipur ubət na Gəngənit me Gaepka me Silivit, io ngang avar kəra mamani von da nga nəta.",#	udu	lang	m	=udu	#	0	da	d-ət	=a	bəli	#	0	io	du-p~pi	#	0	du-mə=nəmumə	ba	tipur	nə-bo	#	0	ta-t~tak	be	tipur	u-bət	n	=a	Gəngənit	me	Gaepka	me	Silivit	#	io	ngang	avar	kəra	mamani	=von	#	0	da	nga-nə	=ta,#	1PL	want	APPL	=1PL	#	0	PURP	1PL.NPST-eat	=PAT	pig	#	0	then	1PL.PST-RED~go	#	0	1PL.PST-from=LOC.DOWN.FAR	in	bush	LOC-UP	#	0	3PL.NPST-RED~call	at	bush	3N-PROX2	INSTR	=PAT	Gəngənit	and	Gaepka	and	Silivit	#	then	1SG	also	just_then	first	=SG.CL:DIM	#	0	PURP	1SG-COM	=3PL,"We wanted to eat pigs, then we went, we were there at the bush, then up there, they call that bush with Gəngənit, Gaepka and Silivit, it was my first time to go there, I was with them.",en,MORPHEME_ALIGNED,,jkpp_mp3 jkpp_wav jkpp_eaf jkpp_xml jkpp_tsv,,640312,661332,##	nc_pro.1	v:pred	rv	=pro.1:s	#	0.1:a	other	v:pred	=ln	np:p	##	0.1:s	other	v:pred	##	0.1:s	other:pred	adp	np:l	dem_other	##	0.h:a	v:pred	rv	np:p	rn	adp	=ln	pn_np:other	rn	rn_pn_np	rn	rn_pn_np	##	other	pro.1:s	other	other	np:pred	=rn	#cc	0.1:s	other	adp	=pro.h:pred,,jkpp,∅	∅	∅	∅	∅	∅	∅	∅	∅	∅	new	∅	∅	∅	∅	∅	∅	∅	∅	new	∅	∅	∅	∅	∅	∅	∅	∅	∅	bridging	∅	∅	∅	∅	∅	∅	∅	∅	∅	∅	∅	∅	∅	∅	∅	bridging,∅	3004	∅	∅	3004	∅	3004	∅	∅	∅	3059	∅	3004	∅	∅	∅	3004	∅	∅	3060	∅	∅	3004	∅	∅	3060	∅	∅	∅	3061	∅	∅	∅	∅	∅	∅	3002	∅	∅	∅	∅	∅	3002	∅	∅	3062,∅	3004	∅	∅	3004	∅	3004	∅	∅	∅	3059	∅	3004	∅	∅	∅	3004	∅	∅	3060	∅	∅	3004	∅	∅	3060	∅	∅	∅	3061	∅	∅	∅	∅	∅	∅	3002	∅	∅	∅	∅	∅	3002	∅	∅	3062
jkpp_0038,mctulil,"io, duppi, duba arot, io duvənma bəlia.",#	0	io	du-p~pi	#	0	du-ba	a-rot	#	0	io	du-vən	m	=a	bəli	=a,#	0	then	1PL.PST-RED~go	#	0	1PL-in	ART-road	#	0	then	1PL.PST-hit	APPL	=PAT	pig	=SG.CL:MASC,"We went, we were on the road, then we killed a pig.",en,MORPHEME_ALIGNED,,jkpp_mp3 jkpp_wav jkpp_eaf jkpp_xml jkpp_tsv,,661332,668995,##	0.1:s	other	v:pred	##	0.1:s	adp	np:pred	##	0.1:a	other	v:pred	rv	=ln	np:p	=rn,,jkpp,∅	∅	∅	∅	∅	∅	∅	∅	∅	∅	∅	∅	∅	∅	∅	∅,∅	3004	∅	∅	∅	3004	∅	∅	∅	3004	∅	∅	∅	∅	3059	∅,∅	3004	∅	∅	∅	3004	∅	∅	∅	3004	∅	∅	∅	∅	3059	∅
jkpp_0039,mctulil,"me doto məte bə be lalənga abət, io durea, tove ba tipur o kori go mətmət, avar udu dure ləmat, me dure apərəgum me ləvək, duppi, duna avar nga kəvop təgəta va itəne toKabang, avi (a-) atuka kəvop.",#	0	me	doto	məte	bə	be	laləng	=a	a-bət	io	du-re	=a	#	tove	ba	tipur	o	kori	go	mətmət	#	0	avar	udu	du-re	ləmat	#	0	me	du-re	a-pərəgum	me	ləvək	#	0	du-p~pi	du-n	=a	avar	nga	kəvop	təgət	=a	#	va	itən	=e	to-Kabang	#	a-vi	a-tuk	=a	kəvop,#	0	and	when;if	like	ASP	at	year	=SG.CL:MASC	3SG.M-PROX2	then	1PL.PST-carry	=3SG.M.PAT	#	because	in	bush	TOP	NEG	NSPEC	food	#	0	also	1PL	1PL.PST-carry	coconut	#	0	and	1PL.PST-carry	ART-wild_taro	and	banana	#	0	1PL.PST-RED~go	1PL-COM	=PAT	also	1SG.POSS	dog	one	=SG.CL:MASC	#	3SG.M.POSS	name	=SG.CL:FEM	ART.M-Kabang	#	3SG.M-PROX1	3SG.M.NPST-give	=PAT	dog,"and at that year, we carried it [the pig], because in the bush there's no food, we carried (from home) coconuts, wild taros, bananas, we went, we with my other nephew, his name is toKabang, he also feeds dogs.",en,MORPHEME_ALIGNED,,jkpp_mp3 jkpp_wav jkpp_eaf jkpp_xml jkpp_tsv,,668995,695851,##	0.1:a	other	other	other	other	adp	np:dt	=rn	rn	other	v:pred	=pro.h:p	#neg	other	adp	np:dt	other	other	ln	np:predex	##	0.1:a	other	nc_pro.1	v:pred	np:p	##	0.1:a	other	v:pred	np:p	rn	rn_np	##	0.1:s	v:pred	adp	=ln	ln	ln_pro.1:poss	np.h:obl	rn	=rn	#	ln_pro.h:poss	np:s	=rn	pn_np:pred	##	dem_pro:a	v:pred	=ln	np:p,,jkpp,∅	∅	∅	∅	∅	∅	∅	new	∅	∅	∅	∅	bridging	∅	∅	∅	∅	∅	∅	∅	∅	∅	∅	∅	∅	∅	new	∅	∅	∅	∅	new	∅	new	∅	∅	∅	∅	∅	∅	∅	new	∅	∅	∅	∅	bridging	∅	∅	∅	∅	∅	∅	new,∅	3004	∅	∅	∅	∅	∅	3063	∅	∅	∅	∅	3064	∅	∅	∅	3060	∅	∅	∅	∅	∅	3004	∅	3004	∅	3065	∅	3004	∅	∅	3066	∅	3067	∅	3004	∅	∅	∅	∅	3004	3068	∅	∅	∅	3068	3069	∅	∅	∅	3068	∅	∅	3070,∅	3004	∅	∅	∅	∅	∅	3063	∅	∅	∅	∅	3064	∅	∅	∅	3060	∅	∅	∅	∅	∅	3004	∅	3004	∅	3065	∅	3004	∅	∅	3066	∅	3067	∅	3004	∅	∅	∅	∅	3004	3068	∅	∅	∅	3068	3069	∅	∅	∅	3068	∅	∅	3070
jkpp_0040,mctulil,"io, ngun ngana nga kəvova avi, ngun o ngunuppi konəng, me iap to məte təda manənga bəli o toKabang.",#	0	io	ngun	nga-n	=a	nga	kəvova	=a	a-vi	ngun	o	ngunu-p~pi	konəng	#	me	iap	#	to	məte	təda	manəng	=a	bəli	%	o	to-Kabang,#	0	then	1DL	1SG-COM	=PAT	1SG.POSS	kəvova	=SG.CL:MASC	3SG.M-PROX1	1DL	TOP	1DL.PST-RED~go	only	#	and	3SG.M	#	REL	like	for	run	=PAT	pig	%	TOP	ART.M-Kabang,"We, I with my nephew, we were just walking, and he's the person who hunt pigs, toKabang.",en,MORPHEME_ALIGNED,,jkpp_mp3 jkpp_wav jkpp_eaf jkpp_xml jkpp_tsv,,695851,709596,##	0.h:s	other	pro.1:dt_s	adp	=ln	ln_pro.1:poss	np.h:obl	=rn	rn	pro.1:appos	other	v:pred	other	##	other	pro.h:s	#rc	other	other	adp	vother:pred	=ln	np:p	%	other	pn_np.h:pred,,jkpp,∅	bridging	∅	∅	∅	∅	∅	∅	∅	∅	∅	∅	∅	∅	∅	∅	∅	∅	∅	∅	∅	∅	∅	∅	∅	∅	∅,∅	3071	∅	3071	∅	∅	3002	3068	∅	∅	3071	∅	∅	∅	∅	∅	3068	∅	∅	∅	∅	∅	∅	3059	∅	∅	3068,∅	3071	∅	3071	∅	∅	3002	3068	∅	∅	3071	∅	∅	∅	∅	∅	3068	∅	∅	∅	∅	∅	∅	3059	∅	∅	3068
jkpp_0041,mctulil,"lətnudu nəbo, dumengəp, dukəbənəta kəlake na mərəm, dumengəp.",#	lət	n	=udu	nə-bo	#	0	du-mengəp	#	0	du-kəbənət	=a	kəlak	=e	n	=a	mərəm	#	0	du-mengəp,#	arrive	APPL	=1PL	LOC-UP	#	0	1PL.PST-sleep	#	0	1PL.PST-make	=PAT	house	=SG.CL:FEM	INSTR	=PAT	flower	#	0	1PL.PST-sleep,"We arrived up there, we slept, we made a house with bush flowers, we slept.",en,MORPHEME_ALIGNED,,jkpp_mp3 jkpp_wav jkpp_eaf jkpp_xml jkpp_tsv,,709596,717995,##	v:pred	rv	=pro.1:s	dem_other:g	##	0.1:s	v:pred	##	0.1:a	v:pred	=ln	np:p	=rn	adp	=ln	np:obl	##	0.1:s	v:pred,,jkpp,∅	∅	∅	∅	∅	∅	∅	∅	∅	∅	∅	∅	new	∅	∅	∅	new	∅	∅	∅,∅	∅	∅	3071	∅	∅	3071	∅	∅	3071	∅	∅	3072	∅	∅	∅	3073	∅	3071	∅,∅	∅	∅	3071	∅	∅	3071	∅	∅	3071	∅	∅	3072	∅	∅	∅	3073	∅	3071	∅
jkpp_0042,mctulil,"lətnudu o duvən təvi na bəli, bəli vakue.",#	#	lət	n	=udu	%	o	0	du-vən	təvi	n	=a	bəli	bəli	vaku	=e,#	#	arrive	APPL	=1PL	%	TOP	0	1PL.PST-hit	along	APPL	=PAT	pig	pig	woman	=SG.CL:FEM,"we arrived we killed a pig, a female one.",en,MORPHEME_ALIGNED,,jkpp_mp3 jkpp_wav jkpp_eaf jkpp_xml jkpp_tsv,,717995,723455,##	#	v:pred	rv	=pro.1:s	%	other	0.1:a	v:pred	rv	rv	=ln	np:p	np:appos	rn	=rn,,jkpp,∅	∅	∅	∅	∅	∅	∅	∅	∅	∅	∅	∅	∅	∅	∅	∅,∅	∅	∅	∅	3071	∅	∅	3071	∅	∅	∅	∅	3064	3064	∅	∅,∅	∅	∅	∅	3071	∅	∅	3071	∅	∅	∅	∅	3064	3064	∅	∅
jkpp_0043,mctulil,"təkənəbo, məna dutəte du-vəraie ar nəbət ko be vətivon nonbət.",#	0	təkə=	nə-bo	məna	du-tət	=e	#	0	du-vəraie	=e	ar	nə-bət	ko	be	vəti	=von	non-bət,#	0	to=	LOC-UP	first	1PL.PST-cut	=3SG.F.PAT	#	0	1PL.PST-mumu	=3SG.F.PAT	still	LOC-PROX2	only	at	day	=SG.CL:DIM	3SG.DIM-PROX2,"went up there, we cut it, we mumued it, on that same day.",en,MORPHEME_ALIGNED,,jkpp_mp3 jkpp_wav jkpp_eaf jkpp_xml jkpp_tsv,,723455,728010,##	0.1:s	=adp	dem_other:dt	other	v:pred	=pro.h:p	#	0.1:a	v:pred	=pro.h:p	other	dem_other	other	adp	np:other	=rn	nc,,jkpp,∅	∅	∅	∅	∅	∅	∅	∅	∅	∅	∅	∅	∅	∅	∅	bridging	∅	∅,∅	3071	∅	∅	∅	∅	3064	∅	3071	∅	3064	∅	∅	∅	∅	3074	∅	∅,∅	3071	∅	∅	∅	∅	3064	∅	3071	∅	3064	∅	∅	∅	∅	3074	∅	∅
jkpp_0044,mctulil,mərek.,mərek,good,thank you.,en,MORPHEME_ALIGNED,,jkpp_mp3 jkpp_wav jkpp_eaf jkpp_xml jkpp_tsv,,728010,729636,nc,,jkpp,∅,∅,∅
jkpp_0045,mctulil,"mənibərui, avi toKabang bəvətuk mata kəvop, me udu o bədumətor ba məngəda ba tipure ebət to dukəbənəta du kəlake da dətor me dətela avut, vətə, io təkənəbət.",#	mənibərui	a-vi	to-Kabang	bə=	və-tuk	mat	=a	kəvop	#	0	me	udu	o	bə=	du-mətor	ba	məngəd	=a	ba	tipur	=e	e-bət	#	0	to	du-kəbənət	=a	du	kəlak	=e	#	0	da	də-tor	#	0	me	də-tel	=a	vətə	io	təkə=	nə-bət,#	morning	3SG.M-PROX1	ART.M-Kabang	ASP=	3SG.M.PST-give	get	=PAT	dog	#	0	and	1PL	TOP	ASP=	1PL.PST-sit	in	village	=SG.CL:MASC	in	bush	=SG.CL:FEM	3SG.F-PROX2	#	0	REL	1PL.PST-make	=PAT	1PL.POSS	house	=SG.CL:FEM	#	0	PURP	1PL.NPST-sit	#	0	and	1PL.NPST-search	=PAT	meat	then	to=	LOC-PROX2,"morning, toKabang gave something (herb) to the dog, we sat in the home in the bush we made the house for us to stay and search for protein, then put them there.",en,MORPHEME_ALIGNED,,jkpp_mp3 jkpp_wav jkpp_eaf jkpp_xml jkpp_tsv,,729636,751145,##	np:dt	dem_pro.h:a	pn_np.h:appos	=other	v:pred	rv	=ln	np:p	##	0.1:s	other	pro.1:dt_s	other	=other	v:pred	adp	np:l	=rn	rn	rn_np	=rn	rn	#	0.1:a	other	v:pred	=ln	ln_pro.1:poss	np:p	=rn	#	0.1:s	other	v:pred	#	0.1:a	other	v:pred	=ln	np:p	other	=adp	dem_other:l,,jkpp,∅	bridging	∅	∅	∅	∅	∅	∅	∅	∅	∅	∅	∅	∅	∅	∅	∅	∅	∅	∅	∅	∅	∅	∅	∅	∅	∅	∅	∅	∅	∅	∅	∅	∅	∅	∅	∅	∅	∅	∅	bridging	∅	∅	∅,∅	3075	∅	3068	∅	∅	∅	∅	3070	∅	3071	∅	3071	∅	∅	∅	∅	3072	∅	∅	3060	∅	∅	∅	3071	∅	∅	∅	3071	3072	∅	∅	3071	∅	∅	∅	3071	∅	∅	∅	3076	∅	∅	3072,∅	3075	∅	3068	∅	∅	∅	∅	3070	∅	3071	∅	3071	∅	∅	∅	∅	3072	∅	∅	3060	∅	∅	∅	3071	∅	∅	∅	3071	3072	∅	∅	3071	∅	∅	∅	3071	∅	∅	∅	3076	∅	∅	3072
jkpp_0046,mctulil,"iap o vəkərtang mənibərui, io vəngar tuk ngang ate, 'nəbo ba məngəda abo, Gaepka ato mərubət, ləmat mukəm ipbo.'",#	0	iap	o	və-kər	tang	mənibərui	#	0	io	v-əngar	tuk	ngang	at-e	#	nə-bo	ba	məngəd	=a	a-bo	Gaepka	a-to	Mərubət	ləmat	mukəm	ip-bo,#	0	3SG.M	TOP	3SG.M.PST-raise	REFL	morning	#	0	then	3SG.M.PST-say	give	1SG	3SG.M-QUOT	#	LOC-UP	in	home	=SG.CL:MASC	3SG.M-UP	Gaepka	3SG.M-belong_to	Baining	coconut	two.CL:MASC	3DL.M-UP,"He got up in the morning, he said to me, 'upthere at the village up in Gaepka belongs to Bainings, two coconut trees are up there.''",en,MORPHEME_ALIGNED,,jkpp_mp3 jkpp_wav jkpp_eaf jkpp_xml jkpp_tsv,,751145,760660,##	0.h:a	pro.h:dt_a	other	v:pred	refl.h:p	other	##	0.h:a_ds	other	v:pred	rv	pro.1:p	other	##ds	dem_other:dt	adp	np:dt	=rn	rn	rn_pn_np	rn	rn_pn_np	np:s	rn	dem_pro:pred_l,,jkpp,∅	∅	∅	∅	∅	∅	∅	∅	∅	∅	∅	∅	∅	∅	∅	∅	∅	new	∅	∅	∅	∅	new	new	∅	∅,∅	3068	3068	∅	∅	3068	∅	∅	3068	∅	∅	∅	3002	∅	∅	∅	∅	3077	∅	∅	∅	∅	3078	3079	∅	∅,∅	3068	3068	∅	∅	3068	∅	∅	3068	∅	∅	∅	3002	∅	∅	∅	∅	3077	∅	∅	∅	∅	3078	3079	∅	∅
jkpp_0047,mctulil,"me vukin mat ngang ate, 'ngivəde, da ngitulai udu nəbo, me dəton da go ləmat nəbo, io ngire gətip nuvəde da təkədo, ba məngədə ləma avi to dukəbənəta.'",#	0	me	v-ukin	mat	ngang	at-e	#	0	ngi-vəde	#	0	da	ngi-tulai	udu	nə-bo	#	0	me	də-ton	da	go	ləmat	nə-bo	#	0	io	ngi-re	gət	=ip	nu-vəde	da	təkə=	do	ba	məngədə	ləm	=a	a-vi	#	0	to	du-kəbənəta	=a,#	0	and	3SG.M.PST-	get	1SG	3SG.M-QUOT	#	0	1SG-this_way	#	0	PURP	1SG.NPST-send_someone	1PL	LOC-UP	#	0	and	1PL.NPST-look	on	NSPEC	coconut	LOC-UP	#	0	then	1SG.NPST-carry	NSPEC	=3DL.M	LOC-this_way	PURP	to=	here	in	home	new	=SG.CL:MASC	3SG.M-PROX1	#	0	REL	1PL.PST-make	=3SG.M.PAT,"and he told me to follow, 'you come to bring us up there, and we'll look for coconuts up there, then you carry a few of them here to this new home we made.'",en,WORD_ALIGNED,,jkpp_mp3 jkpp_wav jkpp_eaf jkpp_xml jkpp_tsv,,760660,773960,##	0.h:a_ds	other	v:pred	rv	pro.1:p	other	##ds	0.2:s	other:pred	#	0.2:a	other	v:pred	pro.1:p	dem_other:g	#	0.1:a	other	v:pred	rv	ln	np:p	dem_other:l	#	0.1:a	other	v:pred	pro.h:p	=rn	dem_other:g	rn	=rn	rn	rn	rn_np	rn	=rn	rn	#rc	0.1:a	other	v:pred	=pro:p,,jkpp,∅	∅	∅	∅	∅	∅	∅	∅	∅	∅	∅	∅	∅	∅	∅	∅	∅	∅	∅	∅	∅	∅	bridging	∅	∅	∅	∅	∅	bridging	∅	∅	∅	∅	∅	∅	∅	∅	∅	∅	∅	∅	∅	∅	∅,∅	3068	∅	∅	∅	3002	∅	∅	3002	∅	∅	3002	∅	∅	3071	∅	∅	3071	∅	∅	∅	∅	3080	3077	∅	3002	∅	∅	3081	∅	3072	∅	∅	∅	∅	∅	∅	∅	∅	∅	3071	∅	∅	3072,∅	3068	∅	∅	∅	3002	∅	∅	3002	∅	∅	3002	∅	∅	3071	∅	∅	3071	∅	∅	∅	∅	3080	3077	∅	3002	∅	∅	3081	∅	3072	∅	∅	∅	∅	∅	∅	∅	∅	∅	3071	∅	∅	3072
jkpp_0048,mctulil,"dumənan, ngətulai ta, ava dutər kona bəli laika, ar mənibərui, vanənga ana kəvop, kəvop bidəmata, io verən nandi nəmumə, təbəro.",#	0	du-mənan	#	0	ngə-tulai	ta	#	0	ava	du-tər	ko	n	=a	bəli	laik	=a	ar	mənibərui	#	0	v-anəng	=a	a-n	=a	kəvop	#	kəvop	b=	idə-mat	=a	#	0	io	v-erən	nandi	nə-mumə	tə=	bəro,#	0	1PL.PST-listen	#	0	1SG.PST-send_someone	1PL?	#	0	again	1PL.PST-meet	only	APPL	=PAT	pig	big	=SG.CL:MASC	still	morning	#	0	3SG.M.PST-chase	=3SG.M.PAT	3SG.M-COM	=PAT	dog	#	dog	ASP=	3N.PST-get	=3SG.M.PAT	#	0	then	3SG.M.PST-run	like_this	LOC-DOWN.FAR	to=	at_creek,"I heard, I brought them, we met a huge pig, still morning, he chased it with dogs, the dogs caught it, then the pig ran down to the river.",en,MORPHEME_ALIGNED,,jkpp_mp3 jkpp_wav jkpp_eaf jkpp_xml jkpp_tsv,,773960,791264,##	0.1:s	v:pred	##	0.1:a	v:pred	pro.h:p	#	0.1:a	other	v:pred	rv	rv	=ln	np:p	rn	=rn	other	other	##	0.h:a	v:pred	=pro:p	adp	=ln	np:obl	##	np:a	=other	v:pred	=pro:p	##	0.h:s	other	v:pred	other	dem_other	=adp	np:g,,jkpp,∅	∅	∅	∅	∅	∅	bridging	∅	∅	∅	∅	∅	∅	∅	new	∅	∅	∅	∅	∅	∅	∅	∅	∅	∅	∅	∅	∅	∅	∅	∅	∅	∅	∅	∅	∅	∅	∅	new,∅	3002	∅	∅	3002	∅	3082	∅	3071	∅	∅	∅	∅	∅	3083	∅	∅	∅	∅	∅	3068	∅	3083	∅	∅	3070	∅	3070	∅	∅	3083	∅	3083	∅	∅	∅	∅	∅	3084,∅	3002	∅	∅	3002	∅	3082	∅	3071	∅	∅	∅	∅	∅	3083	∅	∅	∅	∅	∅	3068	∅	3083	∅	∅	3070	∅	3070	∅	∅	3083	∅	3083	∅	∅	∅	∅	∅	3084
jkpp_0049,mctulil,"duvən ma, dutət ləm na, təmmana idutia, me kəbərke, o duvune, me idutia o təkəbənəta, ava tətukir na nəmu tətingit na kəbit loka.",#	0	du-vən	m	=a	#	0	du-tət	ləm	n	=a	#	0	tə-m~man	=a	iduti	=a	#	0	me	kəbərk	=e	o	du-vun	=e	#	0	me	iduti	=a	o	tə-kəbənəta	=a	#	0	ava	tə-tukir	n	=a	nə-mu	#	0	0	tə-tingit	n	=a	kəbit	lok	=a,#	0	1PL.PST-hit	APPL	=3SG.M.PAT	#	0	1PL.PST-cut	new;fresh	APPL	=3SG.M.PAT	#	0	3PL.PST-RED~remove	=PAT	intestine	=SG.CL:MASC	#	0	and	blood	=SG.CL:FEM	TOP	1PL.PST-throw	=3SG.F.PAT	#	0	and	intestine	=SG.CL:MASC	TOP	3PL.PST-clean	=3SG.M.PAT	#	0	again	3PL.PST-stick_in	INSTR	=3SG.M.PAT	LOC-IN	#	0	0	3PL.PST-sew	INSTR	=PAT	rope	big	=SG.CL:MASC,"we killed it, we cut it fresh (asa we get it), they removed the intestine, and blood, we threw it, and the interstine they cleaned it and they pushed it into the pi and they sewed with a strong rope.",en,MORPHEME_ALIGNED,,jkpp_mp3 jkpp_wav jkpp_eaf jkpp_xml jkpp_tsv,,791264,807123,##	0.1:a	v:pred	rv	=pro:p	##	0.1:a	v:pred	rv	rv	=pro:p	##	0.1:a	v:pred	=ln	np:p	=rn	##	0.1:a	other	np:dt_p	=rn	other	v:pred	=pro:p	##	0.h:a	other	np:dt_p	=rn	other	v:pred	=pro:p	##	0.h:a	other	v:pred	rv	=pro:p	dem_other:g	##	0.h:a	0:p	v:pred	adp	=ln	np:obl	rn	=rn,,jkpp,∅	∅	∅	∅	∅	∅	∅	∅	∅	∅	∅	∅	∅	∅	∅	bridging	∅	∅	∅	∅	bridging	∅	∅	∅	∅	∅	∅	∅	∅	∅	∅	∅	∅	∅	∅	∅	∅	∅	∅	∅	∅	∅	∅	∅	∅	∅	new	∅	∅,∅	3071	∅	∅	3083	∅	3071	∅	∅	∅	3083	∅	3071	∅	∅	3085	∅	∅	3071	∅	3086	∅	∅	∅	3086	∅	3068	∅	3085	∅	∅	∅	3085	∅	3068	∅	∅	∅	3085	∅	∅	3068	∅	∅	∅	∅	3087	∅	∅,∅	3071	∅	∅	3083	∅	3071	∅	∅	∅	3083	∅	3071	∅	∅	3085	∅	∅	3071	∅	3086	∅	∅	∅	3086	∅	3068	∅	3085	∅	∅	∅	3085	∅	3068	∅	∅	∅	3085	∅	∅	3068	∅	∅	∅	∅	3087	∅	∅
jkpp_0050,mctulil,"io ngunumatər, nandi, nga kəvova vəngar ate, 'nga laika, binəmənana bokbok uvə mənbəvon to laikta təbokbok tuk udu, be Ravup, o kəra avi.'",#	0	io	ngunu-matər	nandi	#	nga	kəvov	=a	v-əngar	at-e	#	nga	laik	=a	#	0	b=	inə-mənan	=a	bokbok	u-və	mən=	bəvon	#	0	to	laik	=ta	tə-bokbok	tuk	udu	be	Ravup	%	o	kəra	a-vi,#	0	then	1DL.PST-stand	like_this	#	1SG.POSS	dog/nephew?	=SG.CL:MASC	3SG.M.PST-say	3SG.M-QUOT	#	1SG.POSS	big	=SG.CL:MASC	#	0	ASP=	2PL.PST-hear	=PAT	talk	3N-NSPEC	from=	from/before?	#	0	REL	big	=ta	3PL.PST-talk	give	1PL	at	Ravup	%	TOP	just	3SG.M-PROX1,"then we stood like that, my nephew said, 'my uncle, you [pl.] heard the story that told from before that the ancestors told us, about Ravup, it's just this one.'",en,MORPHEME_ALIGNED,,jkpp_mp3 jkpp_wav jkpp_eaf jkpp_xml jkpp_tsv,,807123,829998,##	0.1:s	other	v:pred	other	##	ln_pro.1:poss	np:s_ds	=rn	v:pred	other	##ds	ln_pro.1:poss	np:voc	=rn	#cc:s	0.2:a	=other	v:pred	=ln	np:p	rn	=rn	rn	#rc	0:p2	other	np.h:a	=rn	v:pred	rv	pro.1:p	adp	pn_np:obl	%	other	other	dem_pro:pred,,jkpp,∅	∅	∅	∅	∅	∅	∅	∅	∅	∅	∅	∅	∅	∅	∅	∅	∅	∅	∅	∅	new	∅	∅	∅	∅	∅	∅	new	∅	∅	∅	∅	∅	∅	∅	∅	∅	∅,∅	3071	∅	∅	∅	∅	3002	3068	∅	∅	∅	∅	3068	3002	∅	∅	3002	∅	∅	∅	3088	∅	∅	∅	∅	3088	∅	3089	∅	∅	∅	3071	∅	3032	∅	∅	∅	∅,∅	3071	∅	∅	∅	∅	3002	3068	∅	∅	∅	∅	3068	3002	∅	∅	3002	∅	∅	∅	3088	∅	∅	∅	∅	3088	∅	3089	∅	∅	∅	3071	∅	3032	∅	∅	∅	∅
jkpp_0051,mctulil,"ngang ngəmatər, bə ngunutəmuləna bokbok bəbe vəti tove mən bəvon dumənamənana uvi to bəngəməngar bem.",#	ngang	ngə-matər	#	0	bə	ngunu-təmuləna	=a	bokbok	bə=	be	vəti	#	0	tove	mən=	bəvon	du-mənamənana	=a	u-vi	#	0	0	to	bə=	ngə-məngar	bem,#	1SG	1SG.PST-stand	#	0	ASP	1DL.PST-join	=PAT	talk	ASP=	at	3N.DIM	#	0	because	from=	before	1PL.PST-RED~hear	=PAT	3N-PROX1	#	0	0	REL	ASP=	1SG.PST-say	at,"I stood, we joined the story because from before we heard this story I just told.",en,WORD_ALIGNED,,jkpp_mp3 jkpp_wav jkpp_eaf jkpp_xml jkpp_tsv,,829998,842975,##	pro.1:s	v:pred	##	0.1:a	other	v:pred	=ln	np:p	=rn	rn	rn	#	0.1:a	other	=other	other	v:pred	=ln	dem_pro:p	#rc	0.1:a	0:p	other	=other	v:pred	other,,jkpp,∅	∅	∅	∅	∅	∅	∅	∅	∅	∅	∅	∅	∅	∅	∅	∅	∅	∅	∅	∅	∅	∅	∅	∅	∅	∅	∅,∅	3002	∅	∅	3071	∅	∅	∅	3088	∅	∅	∅	∅	3071	∅	∅	∅	∅	∅	3088	∅	3002	3088	∅	∅	∅	∅,∅	3002	∅	∅	3071	∅	∅	∅	3088	∅	∅	∅	∅	3071	∅	∅	∅	∅	∅	3088	∅	3002	3088	∅	∅	∅	∅
jkpp_0052,mctulil,"io ngang pəka da ngumi, me (tə-)mənəmumə ngəməngar ngane, 'ngang o iaor, o do bəpəka da ngumi,' ngane, 'o, ar ngəton me ngəmatər bərənma ioivəp, ko go kabar, məte nəmu konəng to kəlake nəmu be təmulən, ioi ko bəp navodi.'",#	io	ngang	pək	=a	da	ng(ə)=	umi	#	0	me	mə(n)=	nə-mumə	ngə-məngar	ngan-e	#	ngang	o	iaor	#	o	do	bə=	pək	=a	da	ng(ə)=	mi	ngan-e	#	0	o	ar	ngə-ton	#	0	me	ngə-matər	bərənm	=a	ioi	=vəp	#	ko	go	kabar	məte	nə-mu	konəng	#	0	to	kəlak	=e	nə-mu	be	tə-mulən	ioi	kon	bəp	navodi,#	then	1SG	bright	=SG.CL:MASC	on	1SG.POSS=	eye	#	0	and	from=	LOC-DOWN.FAR	1SG.PST-say	1SG-QUOT	#	1SG	TOP	afraid	#	TOP	here;now	ASP=	bright	=SG.CL:MASC	on	1SG.POSS=	eye	1SG-QUOT	#	0	TOP	still	1SG.PST-look	#	0	and	1SG.PST-stand	over	=PAT	water	=vəp	#	NEG	NSPEC	long	like	LOC-IN	only	#	0	SUB	house	=SG.CL:FEM	LOC-IN	at	3PL.PST-join	water	only	bəp	like_this,"Then I was clear (about what was happening), and from that time I said, 'I was afraid, now I'm clear', I thought, 'oh, I've seen and I stood over the water pool, not deep, like the house there from the joint to the ground, just a pool like that.'",en,MORPHEME_ALIGNED,,jkpp_mp3 jkpp_wav jkpp_eaf jkpp_xml jkpp_tsv,,842975,877478,##	other	pro.1:dt_poss	np:pred	=rn	adp	=ln_pro.1:poss	np:obl	##	0.1:s_ds	other	=adp	dem_other:l	v:pred	other	##ds	pro.1:s	other	other:pred	#ds	other	other	=other	np:pred	=rn	adp	=ln_pro.1:poss	np:obl	other	##ds	0.1:s	other	other	v:pred	#	0.1:s	other	v:pred	adp	=ln	np:l	=rn	#neg	other	ln	other:predex	other	other	other	#	0.1:a	other	np:dt	=rn	rn	rn	v:pred	np:p	rn	rn	other,,jkpp,∅	∅	∅	∅	∅	∅	∅	bridging	∅	∅	∅	∅	∅	∅	∅	∅	∅	∅	∅	∅	∅	∅	∅	∅	∅	∅	∅	∅	∅	∅	∅	∅	∅	∅	∅	∅	∅	∅	∅	∅	∅	∅	∅	∅	∅	∅	∅	∅	∅	∅	∅	∅	∅	∅	∅	∅	∅	∅	∅	∅	∅,∅	∅	3002	∅	∅	∅	3002	3090	∅	3002	∅	∅	∅	∅	∅	∅	3002	∅	∅	∅	∅	∅	∅	∅	∅	∅	3002	3090	∅	∅	3002	∅	∅	∅	∅	3002	∅	∅	∅	∅	3032	∅	∅	∅	∅	∅	∅	∅	∅	∅	3002	∅	3032	∅	∅	∅	∅	3032	∅	∅	∅,∅	∅	3002	∅	∅	∅	3002	3090	∅	3002	∅	∅	∅	∅	∅	∅	3002	∅	∅	∅	∅	∅	∅	∅	∅	∅	3002	3090	∅	∅	3002	∅	∅	∅	∅	3002	∅	∅	∅	∅	3032	∅	∅	∅	∅	∅	∅	∅	∅	∅	3002	∅	3032	∅	∅	∅	∅	3032	∅	∅	∅
jkpp_0053,mctulil,"ngane, 'o! laikta o təpma kəmak.'",#	0	ngan-e	#	o	laik	=ta	o	təpm	=a	kəmak,#	0	1SG-QUOT	#	INTERJ	big	=ta	TOP	with	=PAT	lie,"I thought, ""Oh! The ancestors were full of lies.""",en,MORPHEME_ALIGNED,,jkpp_mp3 jkpp_wav jkpp_eaf jkpp_xml jkpp_tsv,,877478,881552,##	0.1:s_ds	other:pred	##ds	other	np.h:s	=rn	other	adp	=ln	np:pred,,jkpp,∅	∅	∅	∅	∅	∅	∅	∅	∅	∅	∅,∅	3002	∅	∅	∅	3089	∅	∅	∅	∅	∅,∅	3002	∅	∅	∅	3089	∅	∅	∅	∅	∅
jkpp_0054,mctulil,do o venang to bəvon o tate voin itata molimolia io atanəng navodi o təkənəmu me tor me ve kənakənaru me gu venang kup nəbət.,#	do	o	venang	#	0	to	bəvon	o	tat-e	#	voin	it-at	=a	molimoli	=a	#	0	io	at-anəng	navodi	o	təkə=	nə-mu	me	tor	me	ve	kənakənaru	me	gu	venang	kup	nə-bət,#	here;now	TOP	something	#	0	REL	before	TOP	3PL-QUOT	#	ghost	3N.NPST-get	=PAT	people	=SG.CL:MASC	#	0	then	3SG.M.NPST-run	like_this	TOP	to=	LOC-IN	and	wood	and	ve	hibiscus_flower	and	which	something	all	LOC-PROX2,"this is the thing that before they said the ghosts will carry person will run like this to there, and logs and the hibiscus flower and anything there.'",en,MORPHEME_ALIGNED,,jkpp_mp3 jkpp_wav jkpp_eaf jkpp_xml jkpp_tsv,,881552,899528,##	other:s	other	np:pred	#rc	0.h:s	other	other	other	v:pred	#cc	np:a	v:pred	=ln	np.h:p	=rn	#	0.h:s	other	v:pred	other	other	=adp	dem_other:g	rn	rn_np	rn	rn	rn_np	rn	rn	rn	rn	rn,,jkpp,∅	∅	∅	∅	∅	∅	∅	∅	∅	∅	∅	∅	∅	∅	∅	∅	∅	∅	∅	∅	∅	∅	∅	∅	∅	∅	∅	∅	∅	∅	∅	∅	∅	∅,∅	∅	∅	∅	∅	3089	∅	∅	∅	∅	∅	3031	∅	∅	3036	∅	∅	3036	∅	∅	∅	∅	∅	3032	∅	∅	∅	∅	∅	∅	∅	∅	∅	∅,∅	∅	∅	∅	∅	3089	∅	∅	∅	∅	∅	3031	∅	∅	3036	∅	∅	3036	∅	∅	∅	∅	∅	3032	∅	∅	∅	∅	∅	∅	∅	∅	∅	∅
jkpp_0055,mctulil,"io, pət məna bitəmut, mərot.",#	io	pət	mən(ə)	=a	bitəmut	mərot,#	then	pət	off	=PAT	believe	old,then the old belief was broke.,en,MORPHEME_ALIGNED,,jkpp_mp3 jkpp_wav jkpp_eaf jkpp_xml jkpp_tsv,,899528,905911,##	other	v:pred	other	=ln	np:s_sv	rn,,jkpp,∅	∅	∅	∅	∅	bridging	∅,∅	∅	∅	∅	∅	3091	∅,∅	∅	∅	∅	∅	3091	∅
jkpp_0056,mctulil,"io, duliu, me bəngəbokbok nandi, me nane emu muitəm ne, o bingəp, me do məte ve ngastori-- io nganobokbok navodi.",#	0	io	du-liu	#	0	me	bə=	ngə-bokbok	nandi	#	0	me	nan	=e	e-mu	muitəm	n	=e	o	b=	i-ngəp	#	0	me	do	məte	ngan-o~bokbok	navodi,#	0	then	1PL.PST-return	#	0	and	ASP=	1SG.PST-talk	like_this	#	0	and	mom	=SG.CL:FEM	3SG.F-IN	two.CL:FEM	APPL	=3SG.F.PAT	TOP	ASP=	3SG.F.PST-die	#	0	and	here;now	like	1SG.NPST-RED~talk	like_this,"we came back,and I told (others) the story, the second mother was already dead, and here its like I'm talking like this.",en,MORPHEME_ALIGNED,,jkpp_mp3 jkpp_wav jkpp_eaf jkpp_xml jkpp_tsv,,905911,922486,##	0.1:s	other	v:pred	#	0.1:s	other	=other	v:pred	other	##	0.h:s	other	np:dt_s	=rn	rn	rn	rn	=rn	other	=other	v:pred	##	0.1:s	other	other:dt	other	v:pred	other,,jkpp,∅	∅	∅	∅	∅	∅	∅	∅	∅	∅	∅	∅	∅	∅	∅	∅	∅	∅	∅	∅	∅	∅	∅	∅	∅	∅	∅	∅	∅,∅	3071	∅	∅	∅	3002	∅	∅	∅	∅	∅	3019	∅	3019	∅	∅	∅	∅	∅	∅	∅	∅	∅	3002	∅	∅	∅	∅	∅,∅	3071	∅	∅	∅	3002	∅	∅	∅	∅	∅	3019	∅	3019	∅	∅	∅	∅	∅	∅	∅	∅	∅	3002	∅	∅	∅	∅	∅
jkpp_0057,mctulil,"io duliu, o ngəməngar.",#	#	0	io	du-liu	%	o	0	ngə-məngar,#	#	0	then	1PL.PST-return	%	TOP	0	1SG.PST-say,"then we came back, I said.",en,MORPHEME_ALIGNED,,jkpp_mp3 jkpp_wav jkpp_eaf jkpp_xml jkpp_tsv,,922486,925520,##	#	0.1:s	other	v:pred	%	other	0.1:s	v:pred,,jkpp,∅	∅	∅	∅	∅	∅	∅	∅	∅,∅	∅	3071	∅	∅	∅	∅	3002	∅,∅	∅	3071	∅	∅	∅	∅	3002	∅
jkpp_0058,mctulil,"io bəmənəbət o ngang o bəngəppi kup, bəvəda vətak to tate vəvata.",#	0	io	bə=	mə(n)=	nə-bət	o	ngang	o	bə=	ngə-p~pi	kup	bə=	vəd(ə)	=a	vətak	#	0	0	to	tat-e	vəvat	=a,#	0	then	ASP=	from=	LOC-PROX2	TOP	1SG	TOP	ASP=	1SG.PST-RED~go	thoroughly	ASP=	for	=PAT	3PL.SEG	#	0	0	REL	3PL-QUOT	very	=SG.CL:MASC,"Then at that time I walked around, (searching) for those places they say have monsters.",en,MORPHEME_ALIGNED,,jkpp_mp3 jkpp_wav jkpp_eaf jkpp_xml jkpp_tsv,,925520,931643,##	0.h:s	other	=other	=adp	other:dt	other	pro.1:dt_s	other	=other	v:pred	rv	=other	adp	=ln	cl_pro:obl	#rc	0.h:a	0:p	other	other:pred	np:p2	=rn,,jkpp,∅	∅	∅	∅	∅	∅	∅	∅	∅	∅	∅	∅	∅	∅	∅	new	∅	∅	∅	∅	∅	∅	∅,∅	3002	∅	∅	∅	∅	∅	3002	∅	∅	∅	∅	∅	∅	∅	3092	∅	∅	∅	∅	∅	∅	∅,∅	3002	∅	∅	∅	∅	∅	3002	∅	∅	∅	∅	∅	∅	∅	3092	∅	∅	∅	∅	∅	∅	∅
jkpp_0059,mctulil,"Piupiu, (ava-) avar ngamənəmumə bərodəma, avi o tate avar vəppən, me tate avar məngəda to voin me vəvata, va itəne Piupiu.",#	0	Piupiu	avar	nga-mə(n)=	nə-mumə	bərodəm	=a	#	0	a-vi	o	tat-e	#	0	avar	və-p~pən	#	0	me	tat-e	#	0	avar	məngəd	=a	to	voin	#	me	vəvat	=a	va	itən	=e	Piupiu,#	0	Piupiu	also	1SG-from=	LOC-DOWN.FAR	inside	=PAT	#	0	3SG.M-PROX1	TOP	3PL-QUOT	#	0	also	3SG.M.PST-RED~hit	#	0	and	3PL-QUOT	#	0	also	home	=SG.CL:MASC	belong_to	ghost	#	and	monster	=SG.CL:MASC	3SG.M.POSS	name	=SG.CL:FEM	Piupiu,"Piupiu, I was also there inside it (where the monster lives), they say he also killed, hey also say its a place belongs to ghosts and the monsters, his name is Piupiu.",en,MORPHEME_ALIGNED,,jkpp_mp3 jkpp_wav jkpp_eaf jkpp_xml jkpp_tsv,,931643,950345,##	0.1:s	pn_np:dt	other	=adp	dem_other:pred_l	rn	=rn	##	0.h:s	dem_pro:dt	other	other:pred	#cc	0.h:s	other	v:pred	##	0.h:s	other	other:pred	#cc	0:s	other	np:pred	=rn	rn	rn	##	other	ln_np:poss	=ln	ln_pro:poss	np:s	=rn	pn_np:pred,,jkpp,∅	∅	new	∅	∅	∅	∅	∅	∅	∅	∅	∅	∅	∅	∅	∅	∅	∅	∅	∅	∅	∅	∅	∅	∅	∅	∅	∅	∅	∅	bridging	∅	∅	bridging	∅	∅,∅	3002	3093	∅	∅	∅	∅	∅	∅	3004	∅	∅	∅	∅	3093	∅	∅	∅	3004	∅	∅	∅	3092	∅	∅	∅	∅	3031	∅	∅	3094	∅	3093	3095	∅	∅,∅	3002	3093	∅	∅	∅	∅	∅	∅	3004	∅	∅	∅	∅	3093	∅	∅	∅	3004	∅	∅	∅	3092	∅	∅	∅	∅	3031	∅	∅	3094	∅	3093	3095	∅	∅
jkpp_0060,mctulil,udu katum konəng do Tulil o dutəma təbe Bior mənbe Nəpəpər.,#	0	udu	katum	konəng	do	Tulil	o	du-təm	=a	tə=	be	Bior	mən=	be	Nəpəpər,#	0	1PL	all;finished	only	here;now	Tulil	TOP	1PL.PST-know	=3SG.MASC	to=	at	Tolai	from=	at	Nəpəpər,"all of us here, we Tulil people we know it [the monster] with/from the Tolais from Nəpəpər (Napapar).",en,MORPHEME_ALIGNED,,jkpp_mp3 jkpp_wav jkpp_eaf jkpp_xml jkpp_tsv,,950345,955095,##	0.1:a	pro.1:dt_a	rn	rn	rn	pn_np.h:appos	other	v:pred	=pro.h:p	=rn	rn	rn_pn_np	=rn	rn	rn_pn_np,,jkpp,∅	∅	∅	∅	∅	∅	bridging	∅	∅	∅	∅	∅	new	∅	∅	new,∅	3004	3004	∅	∅	∅	3096	∅	∅	3093	∅	∅	3097	∅	∅	3098,∅	3004	3004	∅	∅	∅	3096	∅	∅	3093	∅	∅	3097	∅	∅	3098
jkpp_0061,mctulil,ngang ngəmunman.,#	ngang	ngə-munman,#	1SG	1SG.PST-enter;exit,I went inside.,en,MORPHEME_ALIGNED,,jkpp_mp3 jkpp_wav jkpp_eaf jkpp_xml jkpp_tsv,,955095,958523,##	pro.1:s	v:pred,,jkpp,∅	∅	∅,∅	3002	∅,∅	3002	∅
jkpp_0062,mctulil,"ngəməngar tuka nga kəvop mukəm magərung, toLait, təgəta, toUvi, ar kori vəngəp, ar apmə konəng, toPitdiat, ar kori vəngəp, ar apmə konəng, Atven o nga makuta, ar apmə konəng.",#	0	ngə-məngar	tuk	=a	nga	kəvop	mukəm_magərung	to-Lait	təgəta	to-Uvi	#	0	ar	kori	v-əngəp	#	0	ar	a-p~mə	konəng	%	to-Pitdiat	#	0	ar	kori	v-əngəp	#	0	ar	a-p~mə	konəng	#	Atven	o	nga	makut	=a	#	0	ar	a-p~mə	konəng,#	0	1SG.PST-say	give	=PAT	1SG.POSS	nephew;niece	three.CL:MASC	ART.M-Lait	one.CL:MASC	ART.M-Uvi	#	0	still	NEG	3SG.M.PST-die	#	0	still	3SG.M-RED~DOWN	only	%	ART.M-Pitdiat	#	0	still	NEG	3SG.M.PST-die	#	0	still	3SG.M-RED~DOWN	only	#	Atven	TOP	1SG.POSS	in_law	=SG.CL:MASC	#	0	still	3SG.M-RED~DOWN	only,"I told three of my nephews, toLait, first one, toUvi, still alive, still down there, toPitdiat, still alive, still down there, Atven is my brother-in-law [he married Aven's siser], still down there.",en,MORPHEME_ALIGNED,,jkpp_mp3 jkpp_wav jkpp_eaf jkpp_xml jkpp_tsv,,958523,976374,##	0.h:a	v:pred	rv	=ln	ln_pro.1:poss	np.h:p	rn	pn_np.h:appos	rn	rn_pn_np.h	#rc.neg	0.h:s	other	other	v:pred	#	0.h:s	other	dem_other:pred	rn	%	pn_np.h:appos	#rc.neg	0.h:s	other	other	v:pred	#	0.h:s	other	dem_other:pred	rn	##	pn_np.h:s	other	ln_pro.1:poss	np.h:pred	=rn	#	0.h:s	other	dem_other:pred	nc,,jkpp,∅	∅	∅	∅	∅	∅	new	∅	bridging	∅	bridging	∅	∅	∅	∅	∅	∅	∅	∅	∅	∅	∅	bridging	∅	∅	∅	∅	∅	∅	∅	∅	∅	∅	∅	new	∅	∅	∅	∅	∅	∅	∅	∅	∅,∅	3002	∅	∅	∅	3002	3099	∅	3100	∅	3101	∅	3101	∅	∅	∅	∅	3101	∅	∅	∅	∅	3102	∅	∅	∅	∅	∅	∅	3102	∅	∅	∅	∅	3103	∅	3002	∅	∅	∅	3103	∅	∅	∅,∅	3002	∅	∅	∅	3002	3099	∅	3100	∅	3101	∅	3101	∅	∅	∅	∅	3101	∅	∅	∅	∅	3102	∅	∅	∅	∅	∅	∅	3102	∅	∅	∅	∅	3103	∅	3002	∅	∅	∅	3103	∅	∅	∅
jkpp_0063,mctulil,"udu da amoli neireita ko mukəm, udu to da duppi nəmumə.",#	udu	da	a-moli	neireita	ko	mukəm	udu	#	0	to	da	du-p~pi	nə-mumə,#	1PL	PURP	ART-person	six.CL:MASC	plus	two.CL:MASC	1PL	#	0	SUB	PURP	1PL.PST-RED~go	LOC-DOWN.FAR,8 people that went down.,en,MORPHEME_ALIGNED,,jkpp_mp3 jkpp_wav jkpp_eaf jkpp_xml jkpp_tsv,,976374,982765,##	pro.1:dt_s	other	np.h:pred	rn	rn	rn	pro.1:s	#	0.1:s	other	other	v:pred	dem_other:g,,jkpp,∅	new	∅	∅	∅	∅	∅	∅	∅	∅	∅	∅	∅	∅,∅	3104	∅	∅	∅	∅	∅	3104	∅	3104	∅	∅	∅	∅,∅	3104	∅	∅	∅	∅	∅	3104	∅	3104	∅	∅	∅	∅
jkpp_0064,mctulil,"ngəməngar tuk ta ngane, 'dəppi, dətela go məte uvi navodi, apurpura da dəkən nəmə, nəmə to apəlnə lotu.'",#	0	ngə-məngar	tuk	ta	ngan-e	#	0	də-p~pi	#	0	də-tel(ə)	=a	go	məte	u-vi	navodi	a-purpur	=a	#	0	0	da	d-əkən	nə-mə	nə-mə	to	a-pəlnə	lotu,#	0	1SG.PST-say	give	1PL	1SG-QUOT	#	0	1PL.NPST-RED~go	#	0	1DL.NPST-search	=PAT	NSPEC	like	3N-PROX1	like_this	ART-flower	=SG.CL:MASC	#	0	0	PURP	1PL.NPST-plant	LOC-DOWN	LOC-DOWN	belong_to	ART-house(Kuanua)	church(Kuanua),"I told thm, 'we go, we search something, like one flower for us to plant down there, down there at the church.'",en,MORPHEME_ALIGNED,,jkpp_mp3 jkpp_wav jkpp_eaf jkpp_xml jkpp_tsv,,982765,1007793,##	0.1:a_ds	v:pred	rv	pro.1:p	other	##ds	0.1:s	v:pred	##ds	0.1:a	v:pred	=ln	ln	ln	dem_pro:p	ln	np:appos	=rn	#	0.1:a	0:p	other	v:pred	other	adp	ln	np:l	rn,,jkpp,∅	∅	∅	∅	∅	∅	∅	∅	∅	∅	∅	∅	∅	∅	∅	∅	∅	new	∅	∅	∅	∅	∅	∅	∅	∅	∅	new	∅,∅	3002	∅	∅	∅	∅	∅	3104	∅	∅	3104	∅	∅	∅	∅	∅	∅	3105	∅	∅	3104	3105	∅	∅	∅	∅	∅	3106	∅,∅	3002	∅	∅	∅	∅	∅	3104	∅	∅	3104	∅	∅	∅	∅	∅	∅	3105	∅	∅	3104	3105	∅	∅	∅	∅	∅	3106	∅
jkpp_0065,mctulil,"io ngəppi ngane, 'tatobokbok tate, məngədə məreka me amesin etərat, io da ta go venang mənəbət tove mənba vəvata da tə pədəm.'",#	0	io	ngə-p~pi	ngan-e	#	0	tat-o~bokbok	#	0	tat-e	məngədə	mərek	=a	#	me	a-mesin	e-tərat	#	io	da	ta	go	venang	mə(n)=	nə-bət	#	0	tove	mən=	ba	vəvat	=a	da	tə=	pədəm,#	0	then	1SG.PST-RED~go	1SG-QUOT	#	0	3PL.NPST-RED~talk	#	0	3PL-QUOT	village	good	=SG.CL:MASC	#	and	ART-grass_cutter	3SG.F.NPST-weed	#	then	PURP	3PL.POSS	NSPEC	something	from=	LOC-PROX2	#	0	because	from=	in	monster	=SG.CL:MASC	PURP	to=	later,"then I went I thought, 'they are talking that, (Piupiu) it's a nice place, and the grasscutter cuts grass, then we will get something from there because (those flowers are) from the monsters, for later.'",en,MORPHEME_ALIGNED,,jkpp_mp3 jkpp_wav jkpp_eaf jkpp_xml jkpp_tsv,,1007793,1024178,##	0.1:s	other	v:pred	other	##ds	0.h:s	v:pred	#cc	0:s	other	np:pred	rn	=rn	#	other	np:s	v:pred	#	other	other	ln_pro.h:poss	ln	np:predex	=rn	rn	#ac	0:s	other	=adp	adp	np:pred	=rn	other	=adp	other,,jkpp,∅	∅	∅	∅	∅	∅	∅	∅	∅	∅	∅	∅	∅	∅	∅	∅	new	∅	∅	∅	∅	∅	∅	∅	∅	∅	∅	∅	∅	∅	∅	∅	∅	∅	∅	∅,∅	3002	∅	∅	∅	∅	3002	∅	∅	3106	∅	∅	∅	∅	∅	∅	3107	∅	∅	∅	∅	∅	∅	∅	∅	∅	∅	3105	∅	∅	∅	∅	∅	∅	∅	∅,∅	3002	∅	∅	∅	∅	3002	∅	∅	3106	∅	∅	∅	∅	∅	∅	3107	∅	∅	∅	∅	∅	∅	∅	∅	∅	∅	3105	∅	∅	∅	∅	∅	∅	∅	∅
jkpp_0066,mctulil,"duppi nəmumə, duppi ba venang, kətəbukbuke, toktoka kilap do.",#	0	du-p~pi	nə-mumə	#	0	du-p~pi	ba	venang	kətəbukbuk	=e	#	toktok	=a	kilap	do,#	0	1PL.PST-RED~go	LOC-DOWN.FAR	#	0	1PL.PST-RED~go	in	something	thick_mud	=SG.CL:FEM	#	end	=PAT	mud	here;now,"we went down there, we went in the thick mud, the mud stops [goes up] to here.",en,MORPHEME_ALIGNED,,jkpp_mp3 jkpp_wav jkpp_eaf jkpp_xml jkpp_tsv,,1024178,1033108,##	0.1:s	v:pred	dem_other:g	#	0.1:s	v:pred	adp	ln	np:l	=rn	##	v:pred	=ln	np:s_sv	other,,jkpp,∅	∅	∅	∅	∅	∅	∅	∅	∅	new	∅	∅	∅	∅	∅	∅,∅	3104	∅	∅	∅	3104	∅	∅	∅	3108	∅	∅	∅	∅	3108	∅,∅	3104	∅	∅	∅	3104	∅	∅	∅	3108	∅	∅	∅	∅	3108	∅
jkpp_0067,mctulil,"io udu o duppi nəmmə, kərvuk na ngamərkəma nəmmə, toktoka kilap do.",#	0	io	udu	o	du-p~pi	nə-m~mə	#	kərvuk	n	=a	nga=	mərkəm	=a	nə-m~mə	#	toktok	=a	kilap	do,#	0	then	1PL	TOP	1PL.PST-RED~go	LOC-RED~DOWN	#	sunk	APPL	=PAT	1SG.POSS=	leg	=SG.CL:MASC	LOC-RED~DOWN	#	end;last	=PAT	mud	here;now,"then we walked down, my leg was stuck (going down) in the mud, the mud stops here.",en,MORPHEME_ALIGNED,,jkpp_mp3 jkpp_wav jkpp_eaf jkpp_xml jkpp_tsv,,1033108,1038806,##	0.1:s	other	pro.1:dt_s	other	v:pred	dem_other:g	##	v:pred	rv	=ln	=ln_pro.1:poss	np:s_sv	=rn	dem_other:g	##	v:pred	=ln	np:s_sv	other:l,,jkpp,∅	∅	∅	∅	∅	∅	∅	∅	∅	∅	∅	∅	bridging	∅	∅	∅	∅	∅	∅	∅,∅	3108	∅	3108	∅	∅	∅	∅	∅	∅	∅	3002	3109	∅	∅	∅	∅	∅	3108	∅,∅	3108	∅	3108	∅	∅	∅	∅	∅	∅	∅	3002	3109	∅	∅	∅	∅	∅	3108	∅
jkpp_0068,mctulil,"avar nəvon, do va ngateka navodi, ava ngateka navodi, ava nandi, ava mənəbət o navodi.",#	0	avar	nəvon	do	va	nga-tek	=a	navodi	#	0	ava	nga-tek	=a	navodi	ava	nandi	ava	#	mə(n)=	nə-bət	o	navodi,#	0	also	like_this	here;now	again	1SG.NPST-pull_out	=3SG.M.PAT	like_this	#	0	again	1SG.NPST-pull_out	=3SG.M.PAT	like_this	again	like_this	again	#	from=	LOC-PROX2	TOP	like_this,"just the same (another time), I wanted to pull it out, (action, the other one got stuck), from that time its like that.",en,MORPHEME_ALIGNED,,jkpp_mp3 jkpp_wav jkpp_eaf jkpp_xml jkpp_tsv,,1038806,1045226,##	0.1:a	other	other	other	other	v:pred	=pro:p	other	##	0.1:a	other	v:pred	=pro:p	other	other	other	other	##	=adp	other:dt	other	other:pred,,jkpp,∅	∅	∅	∅	∅	∅	∅	∅	∅	∅	∅	∅	∅	∅	∅	∅	∅	∅	∅	∅	∅	∅	∅,∅	3002	∅	∅	∅	∅	∅	∅	3109	∅	3002	∅	∅	3109	∅	∅	∅	∅	∅	∅	∅	∅	∅,∅	3002	∅	∅	∅	∅	∅	∅	3109	∅	3002	∅	∅	3109	∅	∅	∅	∅	∅	∅	∅	∅	∅
jkpp_0069,mctulil,"duvi, duvi, duvi, ngane, [gesture: hands on lips], ngəmu ngənok navodi, ngane, da kori dəngar tove iaor ti vəvata atata du kən.",#	0	du-vi	#	0	du-vi	#	0	du-vi	#	0	ngan-e	#	0	ngə-mu	ngə=	nok	navodi	ngan-e	#	0	da	kori	d-əngar	#	tove	iaor	#	ti	vəvat	=a	at-at	=a	du	kən,#	0	1PL.PST-go	#	0	1PL.PST-go	#	0	1PL.PST-go	#	0	1SG-QUOT	#	0	1SG.PST-put	1SG.POSS=	hand	like_this	1SG-QUOT	#	0	PURP	NEG	1PL.NPST-say	#	because	afraid	#	lest	monster	=SG.CL:MASC	3SG.M.NPST-get	=PAT	1PL.POSS	voice,"we walked and walked, I did (action), I putmy fingers like that, I said, 'we don't talk because we are afraid of monster that he will get our voice.'",en,MORPHEME_ALIGNED,,jkpp_mp3 jkpp_wav jkpp_eaf jkpp_xml jkpp_tsv,,1045226,1056814,##	0.1:s	v:pred	##	0.1:s	v:pred	##	0.1:s	v:pred	##	0.1:s	other:pred	##	0.1:a	v:pred	=ln_pro.1:poss	np:p	other	other	#neg	0.1:s	other	other	v:pred	#ac	other	np:predex	#ac	other	np:a	=rn	v:pred	=ln	ln_pro.1:poss	np:p,,jkpp,∅	∅	∅	∅	∅	∅	∅	∅	∅	∅	∅	∅	∅	∅	∅	∅	bridging	∅	∅	∅	∅	∅	∅	∅	∅	∅	∅	∅	∅	∅	∅	∅	∅	∅	bridging,∅	3104	∅	∅	3104	∅	∅	3104	∅	∅	3002	∅	∅	3002	∅	3002	3110	∅	∅	∅	3104	∅	∅	∅	∅	∅	∅	∅	∅	3093	∅	∅	∅	3104	3111,∅	3104	∅	∅	3104	∅	∅	3104	∅	∅	3002	∅	∅	3002	∅	3002	3110	∅	∅	∅	3104	∅	∅	∅	∅	∅	∅	∅	∅	3093	∅	∅	∅	3104	3111
jkpp_0070,mctulil,ngang o kori ngəbitəmut bətma uvi.,#	0	ngang	o	kori	ngə-bitəmut	bətm	=a	u-vi,#	0	1SG	TOP	NEG	1SG.PST-believe	with	=PAT	3N-PROX1,I don't believe this.,en,MORPHEME_ALIGNED,,jkpp_mp3 jkpp_wav jkpp_eaf jkpp_xml jkpp_tsv,,1056814,1061592,##neg	0.1:a	pro.1:dt_a	other	other	v:pred	rv	=ln	dem_pro:p,,jkpp,∅	∅	∅	∅	∅	∅	∅	∅	∅,∅	3002	3002	∅	∅	∅	∅	∅	∅,∅	3002	3002	∅	∅	∅	∅	∅	∅
jkpp_0071,mctulil,ngang nga nogət.,#	ngang	nga-nogət,#	1SG	1SG-first,I was in front (the first).,en,MORPHEME_ALIGNED,,jkpp_mp3 jkpp_wav jkpp_eaf jkpp_xml jkpp_tsv,,1061592,1064020,##	pro.1:s	other:pred,,jkpp,∅	∅	∅,∅	3002	∅,∅	3002	∅
jkpp_0072,mctulil,"duppi nandi, nəmbo, nəmbo, me ava tavə (gesture) vəbuk konə ngang.",#	0	du-p~pi	nandi	nə-m~bo	nə-m~bo	#	me	ava	ta-və	(gesture)	və-buk	konə	ngang,#	0	1PL.PST-RED~go	like_this	LOC-RED~UP	LOC-RED~UP	#	and	again	3PL-NSPEC	(gesture)	3SG.M.PST-lip_sound	only	1SG,"we walked like that, up, up, and the others did this (signed), he made the lip sound to me.",en,MORPHEME_ALIGNED,,jkpp_mp3 jkpp_wav jkpp_eaf jkpp_xml jkpp_tsv,,1064020,1071054,##	0.1:s	v:pred	other	dem_other:g	nc	##	other	other	dem_pro.h:a	nc	v:pred	rv	pro.1:p,,jkpp,∅	∅	∅	∅	∅	∅	∅	∅	∅	bridging	∅	∅	∅	∅,∅	3104	∅	∅	∅	∅	∅	∅	∅	3112	∅	∅	∅	3002,∅	3104	∅	∅	∅	∅	∅	∅	∅	3112	∅	∅	∅	3002
jkpp_0073,mctulil,"atir ngang ate, (gesture), io ngane, (gesture)",#	0	a-tir	ngang	at-e	#	0	ngan-e,#	0	3SG.NPST-ask	1SG	3SG.M-QUOT	#	0	1SG-QUOT,"He said, [GESTURE], I said, [GESTURE].",en,MORPHEME_ALIGNED,,jkpp_mp3 jkpp_wav jkpp_eaf jkpp_xml jkpp_tsv,,1071054,1079736,##	0.h:a	v:pred	pro.1:p	other	##	0.1:s	other:pred,,jkpp,∅	∅	∅	∅	∅	∅	∅	∅,∅	3093	∅	3002	∅	∅	3002	∅,∅	3093	∅	3002	∅	∅	3002	∅
jkpp_0074,mctulil,io kori dubokbok.,#	0	io	kori	du-bokbok,#	0	then	NEG	1PL.PST-talk,We didn't talk.,en,MORPHEME_ALIGNED,,jkpp_mp3 jkpp_wav jkpp_eaf jkpp_xml jkpp_tsv,,1079736,1086947,##neg	0.1:s	other	other	v:pred,,jkpp,∅	∅	∅	∅	∅,∅	3104	∅	∅	∅,∅	3104	∅	∅	∅
jkpp_0075,mctulil,"kuteta katum konəbət, me abət ar mən bəvon be laikta o təppi nəmə ga Toviloga, nəbət o laikta təppi ba tuka abət.",#	kutet	=a	katum	kon	nə-bət	#	0	me	a-bət	ar	mən=	bəvon	be	laik	=ta	o	tə-p~pi	nə-mə	ga	Toviloga	nə-bət	#	o	laik	=ta	tə-p~pi	ba	tuk	=a	a-bət,#	yellow_mud	=SG.CL:MASC	all;finished	only	LOC-PROX2	#	0	and	3SG.M-PROX2	still	from=	before	at	big	=ta	TOP	3PL.PST-RED~go	LOC-DOWN	across	Toviloga	LOC-PROX2	#	TOP	big	=ta	3PL.PST-RED~go	in	road	=SG.CL:MASC	3SG.M-PROX2,"Just yellow mud (from water) there, 'kuteta' are from before from our ancestors' time, they walked down here at (creek) Toviloga, there the ancestors walked on this track.",en,MORPHEME_ALIGNED,,jkpp_mp3 jkpp_wav jkpp_eaf jkpp_xml jkpp_tsv,,1086947,1107157,##	np:predex	=rn	other	other	other:l	##	0.h:s	other	dem_pro:dt	rn	=rn	rn	rn	rn_np.h	=rn	other	v:pred	dem_other	adp	pn_np:g	rn	#	other	np.h:s	=rn	v:pred	adp	np:l	=rn	rn,,jkpp,∅	∅	∅	∅	∅	∅	∅	∅	∅	∅	∅	∅	∅	∅	∅	∅	∅	∅	∅	∅	new	∅	∅	∅	∅	∅	∅	∅	∅	∅	∅,∅	3108	∅	∅	∅	∅	∅	3108	∅	∅	∅	∅	∅	∅	3089	∅	∅	∅	∅	∅	3113	∅	∅	∅	3089	∅	∅	∅	3113	∅	∅,∅	3108	∅	∅	∅	∅	∅	3108	∅	∅	∅	∅	∅	∅	3089	∅	∅	∅	∅	∅	3113	∅	∅	∅	3089	∅	∅	∅	3113	∅	∅
jkpp_0076,mctulil,"me do kori moli, kori moli da təppi do tove vəvata.",#	me	do	kori	moli	#	kori	moli	#	0	da	tə-p~pi	do	#	tove	vəvat	=a,#	and	here;now	NEG	real	#	NEG	real	#	0	PURP	3PL.PST-RED~go	here;now	#	because	monster	=SG.CL:MASC,"and here really no (one), really no one walked here because of the monster.",en,MORPHEME_ALIGNED,,jkpp_mp3 jkpp_wav jkpp_eaf jkpp_xml jkpp_tsv,,1107157,1113516,##neg	other	other	other	other:pred	##neg	other	other:pred	#	0.h:s	other	v:pred	other:g	#	other	np:predex	=rn,,jkpp,∅	∅	∅	∅	∅	∅	∅	∅	∅	∅	∅	∅	∅	∅	∅	∅	∅,∅	∅	∅	∅	∅	∅	∅	∅	∅	∅	∅	∅	∅	∅	∅	3093	∅,∅	∅	∅	∅	∅	∅	∅	∅	∅	∅	∅	∅	∅	∅	∅	3093	∅
jkpp_0077,mctulil,"io va təkənəbo ga EKaevoi, io təppi nandi me vəvat (gesture).",#	0	io	va	təkə=	nə-bo	ga	Ekaevoi	#	0	io	tə-p~pi	nandi	me	vəvat,#	0	then	again	to=	LOC-UP	across	Ekaevoi	#	0	then	3PL.PST-RED~go	like_this	and	very,"then they walked up to Ekaevoi, they walked that way and monster (is here).",en,MORPHEME_ALIGNED,,jkpp_mp3 jkpp_wav jkpp_eaf jkpp_xml jkpp_tsv,,1113516,1118583,##	0.h:s	other	other	=other	dem_other:pred	adp	pn_np:g	##	0.h:s	other	v:pred	other	other	other,,jkpp,∅	∅	∅	∅	∅	∅	∅	new	∅	∅	∅	∅	∅	∅	∅,∅	3089	∅	∅	∅	∅	∅	3114	∅	3089	∅	∅	∅	∅	∅,∅	3089	∅	∅	∅	∅	∅	3114	∅	3089	∅	∅	∅	∅	∅
jkpp_0078,mctulil,io uvi to nganobokbok bem o mədərəp konəng.,#	io	u-vi	#	0	0	to	ngan-o~bokbok	bem	%	o	mədərəp	konəng,#	then	3N-PROX1	#	0	0	REL	1SG.NPST-RED~talk	at	%	TOP	middle	only,so this I'm talking about is in the middle (of the two tracks).,en,MORPHEME_ALIGNED,,jkpp_mp3 jkpp_wav jkpp_eaf jkpp_xml jkpp_tsv,,1118583,1122191,##	other	dem_pro:s	#rc	0.1:a	0:p	other	v:pred	rv	%	other	other:pred	rv,,jkpp,∅	∅	∅	∅	∅	∅	∅	∅	∅	∅	∅	∅	∅,∅	∅	3093	∅	3002	∅	∅	∅	∅	∅	∅	∅	∅,∅	∅	3093	∅	3002	∅	∅	∅	∅	∅	∅	∅	∅
jkpp_0079,mctulil,io da ngəkərtang da ngaton.,#	0	io	da	ngə-kər	tang	#	0	da	nga-ton,#	0	then	PURP	1SG.PST-raise	REFL	#	0	PURP	1SG.NPST-look,(that's why) I got up (from home) to see.,en,MORPHEME_ALIGNED,,jkpp_mp3 jkpp_wav jkpp_eaf jkpp_xml jkpp_tsv,,1122191,1125230,##	0.1:a	other	other	v:pred	refl.h:p	##	0.1:s	other	v:pred,,jkpp,∅	∅	∅	∅	∅	∅	∅	∅	∅	∅,∅	3002	∅	∅	∅	3002	∅	3002	∅	∅,∅	3002	∅	∅	∅	3002	∅	3002	∅	∅
jkpp_0080,mctulil,"təre moli, iap avar vətor, me kori ngətoti go təreuk, o bərivu konənga vəkərtang, me itnave məte pələpələp me kərukərung, me bərivua vəvenang nudu, me kəvənave, dumerən, da bədəvuna dukatə navodi, me nandi me nəbo duppi o idəkatə təgəvəti, ngang nga təgəvəti o ava avə.",#	təre	moli	iap	avar	və-tor	#	0	me	kori	ngə-toti	go	təreuk	#	o	bərivu	konəng	=a	və-kər	tang	#	me	itnav	=e	məte	pələ~pələp	me	kəru~kərung	me	bərivu	=a	və-venang	n	=udu	me	kəvənav	=e	#	0	du-merən	#	0	da	bə=	də-vun(ə)	=a	du	katə	navodi	me	nandi	#	0	me	nə-bo	du-p~pi	#	o	idə=	katə	təgə	=vəti	#	ngang	nga	təgə	=vəti	o	ava	a-və,#	true	real	3SG.M	also	3SG.M.PST-sit	#	0	and	NEG	1SG.PST-see	NSPEC	thing.PL	#	TOP	wind	only	=SG.CL:MASC	3SG.M.PST-raise	REFL	#	and	storm	=SG.CL:FEM	like	RED~lightning	and	RED~thunder	and	wind	=SG.CL:MASC	3SG.M.PST-do_sth	APPL	=1PL	and	rain	=SG.CL:FEM	#	0	1PL.PST-run	#	0	PURP	ASP=	1PL.NPST-throw	=PAT	1PL.POSS	leg.PL	like_this	and	like_this	#	0	and	LOC-UP	1PL.PST-RED~go	#	TOP	3N.POSS=	leg.PL	one	=SG.CL:SEG	#	1SG	1SG.POSS	one	=SG.CL:SEG	TOP	again	3SG.M-NSPEC,"It's true that he's there, but I didn't see anything, except the wind, lightning and thunder, wind did things to us, and the rain. We ran away, we threw our legs like that (action), up there we walked, one leg following the other's (one foot print) (so the monster can't hear us).",en,MORPHEME_ALIGNED,,jkpp_mp3 jkpp_wav jkpp_eaf jkpp_xml jkpp_tsv,,1125230,1160609,##	other	other	pro.h:s	other	v:pred	##neg	0.1:a	other	other	v:pred	ln	np:p	#	other	np:a	rn	=rn	v:pred	refl:p	##	other	np:a	=rn	other	np:appos	rn	rn_np	rn	rn_np	=rn	v:pred	rv	=pro.1:p	other	np:dt	=rn	##	0.1:s	v:pred	#	0.1:a	other	=other	v:pred	=ln	ln_pro.1:poss	np:p	other	other	other	##	0.1:s	other	other:dt	v:pred	#	other	=ln_pro.h:poss	np:predex	rn	=rn	#	pro.1:dt_poss	ln_pro.1:poss	np:predex	=rn	other	other	other,,jkpp,∅	∅	∅	∅	∅	∅	∅	∅	∅	∅	∅	∅	∅	∅	∅	new	∅	∅	∅	∅	∅	∅	new	∅	∅	bridging	∅	bridging	∅	∅	∅	∅	∅	∅	∅	bridging	∅	∅	∅	∅	∅	∅	∅	∅	∅	∅	∅	bridging	∅	∅	∅	∅	∅	∅	∅	∅	∅	∅	∅	∅	∅	∅	∅	∅	∅	bridging	∅	∅	∅	∅,∅	∅	∅	3093	∅	∅	∅	3002	∅	∅	∅	∅	∅	∅	∅	3115	∅	∅	∅	3115	∅	∅	3116	∅	∅	3117	∅	3118	∅	3115	∅	∅	∅	3104	∅	3119	∅	∅	3104	∅	∅	3104	∅	∅	∅	∅	3104	3120	∅	∅	∅	∅	3104	∅	∅	∅	∅	∅	3104	3120	∅	∅	∅	3104	3104	3121	∅	∅	∅	∅,∅	∅	∅	3093	∅	∅	∅	3002	∅	∅	∅	∅	∅	∅	∅	3115	∅	∅	∅	3115	∅	∅	3116	∅	∅	3117	∅	3118	∅	3115	∅	∅	∅	3104	∅	3119	∅	∅	3104	∅	∅	3104	∅	∅	∅	∅	3104	3120	∅	∅	∅	∅	3104	∅	∅	∅	∅	∅	3104	3120	∅	∅	∅	3104	3104	3121	∅	∅	∅	∅
jkpp_0081,mctulil,"bə iaor udu, tove pələpələp, me kərukərung.",#	bə=	iaor	udu	#	tove	pələ~pələp	me	kəru~kərung,#	ASP=	NC	1PL	#	because	RED~lightning	and	RED~thunder,we were afraid because of lightning and thunder.,en,MORPHEME_ALIGNED,,jkpp_mp3 jkpp_wav jkpp_eaf jkpp_xml jkpp_tsv,,1160609,1167088,##	=other	other:pred	pro.1:s	#ac	other	np:predex	rn	rn_np,,jkpp,∅	∅	∅	∅	∅	∅	∅	∅	∅,∅	∅	∅	3104	∅	∅	3117	∅	3118,∅	∅	∅	3104	∅	∅	3117	∅	3118
jkpp_0082,mctulil,"dutelə, kori, kori dutoti go təreuk, me təre moli dutoti konəng na uvi.",#	0	du-telə	kori	#	0	kori	du-toti	go	təreuk	#	0	me	təre	moli	du-toti	konəng	n	=a	u-vi,#	0	1PL.PST-search	NEG	#	0	NEG	1PL.PST-see	NSPEC	thing.PL	#	0	and	true	real	1PL.PST-see	only	APPL	=PAT	3N-PROX1,"we searched, but no, we didn't see anything, and it's true we saw these (itnave)",en,MORPHEME_ALIGNED,,jkpp_mp3 jkpp_wav jkpp_eaf jkpp_xml jkpp_tsv,,1167088,1177896,##	0.1:s	v:pred	other	##neg	0.1:a	other	v:pred	ln	np:p	##	0.1:a	other	other	other	v:pred	rv	rv	=ln	dem_pro:p,,jkpp,∅	∅	∅	∅	∅	∅	∅	∅	∅	∅	∅	∅	∅	∅	∅	∅	∅	∅	∅	∅,∅	3104	∅	∅	∅	3104	∅	∅	∅	∅	∅	3104	∅	∅	∅	∅	∅	∅	∅	3116,∅	3104	∅	∅	∅	3104	∅	∅	∅	∅	∅	3104	∅	∅	∅	∅	∅	∅	∅	3116
jkpp_0083,mctulil,"dumerən, ava təkənəmə ga Laikpoi, idəna voibət piupiu, ioivoi idə itəne me ar təbe vəvata.",#	0	du-merən	ava	təkə=	nə-mə	ga	Laikpoi	idə-n	=a	voi-bət	Piupiu	#	ioi	=voi	idə	itən	=e	ar	tə=	be	vəvat	=a,#	0	1PL.PST-run	again	to=	LOC-DOWN	across	Laikpoi	3N-COM	=PAT	3SG.FLAT-PROX2	Piupiu	#	water	=SG.CL:FLAT	3N	name	=SG.CL:FEM	still	to=	at	monster	=SG.CL:MASC,"we ran away, down to where the two rivers meet (kervat and piupiu), the name of the river is also for the monster.",en,MORPHEME_ALIGNED,,jkpp_mp3 jkpp_wav jkpp_eaf jkpp_xml jkpp_tsv,,1177896,1189149,##	0.1:s	v:pred	rv	=adp	other	adp	pn_np:g	rn	=rn	rn	rn_pn_np	##	ln_np:poss	=ln	ln_pro:poss	np:s	=rn	other	=adp	adp	np:pred	=rn,,jkpp,∅	∅	∅	∅	∅	∅	∅	new	∅	∅	∅	new	∅	bridging	∅	∅	bridging	∅	∅	∅	∅	∅	∅,∅	3104	∅	∅	∅	∅	∅	3122	∅	∅	∅	3123	∅	3124	∅	3123	3125	∅	∅	∅	∅	3093	∅,∅	3104	∅	∅	∅	∅	∅	3122	∅	∅	∅	3123	∅	3124	∅	3123	3125	∅	∅	∅	∅	3093	∅
jkpp_0084,mctulil,"vənu məreka, vənu laika, idətəp mat udu, dumengəp nəbət.",#	vənu	mərek	=a	#	vənu	laik	=a	#	idə-təp	mat	udu	#	0	du-mengəp	nə-bət,#	sun	good	=SG.CL:MASC	#	sun	big	=SG.CL:MASC	#	3N.PST-dry	get	1PL	#	0	1PL.PST-sleep	LOC-PROX2,"the sun was good and was hot, we were dried, we slept there.",en,MORPHEME_ALIGNED,,jkpp_mp3 jkpp_wav jkpp_eaf jkpp_xml jkpp_tsv,,1189149,1201791,##	np:predex	rn	=rn	##	np:predex	rn	=rn	##	v:pred	rv	pro.1:s_iv	##	0.1:s	v:pred	other:l,,jkpp,∅	unused	∅	∅	∅	∅	∅	∅	∅	∅	∅	∅	∅	∅	∅	∅,∅	3126	∅	∅	∅	3126	∅	∅	∅	∅	∅	3104	∅	3104	∅	3124,∅	3126	∅	∅	∅	3126	∅	∅	∅	∅	∅	3104	∅	3104	∅	3124
jkpp_0085,mctulil,"io kori go kəvənave nəmə, me avar kəvənave o do konəng.",#	io	kori	go	kəvənav	=e	nə-mə	#	me	avar	kəvənav	=e	o	do	konəng,#	then	NEG	NSPEC	rain	=SG.CL:FEM	LOC-DOWN	#	and	also	rain	=SG.CL:FEM	TOP	here;now	only,"there's no rain down there, and only rains here.",en,MORPHEME_ALIGNED,,jkpp_mp3 jkpp_wav jkpp_eaf jkpp_xml jkpp_tsv,,1201791,1205747,##neg	other	other	ln	np:predex	=rn	other:l	##	other	other	np:s	=rn	other	other:pred	rv,,jkpp,∅	∅	∅	∅	∅	∅	∅	∅	∅	∅	new	∅	∅	∅	∅,∅	∅	∅	∅	∅	∅	∅	∅	∅	∅	3127	∅	∅	∅	∅,∅	∅	∅	∅	∅	∅	∅	∅	∅	∅	3127	∅	∅	∅	∅
jkpp_0086,mctulil,"io idətəp mata du məl, me ngitəma dumətor ba tipur, udu adəpen ko bətəng, me kori go atərautet, me kori nanbət, me atingilit tove dumu idə ve məl ubət to kəvərta to da dumu idə bətəpmətang tove ti kənunət.",#	io	idə-təp	mat	=a	du	məl	#	0	me	ngi-təma	=a	du	mətor	ba	tipur	#	udu	adəpen	ko(n)	=bətəng	#	me	kori	go	a-tərautet	#	me	kori	nanbət	me	a-tingilit	#	0	tove	du-mu	idə	ve	məl	u-bət	to	kəvər	=ta	#	0	to	da	du-mu	idə	bətəpmə	tang	tove	ti	kənunət,#	then	3N.PST-dry	get	=PAT	1PL.POSS	məl	#	0	and	2SG.PST-know	=PAT	1PL.POSS	sit	in	bush	#	1PL	underpant(English)	only	=PL.CL:SEG	#	and	NEG	NSPEC	ART-trousers	#	and	NEG	like_that	and	ART-Tshirt	#	0	because	1PL.PST-put	3N	just	clothes	3N-PROX2	belong_to	white	=ta	#	0	SUB	PURP	1PL.PST-put	3N	over	REFL	because	of	mosquito,"then our clothes were dried, and you know we sat in the bush, we just wore underpants, without trousers, no things like trousers, and (we wore) T-shirts because we wore them - the clothes for white people, for we wore them on ourselves because of mosquitos.",en,MORPHEME_ALIGNED,,jkpp_mp3 jkpp_wav jkpp_eaf jkpp_xml jkpp_tsv,,1205747,1220382,##	other	v:pred	rv	=ln	ln_pro.1:poss	np:s_iv	##	0.1:a	other	v:pred	=ln	ln_pro.1:poss	np:p	rn	rn_np	##	pro.1:dt	np:predex	rn	=rn	#neg	other	other	ln	np:predex	#neg	other	other	other:pred	other	nc	#	0.1:a	other	v:pred	pro:p	other	np:appos	rn	rn	rn_np.h	=rn	#	0.1:a	other	other	v:pred	pro:p	adp	refl:g	adp	adp	np:other,,jkpp,∅	∅	∅	∅	∅	∅	new	∅	∅	∅	∅	∅	∅	new	∅	∅	∅	∅	new	∅	∅	∅	∅	∅	∅	∅	∅	∅	∅	∅	∅	∅	∅	∅	∅	∅	∅	∅	∅	∅	∅	new	∅	∅	∅	∅	∅	∅	∅	∅	∅	∅	∅	new,∅	∅	∅	∅	∅	3104	3128	∅	3104	∅	∅	∅	3104	3129	∅	3060	∅	3104	3130	∅	∅	∅	∅	∅	∅	∅	∅	∅	∅	∅	∅	∅	∅	3104	∅	∅	3130	∅	3130	∅	∅	3131	∅	∅	3104	∅	∅	∅	3130	∅	3104	∅	∅	3132,∅	∅	∅	∅	∅	3104	3128	∅	3104	∅	∅	∅	3104	3129	∅	3060	∅	3104	3130	∅	∅	∅	∅	∅	∅	∅	∅	∅	∅	∅	∅	∅	∅	3104	∅	∅	3130	∅	3130	∅	∅	3131	∅	∅	3104	∅	∅	∅	3130	∅	3104	∅	∅	3132
jkpp_0087,mctulil,"o, ah, muləgəp nəvon, idətəp mat udu, ngane, 'a, nagapon?' ngətira, tavə bimanmanin na ta kəlvənik, me bəkori mərek bətmə ta tove uvi bələtnidə bətmudu nəbo ba tipur.",#	muləgəp	nəvon	idə-təp	mat	udu	#	0	ngan-e	#	=a	nagapon	#	0	ngə-tir	=a	#	ta-və	b=	imanmanin	n	=a	ta	kəl	=vənik	#	me	bə=	kori	mərek	bətmə	ta	#	tove	u-vi	bə=	lət	n	=idə	bətm	=udu	nə-bo	ba	tipur,#	two	time	3N.PST-dry	get	1PL	#	0	1SG-QUOT	#	=SG.CL:MASC	how	#	0	1SG.PST-ask	=3SG.M.PAT	#	3PL-NSPEC	ASP=	bitter;sour	APPL	=PAT	3PL.POSS	face	=vənik	#	and	ASP=	NEG	good	with	3PL	#	because	3N-PROX1	ASP=	arrive	APPL	=3N	with	=1PL	LOC-UP	in	bush,"the second time, (after) we were dried, I said, 'what now?' I asked them, some of them their faces were looking bitter, it's not alright with them because this had happened to us up there in the bush.",en,MORPHEME_ALIGNED,,jkpp_mp3 jkpp_wav jkpp_eaf jkpp_xml jkpp_tsv,,1220382,1242099,##	ln	np:dt	v:pred	rv	pro.1:s_iv	##	0.1:s_ds	other:pred	##ds	=pro:s	other:pred	##	0.1:a	v:pred	=pro.h:p	#ds	dem_pro.h:dt_poss	=other	other:pred	rv	=ln	ln_pro.h:poss	np:s	=rn	##neg	other	=other	other	other:pred	adp	pro.h:obl	#ac	other	dem_pro:dt_s	=other	v:pred	rv	=pro:s_sv	adp	=pro.1:obl	other	adp	np:l,,jkpp,∅	∅	new	∅	∅	∅	∅	∅	∅	∅	∅	∅	∅	∅	∅	∅	∅	bridging	∅	∅	∅	∅	∅	bridging	∅	∅	∅	∅	∅	∅	∅	∅	∅	∅	bridging	∅	∅	∅	∅	∅	∅	∅	∅	∅,∅	∅	3133	∅	∅	3104	∅	3002	∅	∅	∅	∅	∅	3002	∅	3112	∅	3134	∅	∅	∅	∅	3134	3135	∅	∅	∅	∅	∅	∅	∅	3134	∅	∅	3136	∅	∅	∅	3136	∅	3104	∅	∅	3060,∅	∅	3133	∅	∅	3104	∅	3002	∅	∅	∅	∅	∅	3002	∅	3112	∅	3134	∅	∅	∅	∅	3134	3135	∅	∅	∅	∅	∅	∅	∅	3134	∅	∅	3136	∅	∅	∅	3136	∅	3104	∅	∅	3060
jkpp_0088,mctulil,"ngəməngar tuk ta ngane, 'doto inəbitəmut moli bətma Laika, o inəvəde, me iap to kori vəbitəmut bətma Laika o vətor.'",#	0	ngə-məngar	tuk	ta	ngan-e	#	#	0	doto	inə-bitəmut	moli	bətm	=a	Laika	%	o	0	inə-vəde	#	me	iap	#	0	to	kori	və-bitəmut	bətm	=a	Laika	%	o	və-tor,#	0	1SG.PST-say	give	3PL	1SG-QUOT	#	#	0	when;if	2PL.PST-believe	real	with	=PAT	god	%	TOP	0	2PL-this_way	#	and	3SG.M	#	0	REL	NEG	3SG.M.PST-believe	with	=PAT	god	%	TOP	3SG.M.PAT-sit,"I said to them, 'if you truly believe in god, you come; and he who does not believe in God will stay.'",en,MORPHEME_ALIGNED,,jkpp_mp3 jkpp_wav jkpp_eaf jkpp_xml jkpp_tsv,,1242099,1252166,##	0.1:a_ds	v:pred	rv	pro.h:p	other	##ds	#ac	0.2:a	other	v:pred	rv	rv	=ln	np:p	%	other	0.2:s	other:pred	##ds	other	pro.h:s	#neg	0.h:a	other	other	v:pred	rv	=ln	np:p	%	other	v:pred,,jkpp,∅	∅	∅	∅	∅	∅	∅	∅	∅	∅	∅	∅	∅	∅	unused	∅	∅	∅	∅	∅	∅	bridging	∅	∅	∅	∅	∅	∅	∅	∅	∅	∅	∅,∅	3002	∅	∅	3134	∅	∅	∅	3134	∅	∅	∅	∅	∅	3137	∅	∅	3134	∅	∅	∅	3138	∅	3138	∅	∅	∅	∅	∅	3137	∅	∅	∅,∅	3002	∅	∅	3134	∅	∅	∅	3134	∅	∅	∅	∅	∅	3137	∅	∅	3134	∅	∅	∅	3138	∅	3138	∅	∅	∅	∅	∅	3137	∅	∅	∅
jkpp_0089,mctulil,"dukərtang, duppi ava nəmbo, muləgəp nəvon, o duppi nandi, ko go kəvənave, von konəng, von konəng, von konəng, ar təbe vət to ngang ngəmu ngə katə mənu nang laika nəmə ba venang, kori dutoti vətə, me dutoti kona lukluka be nəmə to idəppi idəppi navodi, dutoti ko na məlivuve, me vətə o kori dutoti idə, məte amarek, kətiləm, kəgorə.",#	0	du-kər	tang	#	0	du-p~pi	ava	nə-m~bo	muləgəp	nəvon	#	0	o	du-p~pi	nandi	#	ko	go	kəvənav	=e	von	konəng	von	konəng	von	konəng	ar	tə=	be	vət	#	to	ngang	ngə-mu	ngə=	katə	mənu	nang	laik	=a	nə-mə	ba	venang	#	0	kori	du-toti	vətə	#	0	me	du-toti	ko	n	=a	lukluk	=a	be	nə-mə	#	0	to	idə-p~pi	#	0	idə-p~pi	navodi	#	0	du-toti	ko	n	=a	məlivuv	=e	#	0	me	vətə	o	kori	dutoti	idə	məte	a-marek	kətiləm	kəgorə,#	0	1PL.PST-raise	REFL	#	0	1PL.PST-RED~go	again	LOC-RED~UP	two	time	#	0	TOP	1PL.PST-RED~go	like_this	#	NEG	NSPEC	rain	=SG.CL:FEM	3SG.DIM	only	3SG.DIM	only	3SG.DIM	only	still	to=	at	3SG.SEG	#	REL	1SG	1SG.PST-put	1SG.POSS.INAL=	leg	back_of	tree	big	=SG.CL:MASC	LOC-DOWN	in	something	#	0	NEG	1PL.PST-see	meat	#	0	and	1PL.PST-see	only	APPL	=PAT	fish_shadow	=SG.CL:MASC	at	LOC-DOWN	#	0	SUB	3N.PST-RED~go	#	0	3N.PST-RED~go	like_this	#	0	1PL.PST-see	only	APPL	=PAT	NC	=SG.CL:FEM	#	0	and	meat	TOP	NEG	1PL.PST-see	3N	like	ART-fish.sp.	prawn	eel,"We got up, we went again up, the second time, we walked like that but no rain, we continue walking, up to the place where I put my leg on a big tree there at something, (the first time we were there) we didn't see proteins, and we just saw things [fish] moving down there, we just saw the traces of fish, but didn't see anything like fish, prawns or eels.",en,WORD_ALIGNED,,jkpp_mp3 jkpp_wav jkpp_eaf jkpp_xml jkpp_tsv,,1252166,1290156,##	0.1:a	v:pred	refl.h:p	##	0.1:s	v:pred	other	other:g	ln	np:other	#	0.1:s	other	v:pred	other	#neg	other	ln	np:predex	=rn	nc	nc	nc	nc	nc	nc	nc	nc	nc	nc	#rc	other	pro.1:a	v:pred	=ln_pro.1:poss	np:p	adp	np:g	rn	=rn	rn	rn	rn_np	##neg	0.1:a	other	v:pred	np:p	##	0.1:a	other	v:pred	rv	rv	=ln	np:p	=rn	adp	other:l	#	0:s	other	v:pred	#	0:s	v:pred	other	##	0.1:a	v:pred	rv	rv	=ln	np:p	=rn	##neg	0.1:a	other	np:dt_p	other	other	v:pred	pro:p	adp	np:dt	rn	rn,,jkpp,∅	∅	∅	∅	∅	∅	∅	∅	∅	∅	∅	∅	∅	∅	∅	∅	∅	∅	∅	∅	∅	∅	∅	∅	∅	∅	∅	∅	∅	∅	∅	∅	∅	∅	∅	∅	∅	∅	new	∅	∅	∅	∅	∅	∅	∅	∅	∅	new	∅	∅	∅	∅	∅	∅	∅	new	∅	∅	∅	∅	∅	∅	∅	∅	∅	∅	∅	∅	∅	∅	∅	∅	∅	∅	∅	∅	∅	∅	∅	∅	∅	∅	∅	∅	bridging	bridging	bridging,∅	3104	∅	3104	∅	3104	∅	∅	∅	∅	3133	∅	3104	∅	∅	∅	∅	∅	∅	∅	∅	∅	∅	∅	∅	∅	∅	∅	∅	∅	∅	∅	∅	3104	∅	3104	3120	∅	3139	∅	∅	∅	∅	∅	∅	3104	∅	∅	3140	∅	3104	∅	∅	∅	∅	∅	3141	∅	∅	∅	∅	3104	∅	∅	∅	3141	∅	∅	∅	3104	∅	∅	∅	∅	3141	∅	∅	3104	∅	3140	∅	∅	∅	3140	∅	3142	3143	3144,∅	3104	∅	3104	∅	3104	∅	∅	∅	∅	3133	∅	3104	∅	∅	∅	∅	∅	∅	∅	∅	∅	∅	∅	∅	∅	∅	∅	∅	∅	∅	∅	∅	3104	∅	3104	3120	∅	3139	∅	∅	∅	∅	∅	∅	3104	∅	∅	3140	∅	3104	∅	∅	∅	∅	∅	3141	∅	∅	∅	∅	3104	∅	∅	∅	3141	∅	∅	∅	3104	∅	∅	∅	∅	3141	∅	∅	3104	∅	3140	∅	∅	∅	3140	∅	3142	3143	3144
jkpp_0090,mctulil,"io ngəmu ngə katə mənu kəbəram laika, kəbərama abət o vət me vətor navodi.",#	0	io	ngə-mu	ngə=	katə	mənu	kəbəram	laik	=a	#	kəbəram	=a	a-bət	o	vət	me	v-ətor	navodi,#	0	then	1SG.PST-put	1SG.POSS.INAL=	leg.PL	back_of	plant.sp.	big	=SG.CL:MASC	#	plant.sp.	=SG.CL:MASC	3SG.M-PROX2	TOP	vət	and	3SG.M.PST-sit	like_this,"then I put my legs on the big crawling plant, (this one) the plant surround and sat like this.",en,MORPHEME_ALIGNED,,jkpp_mp3 jkpp_wav jkpp_eaf jkpp_xml jkpp_tsv,,1290156,1298462,##	0.1:a	other	v:pred	=ln_pro.1:poss	np:p	adp	np:g	rn	=rn	#nc	nc_np	nc	nc	nc	nc	nc	nc	nc,,jkpp,∅	∅	∅	∅	∅	∅	∅	new	∅	∅	∅	∅	∅	∅	∅	∅	∅	∅	∅,∅	3002	∅	∅	3002	3109	∅	3145	∅	∅	∅	3145	∅	∅	∅	∅	∅	∅	∅,∅	3002	∅	∅	3002	3109	∅	3145	∅	∅	∅	3145	∅	∅	∅	∅	∅	∅	∅
jkpp_0091,mctulil,"kavar ngane, muləgəp nəvon dava ngəmu ngə katə nəbo be vət ko to bəngəmu ngə katə be maməni von, ava pələp, ava ite kərung, ava pələp, ava kərung, ava pələp, ava kərung.",#	0	kavar	ngan-e	#	0	muləgəp	nəvon	dava	ngə-mu	ngə	katə	nə-bo	be	vət	ko	#	0	to	bə=	ngə-mu	ngə	katə	be	maməni	=von	#	ava	pələp	#	0	ava	it-e	kərung	#	ava	pələp	#	ava	kərung	#	ava	pələp	#	ava	kərung,#	0	just_then	1SG-QUOT	#	0	two	time	PURP_again	1SG.PST-put	1SG.POSS.INAL	leg.PL	LOC-UP	at	3SG.SEG	only	#	0	SUB	ASP=	1SG.PST-put	1SG.POSS.INAL	leg.PL	at	one	=SG.CL:DIM	#	again	lightning	#	0	again	3N.NPST-QUOT	thunder	#	again	lightning	#	again	thunder	#	again	lightning	#	again	thunder,"just then I did it, the second time I put my legs up there on the same place where I put my leg the first time, the lightning striked again, and thunder, and lightning again, and thunder again, and lightning again, and thunder again.",en,MORPHEME_ALIGNED,,jkpp_mp3 jkpp_wav jkpp_eaf jkpp_xml jkpp_tsv,,1298462,1314451,##	0.1:s	other	other:pred	##	0.1:a	ln	np:dt	other	v:pred	ln_pro.1:poss	np:p	other	adp	other:g	other	#	0.1:a	other	=other	v:pred	ln_pro.1:poss	np:p	adp	np:g	=rn	#	other	np:predex	#	0:a	other	other:pred	np:p	#	other	np:predex	#	other	np:predex	#	other	np:predex	#	other	np:predex,,jkpp,∅	∅	∅	∅	∅	∅	∅	∅	∅	∅	∅	∅	∅	∅	∅	∅	∅	∅	∅	∅	∅	∅	∅	∅	∅	∅	∅	∅	∅	∅	∅	∅	∅	∅	∅	∅	∅	∅	∅	∅	∅	∅	∅	∅	∅	∅,∅	3002	∅	∅	∅	3002	∅	3133	∅	∅	3002	3109	∅	∅	∅	∅	∅	3002	∅	∅	∅	3002	3109	∅	3139	∅	∅	∅	3117	∅	∅	∅	∅	3118	∅	∅	3117	∅	∅	3118	∅	∅	3117	∅	∅	3118,∅	3002	∅	∅	∅	3002	∅	3133	∅	∅	3002	3109	∅	∅	∅	∅	∅	3002	∅	∅	∅	3002	3109	∅	3139	∅	∅	∅	3117	∅	∅	∅	∅	3118	∅	∅	3117	∅	∅	3118	∅	∅	3117	∅	∅	3118
jkpp_0092,mctulil,"iap to apədəm ava anogət, me va ngang to nga nogət o bə nga pədəm.",#	iap	#	0	to	a-pədəm	%	ava	a-nogət	#	me	va	ngang	#	0	to	nga-nogət	%	o	bə	0	nga-pədəm,#	3SG.M	#	0	REL	3SG.M-later	%	again	3SG.M-first	#	and	again	1SG	#	0	REL	1SG-first	%	TOP	ASP	0	1SG-later,"that who's at the back was at front, and I who was at the front, and I who was at the front was at the back.",en,MORPHEME_ALIGNED,,jkpp_mp3 jkpp_wav jkpp_eaf jkpp_xml jkpp_tsv,,1314451,1319927,##	pro.h:s	#rc	0.h:s	other	other:pred	%	other	other:pred	##	other	other	pro.1:dt_s	#rc	0.1:s	other	other:pred	%	other	other	0.1:s	other:pred,,jkpp,∅	bridging	∅	∅	∅	∅	∅	∅	∅	∅	∅	∅	∅	∅	∅	∅	∅	∅	∅	∅	∅	∅,∅	3146	∅	3146	∅	∅	∅	∅	∅	∅	∅	∅	3002	∅	3002	∅	∅	∅	∅	∅	3002	∅,∅	3146	∅	3146	∅	∅	∅	∅	∅	∅	∅	∅	3002	∅	3002	∅	∅	∅	∅	∅	3002	∅
jkpp_0093,mctulil,"avə atnəvən o dərkata to udu o iaor (dune, do--), dumerən, dumerən, dumerən, ar təkənəmə.",#	0	a-və	at-nəvən	#	0	o	d-ərkat	=a	#	to	udu	o	iaor	#	0	du-merən	#	0	du-merən	#	0	du-merən	ar	təkə=	nə-mə,#	0	3SG.M-NSPEC	3SG.M.NPST-fall	#	0	TOP	1PL.NPST-leave_behind	=3SG.M.PAT	#	SUB	1PL	TOP	afraid	#	0	1PL.PST-run	#	0	1PL.PST-run	#	0	1PL.PST-run	still	to=	LOC-DOWN,"if someone will fall down we'll leave him because we were afraid, we ran down there.",en,MORPHEME_ALIGNED,,jkpp_mp3 jkpp_wav jkpp_eaf jkpp_xml jkpp_tsv,,1319927,1327590,##	0.h:s	nc	v:pred	#	0.1:a	other	v:pred	=pro.h:p	#	other	pro.1:s	other	np:pred	##	0.1:s	v:pred	##	0.1:s	v:pred	##	0.1:s	v:pred	other	=adp	other:g,,jkpp,∅	bridging	∅	∅	∅	∅	∅	∅	∅	∅	∅	∅	∅	∅	∅	∅	∅	∅	∅	∅	∅	∅	∅	∅	∅	∅,∅	3147	∅	∅	∅	3104	∅	∅	3147	∅	∅	3104	∅	∅	∅	3104	∅	∅	3104	∅	∅	3104	∅	∅	∅	∅,∅	3147	∅	∅	∅	3104	∅	∅	3147	∅	∅	3104	∅	∅	∅	3104	∅	∅	3104	∅	∅	3104	∅	∅	∅	∅
jkpp_0094,mctulil,(du-) duleir moli to dukuva dukatə mənba kətəbukbuke kati avar pəka.,#	0	du-leir	moli	#	0	to	du-kuv	=a	du	katə	mən=	ba	kətəbukbuk	=e	#	kati	avar	pək	=a,#	0	1PL.PST-harm	real	#	0	SUB	1PL.PST-pull	=PAT	1PL.POSS	leg.PL	from=	in	thick_mud	=SG.CL:FEM	#	SUB	also	bright	=SG.CL:MASC,we tried our best to pull out our legs from the swamp because the place is not bright,en,MORPHEME_ALIGNED,,jkpp_mp3 jkpp_wav jkpp_eaf jkpp_xml jkpp_tsv,,1327590,1334064,##	0.1:s	v:pred	rv	#	0.1:a	other	v:pred	=ln	ln_pro.1:poss	np:p	=adp	adp	np:l	=rn	#	other	other	np:predex	=rn,,jkpp,∅	∅	∅	∅	∅	∅	∅	∅	∅	∅	∅	∅	∅	∅	∅	∅	∅	∅	∅	∅,∅	3104	∅	∅	∅	3104	∅	∅	∅	3104	3120	∅	∅	3108	∅	∅	∅	∅	∅	∅,∅	3104	∅	∅	∅	3104	∅	∅	∅	3104	3120	∅	∅	3108	∅	∅	∅	∅	∅	∅
jkpp_0095,mctulil,"nəbo kətəbukbuk katum konənge me ioi kurek ubət to idəmorən, ulang.",#	nə-bo	kətəbukbuk	katum	konəng	=e	#	me	ioi	kurek	u-bət	#	0	to	idə-morən	ulang,#	LOC-UP	thick_mud	all;finished	only	=SG.CL:FEM	#	and	water	bad	3N-PROX2	#	0	REL	3N.PST-cover	yellow,"up there was just swampy, the bad water (kuteta) overed (the place), yellow.",en,MORPHEME_ALIGNED,,jkpp_mp3 jkpp_wav jkpp_eaf jkpp_xml jkpp_tsv,,1334064,1351101,##	other:dt	np:predex	rn	rn	=rn	##	other	np:s	rn	dem_pro:pred	#rc	0:s	other	v:pred	other,,jkpp,∅	∅	∅	∅	∅	∅	∅	∅	new	∅	∅	∅	∅	∅	∅	∅,∅	∅	3108	∅	∅	∅	∅	∅	3148	∅	∅	∅	3148	∅	∅	∅,∅	∅	3108	∅	∅	∅	∅	∅	3148	∅	∅	∅	3148	∅	∅	∅
jkpp_0096,mctulil,"io təkənəmə, ava məgət tang konəng, vənua vətor, kori go kəvənave, nəmə ga Laikpoi idəna Piupiu, ava dumətor.",#	io	təkə=	nə-mə	#	ava	məgət	tang	konəng	#	vənu	=a	və-tor	#	kori	go	kəvənav	=e	nə-mə	ga	Laikpoi	idə-n	=a	Piupiu	#	0	ava	du-mətor,#	then	to=	LOC-DOWN	#	again	same_as	REFL	only	#	sun	=SG.CL:MASC	3SG.M.PAT-sit	#	NEG	NSPEC	rain	=SG.CL:FEM	LOC-DOWN	across	Laikpoi	3N-COM	=PAT	Piupiu	#	0	again	1PL.PST-sit,"Then we went down, it's still the same, the sun was there, no rain, there at the joint of Kervat and Piupiu, we sat down again.",en,MORPHEME_ALIGNED,,jkpp_mp3 jkpp_wav jkpp_eaf jkpp_xml jkpp_tsv,,1351101,1365821,##	other	=adp	dem_other:pred	##	other	other:pred	nc	other	##	np:s	=rn	v:pred	##neg	other	ln	np:predex	=rn	other	adp	pn_np:l	rn	=rn	rn_np	##	0.1:s	other	v:pred,,jkpp,∅	∅	∅	∅	∅	∅	∅	∅	∅	∅	∅	∅	∅	∅	∅	∅	∅	∅	∅	∅	∅	∅	∅	∅	∅	∅	∅	∅,∅	∅	∅	∅	∅	∅	∅	∅	∅	∅	3126	∅	∅	∅	∅	∅	∅	∅	∅	∅	3122	∅	∅	3123	∅	3104	∅	∅,∅	∅	∅	∅	∅	∅	∅	∅	∅	∅	3126	∅	∅	∅	∅	∅	∅	∅	∅	∅	3122	∅	∅	3123	∅	3104	∅	∅
jkpp_0097,mctulil,"vareot, vareot, vareot, vareot, idətəp mat udu tove ko go kəvənave nəmə, mənəbo na iləma, bəvəppi.",#	vareot	vareot	vareot	vareot	idə-təp	mat	udu	#	tove	ko	go	kəvənav	=e	nə-mə	#	mə(n)=	nə-bo	n	=a	iləm	=a	#	0	bə=	və-p~pi,#	long_time	long_time	long_time	long_time	3N.PST-dry	get	1PL	#	because	NEG	NSPEC	rain	=SG.CL:FEM	LOC-DOWN	#	from=	LOC-UP	APPL	=PAT	flood	=SG.CL:MASC	#	0	ASP=	3SG.M.PST-RED~go,"for a long time, we were dried because there was no rain down there, the flood came from up there.",en,MORPHEME_ALIGNED,,jkpp_mp3 jkpp_wav jkpp_eaf jkpp_xml jkpp_tsv,,1365821,1375079,##	other	nc	nc	nc	v:pred	rv	pro.1:s_iv	#neg	other	other	ln	np:predex	=rn	other:l	##	=adp	other:pred	rv	=ln	np:s	=rn	##	0.h:s	=other	v:pred,,jkpp,∅	∅	∅	∅	∅	∅	∅	∅	∅	∅	∅	∅	∅	∅	∅	∅	∅	∅	∅	∅	new	∅	∅	∅	∅	∅,∅	∅	∅	∅	∅	∅	∅	3104	∅	∅	∅	∅	∅	∅	∅	∅	∅	∅	∅	∅	3149	∅	∅	3104	∅	∅,∅	∅	∅	∅	∅	∅	∅	3104	∅	∅	∅	∅	∅	∅	∅	∅	∅	∅	∅	∅	3149	∅	∅	3104	∅	∅
jkpp_0098,mctulil,"ta tate, 'bəkori dəppi', ngane, 'o, ngalar bemə nging, muləgəp magəvon, dava dumbo, doto bəmuləgəp magəvon o toktok, da bədəliu.'",#	ta	tat-e	#	0	bə=	kori	də-p~pi	#	0	ngan-e	#	0	nga-lar	bemə	nging	muləgəp_magə	=von	#	0	dava	du-m~bo	#	doto	bə=	muləgəp_magə	=von	o	toktok	#	0	da	bə=	də-liu,#	3PL	3PL-QUOT	#	0	ASP=	NEG	1PL.NPST-RED~go	#	0	1SG-QUOT	#	0	1SG.NPST-try	at	2SG	three	=SG.CL:DIM	#	0	PURP_again	1PL-RED~UP	#	when;if	ASP=	three	=SG.CL:DIM	TOP	end;last	#	0	PURP	ASP=	1PL.NPST-return,"they said, 'we won't go', I said, 'o, I will test you, the third time, we will goup again, when the third time finish, we'll go back.'",en,MORPHEME_ALIGNED,,jkpp_mp3 jkpp_wav jkpp_eaf jkpp_xml jkpp_tsv,,1375079,1386842,##	pro.h:s_ds	other:pred	#ds_neg	0.1:s	=other	other	v:pred	##	0.1:s_ds	other:pred	##ds	0.1:a	v:pred	rv	pro.2:p	np:other	=rn	##	0.1:s	other	other:pred	#ac	other	=other	np:s	=rn	other	other:pred	#	0.1:s	other	=other	v:pred,,jkpp,∅	∅	∅	∅	∅	∅	∅	∅	∅	∅	∅	∅	∅	∅	∅	∅	new	∅	∅	∅	∅	∅	∅	∅	∅	∅	∅	∅	∅	∅	∅	∅	∅	∅,∅	3112	∅	∅	3112	∅	∅	∅	∅	3002	∅	∅	3002	∅	∅	3112	3150	∅	∅	3104	∅	∅	∅	∅	∅	3150	∅	∅	∅	∅	3104	∅	∅	∅,∅	3112	∅	∅	3112	∅	∅	∅	∅	3002	∅	∅	3002	∅	∅	3112	3150	∅	∅	3104	∅	∅	∅	∅	∅	3150	∅	∅	∅	∅	3104	∅	∅	∅
jkpp_0099,mctulil,kori go varvar ta təda pi.,#	kori	go	varvar	ta	təda	pi,#	NEG	NSPEC	happy	3PL	for	go,they were not happy to go.,en,MORPHEME_ALIGNED,,jkpp_mp3 jkpp_wav jkpp_eaf jkpp_xml jkpp_tsv,,1386842,1390878,#neg	other	other	other:pred	pro.h:s	adp	np:obl,,jkpp,∅	∅	∅	∅	∅	∅	bridging,∅	∅	∅	∅	3112	∅	3151,∅	∅	∅	∅	3112	∅	3151
jkpp_0100,mctulil,"ngəmatər, ngane, 'ngang o langmə ngang da ava dumbo.'",#	0	ngə-matər	#	0	ngan-e	#	ngang	o	lang	mə	ngang	#	0	da	ava	du-m~bo,#	0	1SG.PST-stand	#	0	1SG-QUOT	#	1SG	TOP	want	APPL	1SG	#	0	PURP	again	1PL-RED~UP,"I stood up, I said, 'I want us to go up again.'",en,MORPHEME_ALIGNED,,jkpp_mp3 jkpp_wav jkpp_eaf jkpp_xml jkpp_tsv,,1390878,1396838,##	0.1:s	v:pred	##	0.1:s	other:pred	##ds	pro.1:dt_s	other	v:pred	rv	pro.1:s_sv	#cc	0.1:s	other	other	other:pred,,jkpp,∅	∅	∅	∅	∅	∅	∅	∅	∅	∅	∅	∅	∅	∅	∅	∅	∅,∅	3002	∅	∅	3002	∅	∅	3002	∅	∅	∅	3002	∅	3104	∅	∅	∅,∅	3002	∅	∅	3002	∅	∅	3002	∅	∅	∅	3002	∅	3104	∅	∅	∅
jkpp_0101,mctulil,"toLait vəngar ate, 'nga laika, do o dumbo, me avi apəvən ko nudu, io ti bəgəta atəup.'",#	to-Lait	v-əngar	at-e	#	nga	laik	=a	#	0	do	o	du-m~bo	me	#	a-vi	a-pə~vən	ko	n	=udu	#	io	ti	bə=	gət	=a	a-təup,#	ART.M-Lait	3SG.M.PST-say	3SG.M-QUOT	#	1SG.POSS	big	=SG.CL:MASC	#	0	here;now	TOP	1PL-RED~UP	and	#	3SG.M-PROX1	3SG.M.NPST-RED~hit	only	APPL	=1PL	#	then	lest	ASP=	NSPEC	=SG.CL:MASC	3SG.M.NPST-die,"toLait said, 'my uncle, now we'll go up, but he is fighting us, I'm afraid one (of us) will get hurt.'",en,MORPHEME_ALIGNED,,jkpp_mp3 jkpp_wav jkpp_eaf jkpp_xml jkpp_tsv,,1396838,1412362,##	pn_np.h:s_ds	v:pred	other	##ds	ln_pro.1:poss	np.h:voc	=rn	#ds	0.1:s	other:dt	other	dem_other:pred	other	#	dem_pro:a	v:pred	rv	rv	=pro.1:p	#	other	other	=other	pro.h:s	=rn	v:pred,,jkpp,∅	∅	∅	∅	∅	∅	∅	∅	∅	∅	∅	∅	∅	∅	∅	∅	∅	∅	∅	∅	∅	∅	∅	∅	bridging	∅	∅,∅	3100	∅	∅	∅	3100	3002	∅	∅	3104	∅	∅	∅	∅	∅	3093	∅	∅	∅	3104	∅	∅	∅	∅	3152	∅	∅,∅	3100	∅	∅	∅	3100	3002	∅	∅	3104	∅	∅	∅	∅	∅	3093	∅	∅	∅	3104	∅	∅	∅	∅	3152	∅	∅
jkpp_0102,mctulil,"ngang ngane, 'nging o ngibitəmut bətma guria? idabi mədəne ba idabi vore?'",#	ngang	ngan-e	#	0	nging	o	ngi-bitəmut	bətm	=a	guria	idabi	mədən	=e	ba	idabi	vor	=e,#	1SG	1SG-QUOT	#	0	2SG	TOP	2SG.PST-believe	with	=PAT	who.SG.CL:MASC	spirit	smooth;straight	=SG.CL:FEM	or	spirit	crooked	=SG.CL:FEM,"I said, 'you believe in who? the good spirit or the bad spirit?'",en,MORPHEME_ALIGNED,,jkpp_mp3 jkpp_wav jkpp_eaf jkpp_xml jkpp_tsv,,1412362,1425483,##	pro.1:s_ds	other:pred	##ds	0.2:a	pro.2:dt_s	other	v:pred	rv	=ln	pro.h:p	np:dt_p	rn	=rn	rn	rn_np	rn	=rn,,jkpp,∅	∅	∅	∅	∅	∅	∅	∅	∅	∅	∅	new	∅	∅	∅	new	∅	∅,∅	3002	∅	∅	3100	3100	∅	∅	∅	∅	∅	3153	∅	∅	∅	3154	∅	∅,∅	3002	∅	∅	3100	3100	∅	∅	∅	∅	∅	3153	∅	∅	∅	3154	∅	∅
jkpp_0103,mctulil,io ava vənan.,#	0	io	ava	v-ənan,#	0	then	again	3SG.M.PST-listen,then he accepted.,en,MORPHEME_ALIGNED,,jkpp_mp3 jkpp_wav jkpp_eaf jkpp_xml jkpp_tsv,,1425483,1430544,##	0.h:s	other	other	v:pred,,jkpp,∅	∅	∅	∅	∅,∅	3100	∅	∅	∅,∅	3100	∅	∅	∅
jkpp_0104,mctulil,"ngane, 'ngang langmə ngang dava ngətinak ngən, məle vəvat moli nudu.'",#	0	ngan-e	#	ngang	lang	mə	ngang	#	0	dava	ngə-tinak	ngən	#	məle	vəvat	moli	n	udu,#	0	1SG-QUOT	#	1SG	want	APPL	1SG	#	0	PURP_again	1SG.PST-request	1PL	#	rest	very	real	APPL	1PL,"I said, 'I want to ask (order) you (to go again), we will have a good rest.'",en,MORPHEME_ALIGNED,,jkpp_mp3 jkpp_wav jkpp_eaf jkpp_xml jkpp_tsv,,1430544,1435180,##	0.1:s_ds	other:pred	##ds	pro.1:dt_s	v:pred	rv	pro.1:s_sv	#ds_cc	0.1:a	other	v:pred	pro.2:p	#	v:pred	rv	rv	rv	pro.1:s_sv,,jkpp,∅	∅	∅	∅	∅	∅	∅	∅	∅	∅	∅	∅	∅	∅	∅	∅	∅	∅	∅,∅	3002	∅	∅	3002	∅	∅	3002	∅	3002	∅	∅	3112	∅	∅	∅	∅	∅	3104,∅	3002	∅	∅	3002	∅	∅	3002	∅	3002	∅	∅	3112	∅	∅	∅	∅	∅	3104
jkpp_0105,mctulil,"dumət mata məna ve lokmət ubət to bə lokmət idə ba du kabak, me du mətmət to məte apəvərai, atopiokpətəng to du venang na ləmatpəlak, o məna kəvənave ivat idə io malot kup nidə, o dumət mat.",#	0	du-mət	mat	=a	məna	ve	lokmət	u-bət	#	to	bə	lokmət	idə	ba	du	kabak	#	0	me	du	mətmət	#	0	to	məte	a-pəvərai	a-topiok	=pətəng	#	0	to	du-venang	n	=a	ləmat	=pəlak	#	o	məna	kəvənav	=e	i-vat	idə	#	io	malot	kup	n	=idə	#	0	0	o	du-mət	mat,#	0	1PL.PST-eat	get	=PAT	first	just	wet	3N-PROX2	#	SUB	ASP=	wet	3N	in	1PL.POSS	basket	#	0	and	1PL.POSS	food	#	0	REL	like	ART-singapore	ART-cassava	=PL.CL:SEG	#	0	REL	1PL.PST-venang	APPL	=PAT	coconut	=PL.CL:PIECE	#	TOP	first	rain	=SG.CL:FEM	3SG.F.PST-wet	3N	#	then	soft	thoroughly	APPL	=3N	#	0	0	TOP	1PL.PST-eat	get,"We ate wet food, they were wet in our basket, and our food like singapore, short tapiok that we ate with coconut scrapes, the rain poured on them then they were soft, those we ate.'",en,WORD_ALIGNED,,jkpp_mp3 jkpp_wav jkpp_eaf jkpp_xml jkpp_tsv,,1435180,1451350,##	0.1:a	v:pred	rv	=ln	ln	ln	np:p	rn	#	other	=other	other:pred	pro:s	adp	ln_pro.1:poss	np:other	##	0.1:a	other	ln_pro.1:poss	np:dt	#rc	0:s	other	adp	np:pred	rn_np	=rn	#rc	0.1:a	other	v:pred	rv	=ln	np:p	=rn	#	other	ln	np:a	=rn	v:pred	pro:p	#	other	v:pred	rv	rv	=pro:s_sv	#	0.1:a	0:p	other	v:pred	rv,,jkpp,∅	∅	∅	∅	∅	∅	∅	new	∅	∅	∅	∅	∅	∅	∅	∅	new	∅	∅	∅	∅	∅	∅	∅	∅	∅	∅	∅	∅	∅	∅	∅	∅	∅	∅	new	∅	∅	∅	∅	∅	∅	∅	∅	∅	∅	∅	∅	∅	∅	∅	∅	∅	∅	∅	∅,∅	3104	∅	∅	∅	∅	∅	3155	∅	∅	∅	∅	∅	3155	∅	3104	3156	∅	3104	∅	3104	3155	∅	3155	∅	∅	∅	∅	∅	∅	3104	∅	∅	∅	∅	3157	∅	∅	∅	∅	3119	∅	∅	3155	∅	∅	∅	∅	∅	3155	∅	3104	∅	∅	∅	∅,∅	3104	∅	∅	∅	∅	∅	3155	∅	∅	∅	∅	∅	3155	∅	3104	3156	∅	3104	∅	3104	3155	∅	3155	∅	∅	∅	∅	∅	∅	3104	∅	∅	∅	∅	3157	∅	∅	∅	∅	3119	∅	∅	3155	∅	∅	∅	∅	∅	3155	∅	3104	∅	∅	∅	∅
jkpp_0106,mctulil,"io, vənua, vareot udu io akəra va dukərtang, (nambə tri taim,) muləgəp magəvon.",#	io	vənu	=a	#	vareot	udu	#	0	io	akəra	va	du-kər	tang	muləgəp_magə	=von,#	then	sun	=SG.CL:MASC	#	long_time	1PL	#	0	then	just	again	1PL.PST-raise	REFL	three	=SG.CL:DIM,"then, sunny, we sat for a long time then we got up, for the third time.",en,MORPHEME_ALIGNED,,jkpp_mp3 jkpp_wav jkpp_eaf jkpp_xml jkpp_tsv,,1451350,1461018,##	other	np:predex	=rn	##	other:pred	pro.1:s	##	0.1:a	other	other	other	v:pred	refl.h:p	np:other	=rn,,jkpp,∅	∅	∅	∅	∅	∅	∅	∅	∅	∅	∅	∅	∅	∅	∅	∅,∅	∅	3126	∅	∅	∅	3104	∅	3104	∅	∅	∅	∅	3104	3150	∅,∅	∅	3126	∅	∅	∅	3104	∅	3104	∅	∅	∅	∅	3104	3150	∅
jkpp_0107,mctulil,"io, lətnudu nəbo, ava məgəttang konəng, ava ngəmu ngə katə mənu kəbərama, ava pələp o bə [INAUDIBLE] vəvat na, məte doto təvuna venang nandi, aka vələ to təvume vələ ba du təmək, o von to da var bəkəvənave me gəri me bərivua bə dame ba kət məna gəta da apuna təkənəmu o von to da var bədumerən bərivua kəbəkokup, to bəkori dutəm me bəvula.",#	io	lət	n	=udu	nə-bo	#	ava	məgət	tang	konəng	#	0	ava	ngə-mu	ngə=	katə	mənu	kəbəram	=a	#	ava	pələp	o	bə	[INAUDIBLE]	vəvat	n	=a	#	0	məte	doto	tə-vun(ə)	=a	venang	nandi	a-ka	=vələ	#	0	to	tə-vume	vələ	ba	du	təmək	%	o	von	to	da	var	bə=	kəvənav	=e	me	gəri	#	me	bərivu	=a	bə=	dame	bə=	a-kət	mən(ə)	=a	gət	=a	#	0	da	a-pun(ə)	=a	təkə=	nə-mu	#	0	o	von	to	da	var	bə=	du-merən	kəbəko(k)	kup	#	0	to	bə=	kori	du-təm	#	me	bə=	vul	=a,#	then	arrive	APPL	=1PL	LOC-UP	#	again	same_as	REFL	only	#	0	again	1SG.PST-put	1SG.POSS.INAL=	leg.PL	back_of	plant.sp.	=SG.CL:MASC	#	again	lightning	TOP	ASP=	NC	very	APPL	=SG.CL:MASC	#	0	like	when;if	3PL.PST-throw	=PAT	something	like_this	ART-iron_roof	=vələ	#	0	to	3PL.PST-hit	vələ	in	1PL.POSS	ear	%	TOP	3SG.DIM	SUB	PURP	also	ASP=	rain	=SG.CL:FEM	and	what	#	and	wind	=SG.CL:MASC	ASP=	SUBJ.PURP	ASP=	3SG.M.NPST-lift	off	=PAT	NSPEC	=SG.CL:MASC	#	0	PURP	3SG.M.NPST-throw	=3SG.M.PAT	to=	LOC-IN	#	0	TOP	3SG.DIM	REL	PURP	also	ASP=	1PL.PST-run	various	thoroughly	#	0	to	ASP=	NEG	1PL.PST-know	#	and	ASP=	night	=SG.CL:MASC,"then we arrived up there, ust the same, I put my legs (step) on the crawling plants, [UNCLEAR] like when they threw something like this, a piece of iron roof that they beated it close to our ears. at that time, the rain fell and what and the wind tried to lift one of us to throw there, at time when the wind blew we ran away in all directions because we didn't know (our ways) and it was dark.",en,WORD_ALIGNED,,jkpp_mp3 jkpp_wav jkpp_eaf jkpp_xml jkpp_tsv,,1461018,1492095,##	other	v:pred	rv	=pro.1:s_sv	other:g	##	other	other:pred	rv	rv	##	0.1:a	other	v:pred	=ln_pro.1:poss	np:p	adp	np:g	=rn	#nc	nc	nc_np	nc	nc	nc	nc	nc	nc	#	0.h:a	other	other	v:pred	=ln	np:p	other	np:appos	=rn	#	0.h:a	other	v:pred	pro:p	adp	ln_pro.1:poss	np:l	%	other	other	other	other	other	=other	np:predex	=rn	rn	rn_np	##	other	np:a	=rn	=other	other	=other	v:pred	rv	=ln	np:p	=rn	#	0:a	other	v:pred	=pro:p	=adp	other:g	#	0.1:s	other	other	other	other	other	=other	v:pred	rv	rv	#neg	0.1:s	other	=other	other	v:pred	#	other	=other	np:predex	=rn,,jkpp,∅	∅	∅	∅	∅	∅	∅	∅	∅	∅	∅	∅	∅	∅	∅	∅	∅	∅	∅	∅	∅	∅	∅	∅	∅	∅	∅	∅	∅	∅	new	∅	∅	∅	∅	∅	∅	new	∅	∅	∅	∅	∅	∅	∅	∅	bridging	∅	∅	∅	∅	∅	∅	∅	∅	∅	∅	∅	∅	∅	∅	∅	∅	∅	∅	∅	∅	∅	bridging	∅	∅	∅	∅	∅	∅	∅	∅	∅	∅	∅	∅	∅	∅	∅	∅	∅	∅	∅	∅	∅	∅	∅	∅	∅	∅	∅	∅	new	∅,∅	∅	∅	∅	3104	∅	∅	∅	∅	∅	∅	∅	3002	∅	∅	3002	3109	∅	3145	∅	∅	∅	3117	∅	∅	∅	∅	∅	∅	∅	3158	∅	∅	∅	∅	∅	∅	3159	∅	∅	3158	∅	∅	3159	∅	3104	3160	∅	∅	∅	∅	∅	∅	∅	3119	∅	∅	∅	∅	∅	3115	∅	∅	∅	∅	∅	∅	∅	3161	∅	∅	3115	∅	∅	3161	∅	∅	∅	3104	∅	∅	∅	∅	∅	∅	∅	∅	∅	∅	3104	∅	∅	∅	∅	∅	∅	∅	3162	∅,∅	∅	∅	∅	3104	∅	∅	∅	∅	∅	∅	∅	3002	∅	∅	3002	3109	∅	3145	∅	∅	∅	3117	∅	∅	∅	∅	∅	∅	∅	3158	∅	∅	∅	∅	∅	∅	3159	∅	∅	3158	∅	∅	3159	∅	3104	3160	∅	∅	∅	∅	∅	∅	∅	3119	∅	∅	∅	∅	∅	3115	∅	∅	∅	∅	∅	∅	∅	3161	∅	∅	3115	∅	∅	3161	∅	∅	∅	3104	∅	∅	∅	∅	∅	∅	∅	∅	∅	∅	3104	∅	∅	∅	∅	∅	∅	∅	3162	∅
jkpp_0108,mctulil,"io, do toktok na vətbət.",#	io	do	toktok	n	=a	vət-bət,#	then	here;now	end;last	APPL	=PAT	3SG.SEG-PROX2,then the story finished.,en,MORPHEME_ALIGNED,,jkpp_mp3 jkpp_wav jkpp_eaf jkpp_xml jkpp_tsv,,1492095,1496179,##	other	other	other:pred	rn	=ln	dem_pro:s,,jkpp,∅	∅	∅	∅	∅	∅	∅,∅	∅	∅	∅	∅	∅	∅,∅	∅	∅	∅	∅	∅	∅
jkpp_0109,mctulil,"io, duliu, o bədumətor vəvavon konəng, nəbət.",#	0	io	du-liu	#	0	o	bə=	du-mətor	vəvavon	konəng	nə-bət,#	0	then	1PL.PST-return	#	0	TOP	ASP=	1PL.PST-sit	quiet	only	LOC-PROX2,"then we came back, we just sat silently.",en,MORPHEME_ALIGNED,,jkpp_mp3 jkpp_wav jkpp_eaf jkpp_xml jkpp_tsv,,1496179,1503999,##	0.1:s	other	v:pred	#	0.1:s	other	=other	v:pred	rv	rv	other:l,,jkpp,∅	∅	∅	∅	∅	∅	∅	∅	∅	∅	∅	∅,∅	3104	∅	∅	∅	3104	∅	∅	∅	∅	∅	∅,∅	3104	∅	∅	∅	3104	∅	∅	∅	∅	∅	∅
jkpp_0110,mctulil,"nga bokbok uvi to ngəbokbok be vətbət to binəmənan, mərek.",#	nga	bokbok	u-vi	#	to	ngə-bokbok	be	vət-bət	#	to	b=	inə-mənan	mərek,#	1SG.POSS	talk	3N-PROX1	#	REL	1SG.PST-talk	at	3SG.SEG-PROX2	#	REL	ASP=	2PL.PST-listen	good,"This is my story, I talked about this part of story for you to listen, thanks.",en,MORPHEME_ALIGNED,,jkpp_mp3 jkpp_wav jkpp_eaf jkpp_xml jkpp_tsv,,1503999,1513473,#nc	nc	nc	nc	#nc	nc	nc	nc	nc	#nc	nc	nc	nc	nc,,jkpp,∅	∅	∅	∅	∅	∅	∅	∅	∅	∅	∅	∅	∅	∅,∅	∅	∅	∅	∅	∅	∅	∅	∅	∅	∅	∅	∅	∅,∅	∅	∅	∅	∅	∅	∅	∅	∅	∅	∅	∅	∅	∅
lnsl_0001,mctulil,(nganə-) nganəngar be apir bema evi mutəre.,#	ngan-əngar	be	a-pir	bem	=a	e-vi	mutər	=e,#	1SG.NPST-tell	at	ART-story	at	=PAT	3SG.F-PROX1	big_conch_shell	=SG.CL:FEM,I'm going to tell a story about this conch shell.,en,MORPHEME_ALIGNED,,lnsl_mp3 lnsl_wav lnsl_eaf lnsl_xml lnsl_tsv,,13802,19853,#nc	nc	nc	nc	nc	nc	nc	nc	nc,,lnsl,∅	∅	∅	∅	∅	∅	∅	∅	∅,∅	∅	∅	∅	∅	∅	∅	∅	∅,∅	∅	∅	∅	∅	∅	∅	∅	∅
lnsl_0002,mctulil,"ar bəvon kup, o evi mutəre o mənba tivən ne, ba (vokie ba-) voki ba tivən.",#	ar	bəvon	kup	o	e-vi	mutər	=e	o	mən=	ba	tivən	n	=e	ba	voki	ba	tivən,#	still	before	far	TOP	3SG.F-PROX1	big_conch_shell	=SG.CL:FEM	TOP	from=	in	stone	APPL	=3SG.F	in	hole	in	stone,"Long time ago, this conch shell is from the stones [living in the stones], in holes in the stones.",en,MORPHEME_ALIGNED,,lnsl_mp3 lnsl_wav lnsl_eaf lnsl_xml lnsl_tsv,,19853,29470,##	other	other:dt	rn	other	dem_other.d:dt_s	np.d:appos	=rn	other	=other	adp	np:pred	rn	=pro.d:s	adp	np:l	rn	rn_np,,lnsl,∅	∅	∅	∅	∅	new	∅	∅	∅	∅	∅	∅	∅	∅	∅	bridging	∅	bridging,∅	∅	∅	∅	∅	4001	4001	∅	∅	∅	∅	∅	∅	∅	∅	4002	∅	4003,∅	∅	∅	∅	∅	4001	4001	∅	∅	∅	∅	∅	∅	∅	∅	4002	∅	4003
lnsl_0003,mctulil,"vənu təgəta, o itek tang mənəmu, ba vokie tədəratəm da ittəlavənung.",#	0	vənu	təgət	=a	o	i-tek	tang	mən=	nə-mu	ba	voki	=e	tə=	dəratəm	#	0	da	i-təlavənung,#	0	day	one	=SG.CL:MASC	TOP	3SG.F.PST-get_up	REFL\RECP	from=	LOC-INSIDE\INLAND	in	hole	=SG.CL:FEM	TO=	outside	#	0	PURP	3SG.F.PST-dry_under_sun,"One day, she got up from inside there, (from) in the hole to outside, for her to dry herself.",en,MORPHEME_ALIGNED,,lnsl_mp3 lnsl_wav lnsl_eaf lnsl_xml lnsl_tsv,,29470,38790,##	0.d:a	np:dt	rn	=rn	other	v:pred	refl.d:p	=adp	dem_other	adp	np:l	=rn	=adp	other:g	#	0.d:s	other	v:pred,,lnsl,∅	∅	∅	∅	∅	∅	∅	∅	∅	∅	∅	∅	∅	∅	∅	∅	∅	∅	∅,∅	4001	∅	∅	∅	∅	∅	4001	∅	∅	∅	4002	∅	∅	∅	∅	4001	∅	∅,∅	4001	∅	∅	∅	∅	∅	4001	∅	∅	∅	4002	∅	∅	∅	∅	4001	∅	∅
lnsl_0004,mctulil,"nəbət to ittəlavənung, məlanga vətəre, nəbət to ittəlavənung.",#	#	0	nə-bət	to	i-təlavənung	%	məlang	=a	v-tər	=e	nə-bət	#	0	to	i-təlavənung,#	#	0	LOC-PROX2	REL	3SG.F.PST-dry_under_sun	%	african_lizard	=SG.CL:MASC	3SG.M.PST-come_to_meet	=3SG.F.PAT	LOC-PROX2	#	0	REL	3SG.F.PST-dry_under_sun,"When/where she was drying herself under the sun, the lizard met her, when/where she was drying.",en,MORPHEME_ALIGNED,,lnsl_mp3 lnsl_wav lnsl_eaf lnsl_xml lnsl_tsv,,38790,48172,##	#rc:dt	0.d:s	dem_pro:other	other	v:pred	%	np.d:a	=rn	v:pred	=pro.d:p	dem_other:l	#	0.d:s	other	v:pred,,lnsl,∅	∅	∅	∅	∅	∅	∅	new	∅	∅	∅	bridging	∅	∅	∅	∅,∅	∅	4001	∅	∅	∅	∅	4004	∅	∅	4001	4005	∅	4001	∅	∅,∅	∅	4001	∅	∅	∅	∅	4004	∅	∅	4001	4005	∅	4001	∅	∅
lnsl_0005,mctulil,"io vətire, ate, ""nging o mənəbi nə nging?""",#	0	io	və-tir	=e	at-e	#	nging	o	mən=	nə-bi	nə	nging,#	0	then	3SG.M.PST-ask	=3SG.F.PAT	3SG.M-QUOT	#	2SG	TOP	from=	LOC-where	APPL	2SG,"The he asked her he said, ""Where do you come from?""",en,MORPHEME_ALIGNED,,lnsl_mp3 lnsl_wav lnsl_eaf lnsl_xml lnsl_tsv,,48172,53325,##	0.d:a_ds	other	v:pred	=pro.d:p	other	##ds	pro.1:dt	other	=adp	intrg_other:pred	rn	pro.2:s,,lnsl,∅	∅	∅	∅	∅	∅	∅	∅	∅	∅	∅	∅	∅,∅	4004	∅	∅	4001	∅	∅	4001	∅	∅	∅	∅	4001,∅	4004	∅	∅	4001	∅	∅	4001	∅	∅	∅	∅	4001
lnsl_0006,mctulil,"ete, ""ava ngang o nga məngəda amu, ba vokie emu nəmu ba tivən.""",#	0	et-e	#	ava	ngang	o	nga	məngəd	=a	a-mu	ba	voki	=e	e-mu	nə-mu	ba	tivən,#	0	3SG.F-QUOT	#	just	1SG	TOP	1SG.POSS.AL	home	=SG.CL:MASC	3SG.M-INSIDE\INLAND	in	hole	=SG.CL:FEM	3SG.F-INSIDE\INLAND	LOC-INSIDE\INLAND	in	stone,"She said, ""As for me, my home is just in there, in the hole inside the stone.""",en,MORPHEME_ALIGNED,,lnsl_mp3 lnsl_wav lnsl_eaf lnsl_xml lnsl_tsv,,53325,60804,##	0.h:s_ds	other:pred	#ds	other	pro.1:dt	other	ln_pro.1:poss	np:s	=rn	dem_other:pred	adp	np:l	=rn	rn	rn	rn	rn_np,,lnsl,∅	∅	∅	∅	∅	∅	∅	∅	∅	∅	∅	∅	∅	∅	∅	∅	∅	∅,∅	4001	∅	∅	∅	4001	∅	4001	4002	∅	∅	∅	4002	∅	∅	∅	∅	4003,∅	4001	∅	∅	∅	4001	∅	4001	4002	∅	∅	∅	4002	∅	∅	∅	∅	4003
lnsl_0007,mctulil,"io iep itir liu tuka ete, ""me nging?""",#	io	iep	i-tir	liu	tuk	=a	et-e	#	me	nging,#	then	3SG.F	3SG.F.PST-ask	back	to	=3SG.M.PAT	3SG.F-QUOT	#	and	2SG,"Then she asked him back, she said, ""And you?""",en,MORPHEME_ALIGNED,,lnsl_mp3 lnsl_wav lnsl_eaf lnsl_xml lnsl_tsv,,60804,65611,##	other	pro.d:s	v:pred	rv	adp	=pro.d:obl	other	#nc	nc	nc_pro.2,,lnsl,∅	∅	∅	∅	∅	∅	∅	∅	∅	∅	∅,∅	∅	4001	∅	∅	∅	4004	∅	∅	∅	4004,∅	∅	4001	∅	∅	∅	4004	∅	∅	∅	4004
lnsl_0008,mctulil,"""nging o nginemengəp nəbi?""",#	0	nging	o	ngin-em~engəp	nə-bi,#	0	2SG	TOP	2SG.NPST-RED~sleep	LOC-where,"""Where do you sleep?""",en,MORPHEME_ALIGNED,,lnsl_mp3 lnsl_wav lnsl_eaf lnsl_xml lnsl_tsv,,65611,68260,##	0.2:s	pro.2:dt	other	v:pred	intrg_other:l,,lnsl,∅	∅	∅	∅	∅	∅,∅	4004	4004	∅	∅	∅,∅	4004	4004	∅	∅	∅
lnsl_0009,mctulil,"'ava ngang o nəbət konəng davə, avar ba vokie ebət.'",#	ava	0	ngang	o	nə-bət	konəng	davə	avar	ba	voki	=e	e-bət,#	just	0	1SG	TOP	LOC-PROX2	only	up	also	in	hole	=SG.CL:FEM	3SG.F-PROX2,"""I just live up there, also in the hole.""",en,MORPHEME_ALIGNED,,lnsl_mp3 lnsl_wav lnsl_eaf lnsl_xml lnsl_tsv,,68260,73146,##ds	other	0.1:s	pro.1:dt	other	dem_other:pred	rn	other	other	adp	np:l	=rn	rn,,lnsl,∅	∅	∅	∅	∅	∅	∅	∅	∅	∅	∅	∅	∅,∅	∅	4004	4004	∅	∅	∅	∅	∅	∅	4002	∅	∅,∅	∅	4004	4004	∅	∅	∅	∅	∅	∅	4002	∅	∅
lnsl_0010,mctulil,"ate, 'io, mərek.'",#	0	at-e	#	io	mərek,#	0	3SG.M-QUOT	#	then	good,"He said, ""Good.""",en,MORPHEME_ALIGNED,,lnsl_mp3 lnsl_wav lnsl_eaf lnsl_xml lnsl_tsv,,73146,76210,##	0.d:s	other:pred	##ds	other	other:pred,,lnsl,∅	∅	∅	∅	∅	∅,∅	4004	∅	∅	∅	∅,∅	4004	∅	∅	∅	∅
lnsl_0011,mctulil,'da nging o bə ngang nga vare nging.',#	da	nging	o	bə	ngang	nga	var	=e	nging,#	PURP	2SG	TOP	ASP	1SG	1SG.POSS.AL	friend	=SG.CL:FEM	2SG,"""I want you to be my friend.""",en,MORPHEME_ALIGNED,,lnsl_mp3 lnsl_wav lnsl_eaf lnsl_xml lnsl_tsv,,76210,79406,##ds	other	pro.2:dt_s	other	other	ln_pro.1:dt_poss	ln_pro.1:poss	np.d:pred	=rn	pro.2:s,,lnsl,∅	∅	∅	∅	∅	∅	∅	∅	∅	∅,∅	∅	4001	∅	∅	∅	4004	∅	∅	4001,∅	∅	4001	∅	∅	∅	4004	∅	∅	4001
lnsl_0012,mctulil,'da ngun o ləmləm ngun o do davə.',#	da	ngun	o	ləm~ləm	ngun	o	#	do	davə,#	PURP	1DL	TOP	RED~live	1DL	TOP	#	here;now	up,"""So that we can live here, up there.""",en,MORPHEME_ALIGNED,,lnsl_mp3 lnsl_wav lnsl_eaf lnsl_xml lnsl_tsv,,79406,82699,##ds	other	pro.1:dt	other	v:pred	pro.1:s_sv	other	#	other:pred	other:l,,lnsl,∅	∅	bridging	∅	∅	∅	∅	∅	∅	∅,∅	∅	4006	∅	∅	4006	∅	∅	∅	4002,∅	∅	4006	∅	∅	4006	∅	∅	∅	4002
lnsl_0013,mctulil,"ipəbokbok nandi, (o ava-) io idətərip ava vəda atorotel to ikər mənəmmə ba viuve, mənba ioi, təkənəbət tukip.",#	0	ipə-bokbok	nandi	#	io	idə-tər	ip	ava	vəda	a-torotel	#	0	to	i-kər	mən=	nə-m~mə	ba	viuv	=e	mən=	ba	ioi	təkə=	nə-bət	tuk	ip,#	0	3DL.M.PST-talk	like_this	#	then	3N.PST-surprise	3DL.M	again	for	ART-turtle	#	0	SUB	3SG.F.PST-climb	from=	LOC-RED~DOWN	in	sea	=SG.CL:FEM	from=	in	water	TO=	LOC-PROX2	to	3DL.M,"They were talking like this, it surpised them that a turtle that she climb up from the sea, from the water, to there to them.",en,MORPHEME_ALIGNED,,lnsl_mp3 lnsl_wav lnsl_eaf lnsl_xml lnsl_tsv,,82699,96952,##	0.d:s	v:pred	other	##	other	v:pred	pro.d:s_iv	other	adp	np.d:obl	#	0.d:s	other	v:pred	=adp	dem_other	adp	np:l	=rn	=adp	adp	np:dt_l	=adp	dem_other	adp	pro.d:g,,lnsl,∅	∅	∅	∅	∅	∅	∅	∅	∅	∅	new	∅	∅	∅	∅	∅	∅	∅	bridging	∅	∅	∅	∅	∅	∅	∅	∅,∅	4006	∅	∅	∅	∅	∅	4006	∅	∅	4007	∅	4007	∅	∅	∅	∅	∅	4008	∅	∅	∅	4008	∅	∅	∅	4006,∅	4006	∅	∅	∅	∅	∅	4006	∅	∅	4007	∅	4007	∅	∅	∅	∅	∅	4008	∅	∅	∅	4008	∅	∅	∅	4006
lnsl_0014,mctulil,(io itire-) ava itira evi.,#	0	ava	i-tir	=a	e-vi,#	0	again;also	3SG.F.PST-ask	=PAT	3SG.F-PROX1,She also asked her [the shell].,en,MORPHEME_ALIGNED,,lnsl_mp3 lnsl_wav lnsl_eaf lnsl_xml lnsl_tsv,,96952,101010,##	0.d:a	other	v:pred	=ln	dem_pro.d:p,,lnsl,∅	∅	∅	∅	∅	∅,∅	4007	∅	∅	∅	4001,∅	4007	∅	∅	∅	4001
lnsl_0015,mctulil,"'ah, nging o mənəbi nə nging?'",#	nging	o	mən=	nə-bi	nə	nging,#	2SG	TOP	from=	LOC-where	APPL	2SG,"""Ah, you, where do you come from?""",en,MORPHEME_ALIGNED,,lnsl_mp3 lnsl_wav lnsl_eaf lnsl_xml lnsl_tsv,,101010,102960,##ds	pro.2:dt_s	other	=adp	intrg_other:pred	rn	pro.2:s,,lnsl,∅	∅	∅	∅	∅	∅	∅,∅	4001	∅	∅	∅	∅	4001,∅	4001	∅	∅	∅	∅	4001
lnsl_0016,mctulil,"ete, 'ava ngang o mənəmu ko ba vokie emu, nga məngəda o amu.'",#	0	et-e	#	ava	ngang	o	mən=	nə-mu	konəng	ba	voki	=e	e-mu	#	nga	məngəd	=a	o	a-mu,#	0	3SG.F-QUOT	#	just	1SG	TOP	from=	LOC-INSIDE\INLAND	only	in	hole	=SG.CL:FEM	3SG.F-INSIDE\INLAND	#	1SG.POSS.AL	home	=SG.CL:MASC	TOP	3SG.M-INSIDE\INLAND,"She said, ""I'm just from in there inside that hole, my home is in there.""",en,MORPHEME_ALIGNED,,lnsl_mp3 lnsl_wav lnsl_eaf lnsl_xml lnsl_tsv,,102960,107318,##	0.d:s_ds	other:pred	#ds	other	pro.1:s	other	=adp	dem_other:pred_l	rn	rn	rn	=rn	rn	##ds	ln_pro.1:poss	np:s	=rn	other	dem_other:pred_l,,lnsl,∅	∅	∅	∅	∅	∅	∅	∅	∅	∅	∅	∅	∅	∅	∅	∅	∅	∅	∅	∅,∅	4001	∅	∅	∅	4001	∅	∅	∅	∅	∅	∅	∅	∅	∅	4001	4002	∅	∅	∅,∅	4001	∅	∅	∅	4001	∅	∅	∅	∅	∅	∅	∅	∅	∅	4001	4002	∅	∅	∅
lnsl_0017,mctulil,"ete, 'io mərek.'",#	0	et-e	#	io	mərek,#	0	3SG.F-QUOT	#	then	good,"She said, ""Good.""",en,MORPHEME_ALIGNED,,lnsl_mp3 lnsl_wav lnsl_eaf lnsl_xml lnsl_tsv,,107318,110570,##	0.d:s_ds	other:pred	#ds	other	other:pred,,lnsl,∅	∅	∅	∅	∅	∅,∅	4007	∅	∅	∅	∅,∅	4007	∅	∅	∅	∅
lnsl_0018,mctulil,"''da nging o bə ngang nga vare nging.""",#	da	nging	o	bə	ngang	nga	var	=e	nging,#	PURP	2SG	TOP	ASP	1SG	1SG.POSS.AL	friend	=SG.CL:FEM	2SG,"""I want you to be my friend.""",en,MORPHEME_ALIGNED,,lnsl_mp3 lnsl_wav lnsl_eaf lnsl_xml lnsl_tsv,,110570,113930,##ds	other	pro.2:dt_s	other	other	pro.1:dt_poss	ln_pro.1:poss	np.d:pred	=rn	pro.2:s,,lnsl,∅	∅	∅	∅	∅	∅	∅	∅	∅	∅,∅	∅	4001	∅	∅	∅	4007	∅	∅	4001,∅	∅	4001	∅	∅	∅	4007	∅	∅	4001
lnsl_0019,mctulil,"""məgət o ngun nganə nging, nəmmə təba ioi.""",#	məgət	o	ngun	nga-nə	nging	nə-m~mə	tə=	ba	ioi,#	today	TOP	1DL	1SG-COM	2SG	LOC-RED~DOWN	TO=	in	water,"""Today us, you and me, go down there to the water.""",en,MORPHEME_ALIGNED,,lnsl_mp3 lnsl_wav lnsl_eaf lnsl_xml lnsl_tsv,,113930,115997,##	other:dt	other	pro.1:dt_s	rn_pro.1	rn_pro.2	dem_other:pred	=adp	adp	np:g,,lnsl,∅	∅	∅	bridging	∅	∅	∅	∅	∅	∅,∅	∅	∅	4009	4007	4001	∅	∅	∅	4008,∅	∅	∅	4009	4007	4001	∅	∅	∅	4008
lnsl_0020,mctulil,"məlanga vənan nandi ate, ""oʔo kori.""",#	məlang	=a	və-nan	nandi	#	0	at-e	#	kori,#	african_lizard	=SG.CL:MASC	3SG.M.PST-hear\feel	like.this	#	0	3SG.M-QUOT	#	NEG,"The lizard heard this, he said, ""No.""",en,MORPHEME_ALIGNED,,lnsl_mp3 lnsl_wav lnsl_eaf lnsl_xml lnsl_tsv,,115997,120930,##	np.d:s	=rn	v:pred	other	##	0.d:s_ds	other	##ds	other:pred,,lnsl,∅	∅	∅	∅	∅	∅	∅	∅	∅	∅,∅	4004	∅	∅	∅	∅	4004	∅	∅	∅,∅	4004	∅	∅	∅	∅	4004	∅	∅	∅
lnsl_0021,mctulil,"""nəbət o avar ngang nga vare, to avar ngang kia ngəton təbeme.""",#	nə-bət	o	avar	ngang	nga	var	=e	#	to	avar	ngang	kia	ngə-ton	tə=	bem	=e,#	LOC-PROX2	TOP	still	1SG	1SG.POSS.AL	friend	=SG.CL:FEM	#	SUB	still	1SG	first	1SG.PST-look.at	TO=	at	=3SG.F.PAT,"""That is my friend, because I saw her first.""",en,MORPHEME_ALIGNED,,lnsl_mp3 lnsl_wav lnsl_eaf lnsl_xml lnsl_tsv,,120930,126113,##ds	dem_other:s	other	other	pro.1:dt_poss	ln_pro.1:poss	np.d:pred	=rn	#ds	other	other	pro.1:a	other	v:pred	=rv	rv	=pro.h:p,,lnsl,∅	∅	∅	∅	∅	∅	∅	∅	∅	∅	∅	∅	∅	∅	∅	∅	∅,∅	4001	∅	∅	∅	4004	∅	∅	∅	∅	∅	4004	∅	∅	∅	∅	4001,∅	4001	∅	∅	∅	4004	∅	∅	∅	∅	∅	4004	∅	∅	∅	∅	4001
lnsl_0022,mctulil,''ebət o da ngang nga vare təkədo davə.'',#	e-bət	o	da	ngang	nga	var	=e	təkə=	do	davə,#	3SG.F-PROX2	TOP	PURP	1SG	1SG.POSS.AL	friend	=SG.CL:FEM	TO=	here;now	up,"""She will be my friend to here up there.""",en,MORPHEME_ALIGNED,,lnsl_mp3 lnsl_wav lnsl_eaf lnsl_xml lnsl_tsv,,126113,129750,#ds	dem_other:dt	other	other	pro.1:dt_poss	ln_pro.1:poss	np.d:pred	=rn	=adp	other:l	rn,,lnsl,∅	∅	∅	∅	∅	∅	∅	∅	∅	∅	∅,∅	4001	∅	∅	∅	4004	∅	∅	∅	4002	∅,∅	4001	∅	∅	∅	4004	∅	∅	∅	4002	∅
lnsl_0023,mctulil,''da ngun o ləmləm ngun o do davə.'',#	da	ngun	o	ləm~ləm	ngun	#	o	do	davə,#	PURP	1DL	TOP	RED~live	1DL	#	TOP	here;now	up,"""We will live together here up there.""",en,MORPHEME_ALIGNED,,lnsl_mp3 lnsl_wav lnsl_eaf lnsl_xml lnsl_tsv,,129750,132796,##ds	other	pro.1:dt_s	other	v:pred	pro.1:s_sv	##ds	other	other:pred_l	rn,,lnsl,∅	∅	∅	∅	∅	∅	∅	∅	∅	∅,∅	∅	4006	∅	∅	4006	∅	∅	4002	∅,∅	∅	4006	∅	∅	4006	∅	∅	4002	∅
lnsl_0024,mctulil,"atorotel avar tədor ete, kori, da iep ve vare.",#	a-torotel	avar	tədor	#	0	et-e	#	kori	da	iep	ve	var	=e,#	ART-turtle	also	strong	#	0	3SG.F-QUOT	#	NEG	PURP	3SG.F	3SG.F.POSS.AL	friend	=SG.CL:FEM,"The turtle was also strong, she said, no, she was going to be her friend.",en,MORPHEME_ALIGNED,,lnsl_mp3 lnsl_wav lnsl_eaf lnsl_xml lnsl_tsv,,132796,138363,##	np.d:s	other	other:pred	##	0.d:s	other:pred	#cc.neg	other	other	pro.d:dt_poss	ln_pro.d:poss	np.d:pred	=rn,,lnsl,∅	∅	∅	∅	∅	∅	∅	∅	∅	∅	∅	∅	∅	∅,∅	4007	∅	∅	∅	4007	∅	∅	∅	∅	∅	4007	∅	∅,∅	4007	∅	∅	∅	4007	∅	∅	∅	∅	∅	4007	∅	∅
lnsl_0025,mctulil,da ləm bitəm mənəmə ba ioi.,#	da	ləm	vitəm	mən=	nə-mə	ba	ioi,#	PURP	live	3DL.F	from=	LOC-DWON	in	water,They will live from down there in the water.,en,MORPHEME_ALIGNED,,lnsl_mp3 lnsl_wav lnsl_eaf lnsl_xml lnsl_tsv,,138363,142006,##	other	v:pred	pro.d:s	=adp	dem_other	adp	np:l,,lnsl,∅	∅	∅	∅	∅	∅	∅	∅,∅	∅	∅	4009	∅	∅	∅	4008,∅	∅	∅	4009	∅	∅	∅	4008
lnsl_0026,mctulil,"mənəbət, məlanga vuna vənok da vətauk da ikiou.",#	mən=	nə-bət	məlang	=a	v-un	=a	və=	nok	#	0	da	və-tauk	da	i=	kiou,#	from=	LOC-PROX2	african_lizard	=SG.CL:MASC	3SG.M.PST-throw	=PAT	3SG.F.POSS.INAL=	hand	#	0	PURP	3SG.M.PST-grab	on	3SG.F.POSS.INAL=	mouth,"From then, the lizard threw his hand to grab her [= the conch shell's] mouth.",en,MORPHEME_ALIGNED,,lnsl_mp3 lnsl_wav lnsl_eaf lnsl_xml lnsl_tsv,,142006,145230,##	=adp	dem_other:dt	np.d:a	=rn	v:pred	=rv	=ln_pro.d:poss	np:p	#	0.d:s	other	v:pred	adp	=ln_pro.d:poss	np:g,,lnsl,∅	∅	∅	∅	∅	∅	∅	∅	bridging	∅	∅	∅	∅	∅	∅	bridging,∅	∅	∅	4004	∅	∅	∅	4004	4010	∅	4004	∅	∅	∅	4001	4011,∅	∅	∅	4004	∅	∅	∅	4004	4010	∅	4004	∅	∅	∅	4001	4011
lnsl_0027,mctulil,"vətauk do, (və)tauk do.",#	0	və-tauk	do	#	və-tauk	do,#	0	3SG.M.PST-grab	here;now	#	3SG.M.PST-grab	here;now,"He grabbed here, he grabbed here.",en,MORPHEME_ALIGNED,,lnsl_mp3 lnsl_wav lnsl_eaf lnsl_xml lnsl_tsv,,145230,148065,##	0.d:s	v:pred	other:g	##	v:pred	other:g,,lnsl,∅	∅	∅	∅	∅	∅	∅,∅	4004	∅	4011	∅	∅	4011,∅	4004	∅	4011	∅	∅	4011
lnsl_0028,mctulil,da baterən təpme.,#	0	da	b=	at-erən	təpm	=e,#	0	PURP	ASP=	3SG.M.NPST-run_away	with_on	=3SG.F.PAT,He wanted to run away with her.,en,MORPHEME_ALIGNED,,lnsl_mp3 lnsl_wav lnsl_eaf lnsl_xml lnsl_tsv,,148065,149846,##	0.d:s	other	=other	v:pred	adp	=pro.d:obl,,lnsl,∅	∅	∅	∅	∅	∅	∅,∅	4004	∅	∅	∅	∅	4001,∅	4004	∅	∅	∅	∅	4001
lnsl_0029,mctulil,atorotel ivuna inok o itauk mənədo.,#	a-torotel	i-vun	=a	i=	nok	o	#	0	i-tauk	mən=	nə-do,#	ART-turtle	3SG.F.PST-throw	=PAT	3SG.F.POSS.INAL=	hand	TOP	#	0	3SG.F.PST-grab	from=	LOC-here,"The turtle also threw her hand, she grabbed from here.",en,MORPHEME_ALIGNED,,lnsl_mp3 lnsl_wav lnsl_eaf lnsl_xml lnsl_tsv,,149846,153860,##	np.d:a	v:pred	=rv	=ln_pro.d:poss	np:p	other	#	0.d:s	v:pred	=adp	other:l,,lnsl,∅	∅	∅	∅	∅	bridging	∅	∅	∅	∅	∅	∅,∅	4007	∅	∅	4007	4012	∅	∅	4007	∅	∅	4011,∅	4007	∅	∅	4007	4012	∅	∅	4007	∅	∅	4011
lnsl_0030,mctulil,da bipərratmi ne.,#	0	da	b=	ipə-r~ratmi	n	=e,#	0	PURP	ASP=	3DL.M.PST-scramble_for	APPL	=3SG.F.PAT,The two was scrambling for her.,en,WORD_ALIGNED,,lnsl_mp3 lnsl_wav lnsl_eaf lnsl_xml lnsl_tsv,,153860,156465,##	0.d:a	other	=other	v:pred	rv	=np.d:p,,lnsl,∅	bridging	∅	∅	∅	∅	∅,∅	4013	∅	∅	∅	∅	4001,∅	4013	∅	∅	∅	∅	4001
lnsl_0031,mctulil,atorotel o avar tədor.,#	a-torotel	o	avar	tədor,#	turtle	TOP	also	strong,"The turtle was also strong,",en,WORD_ALIGNED,,lnsl_mp3 lnsl_wav lnsl_eaf lnsl_xml lnsl_tsv,,156465,158590,##	np.d:s	other	other	other:pred,,lnsl,∅	∅	∅	∅	∅,∅	4007	∅	∅	∅,∅	4007	∅	∅	∅
lnsl_0032,mctulil,məlanga avar tədor.,#	məlang	=a	avar	tədor,#	african_lizard	=SG.CL:MASC	also	strong,The lizard was also strong.,en,MORPHEME_ALIGNED,,lnsl_mp3 lnsl_wav lnsl_eaf lnsl_xml lnsl_tsv,,158590,160000,##	np.d:s	=rn	other	other:pred,,lnsl,∅	∅	∅	∅	∅,∅	4004	∅	∅	∅,∅	4004	∅	∅	∅
lnsl_0033,mctulil,me ippəppormi bərənme me ittauk təgət beme nandi me ipərratmi ne.,#	0	me	ip-pəp~pormi	bərənmə	=e	me	#	0	it-tauk	təgət	bem	=e	nandi	me	#	0	ipə-r~ratmi	n	=e,#	0	and	3DL.M.PST-RED~quarrel	above	=3SG.F.PAT	and	#	0	3DL.M.PST-grab	together	at	=3SG.F.PAT	like.this	and	#	0	3DL.M.PST-RED~scramble_for	APPL	=3SG.F.PAT,"And the two quarrelled over her, and they grabbed her together like this, and they were scrambling for her.",en,MORPHEME_ALIGNED,,lnsl_mp3 lnsl_wav lnsl_eaf lnsl_xml lnsl_tsv,,160000,163812,##	0.d:s	other	v:pred	adp	=pro.d:obl	other	##	0.d:s	v:pred	rv	adp	=pro.d:obl	other	other	##	0.d:a	v:pred	rv	=pro.d:p,,lnsl,∅	∅	∅	∅	∅	∅	∅	∅	∅	∅	∅	∅	∅	∅	∅	∅	∅	∅	∅	∅,∅	4013	∅	∅	∅	4001	∅	∅	4013	∅	∅	∅	4001	∅	∅	∅	4013	∅	∅	4001,∅	4013	∅	∅	∅	4001	∅	∅	4013	∅	∅	∅	4001	∅	∅	∅	4013	∅	∅	4001
lnsl_0034,mctulil,"ipərratmi ne nanbət, nanbət, nanbət, me kavar bidəpalət konəng na ikiova.",#	0	ipə-r~ratmi	n	=e	nanbət	nanbət	nanbət	me	#	kavar	bə	idə-palət	konəng	n	=a	i=	kiou	=a,#	0	3DL.M.PST-RED~scramble_for	APPL	=3SG.F.PAT	like.that	like.that	like.that	and	#	just_then	ASP	3N.PST-split	just	APPL	=PAT	3SG.F.POSS.INAL=	mouth	=SG.CL:MASC,"They were scrambling for her like that, like that, like that, and at that moment, her mouth just broke open.",en,MORPHEME_ALIGNED,,lnsl_mp3 lnsl_wav lnsl_eaf lnsl_xml lnsl_tsv,,163812,170836,##	0.d:a	v:pred	rv	=pro.d:p	other	nc	nc	other	##	other	other	v:pred	rv	rv	=ln	=ln_pro.d:poss	np:s_iv	=rn,,lnsl,∅	∅	∅	∅	∅	∅	∅	∅	∅	∅	∅	∅	∅	∅	∅	∅	∅	∅	∅,∅	4013	∅	∅	4001	∅	∅	∅	∅	∅	∅	∅	∅	∅	∅	∅	4001	4011	∅,∅	4013	∅	∅	4001	∅	∅	∅	∅	∅	∅	∅	∅	∅	∅	∅	4001	4011	∅
lnsl_0035,mctulil,idəpaləta do ikiova.,#	idə-palət	=a	do	i=	kiou	=a,#	3N.PST-split	=PAT	here;now	3SG.F.POSS.INAL=	mouth	=SG.CL:MASC,Her mouth broke open here.,en,MORPHEME_ALIGNED,,lnsl_mp3 lnsl_wav lnsl_eaf lnsl_xml lnsl_tsv,,170836,172779,##	v:pred	=ln	other	=ln_pro.d:poss	np:s_iv	=rn,,lnsl,∅	∅	∅	∅	∅	∅	∅,∅	∅	∅	∅	4001	4011	∅,∅	∅	∅	∅	4001	4011	∅
lnsl_0036,mctulil,idəmətiməti təvi da ikiova nandi to ipərratmi ne.,#	idə-mətiməti	təvi	da	i=	kiou	=a	nandi	#	0	to	ipə-r~ratmi	n	=e,#	3N.PST-gradually.open	gradually	on	3SG.F.POSS.INAL=	mouth	=SG.CL:MASC	like.this	#	0	SUB	3DL.M.PST-RED~quarrel	APPL	=3SG.F.PAT,Her mouth was gradually opening like this because they were scrambling for her.,en,MORPHEME_ALIGNED,,lnsl_mp3 lnsl_wav lnsl_eaf lnsl_xml lnsl_tsv,,172779,177027,##	v:pred	rv	rv	=ln_pro.d:poss	np:s_iv	=rn	other	#	0.d:a	other	v:pred	rv	=pro.d:p,,lnsl,∅	∅	∅	∅	∅	∅	∅	∅	∅	∅	∅	∅	∅	∅,∅	∅	∅	∅	4001	4011	∅	∅	∅	4013	∅	∅	∅	4001,∅	∅	∅	∅	4001	4011	∅	∅	∅	4013	∅	∅	∅	4001
lnsl_0037,mctulil,mata atorotel iton do to bə kəbərək to bidəpaləta ikiova.,#	mata	a-torotel	i-ton	do	#	0	to	bə	kəbərək	#	to	b=	idə-palət	=a	i=	kiou	=a,#	until	ART-turtle	3SG.F.PST-look.at	here;now	#	0	REL	ASP	blood	#	SUB	ASP=	3N.PST-split	=PAT	3SG.F.POSS.INAL=	mouth	=SG.CL:MASC,At that time the turtle saw here that there was blood because her mouth was broke open.,en,MORPHEME_ALIGNED,,lnsl_mp3 lnsl_wav lnsl_eaf lnsl_xml lnsl_tsv,,177027,184806,##	other	np.d:a	v:pred	other:p	#rc	0:s	other	other	np:pred	#	other	=other	v:pred	=ln	=ln_pro.d:poss	np:s_iv	=rn,,lnsl,∅	∅	∅	∅	∅	∅	∅	∅	∅	∅	∅	∅	∅	∅	∅	∅	∅	∅,∅	∅	4007	∅	4011	∅	4011	∅	∅	∅	∅	∅	∅	∅	∅	4001	4011	∅,∅	∅	4007	∅	4011	∅	4011	∅	∅	∅	∅	∅	∅	∅	∅	4001	4011	∅
lnsl_0038,mctulil,iraot pikət ko ne mənba məlanga vənok.,#	0	i-raot	pikət	konəng	n	=e	mən=	ba	məlang	=a	və=	nok,#	0	3SG.F.PST-pull	jerky	only	APPL	=3SG.F.PAT	from=	in	african_lizard	=SG.CL:MASC	3SG.F.POSS.INAL=	hand,She pulled in a jerk at her from the lizard's hand.,en,MORPHEME_ALIGNED,,lnsl_mp3 lnsl_wav lnsl_eaf lnsl_xml lnsl_tsv,,184806,188647,##	0.d:s	v:pred	rv	rv	adp	=pro.d:obl	=adp	adp	ln_np.d:poss	=ln	=ln_pro.d:poss	np:l,,lnsl,∅	∅	∅	∅	∅	∅	∅	∅	∅	∅	∅	∅	∅,∅	4007	∅	∅	∅	∅	4001	∅	∅	4004	∅	4004	4010,∅	4007	∅	∅	∅	∅	4001	∅	∅	4004	∅	4004	4010
lnsl_0039,mctulil,"(do)to da iraot pikət ne nandi, məlanga va kuvit idəkəreut do, do",#	#	0	doto	da	i-raot	pikət	n	=e	nandi	%	məlang	=a	va	kuvit	idə-kəreut	do	do,#	#	0	when	PURP	3SG.F.PST-pull	jerky	APPL	=3SG.F.PAT	like.this	%	african_lizard	=SG.CL:MASC	3SG.M.POSS.AL	claw	3N.PST-scratch	here;now	here;now,"When she pulled in a jerk at her like this, the lizard's claws scratched here.",en,MORPHEME_ALIGNED,,lnsl_mp3 lnsl_wav lnsl_eaf lnsl_xml lnsl_tsv,,188647,195182,##	#ac	0.d:s	other	other	v:pred	rv	adp	=pro.d:obl	other	%	ln_np.d:poss	=ln	ln_pro.d:poss	np:s	v:pred	other:l	nc,,lnsl,∅	∅	∅	∅	∅	∅	∅	∅	∅	∅	∅	∅	∅	∅	∅	∅	∅	∅,∅	∅	4007	∅	∅	∅	∅	∅	4001	∅	∅	4004	∅	4004	4010	∅	4011	∅,∅	∅	4007	∅	∅	∅	∅	∅	4001	∅	∅	4004	∅	4004	4010	∅	4011	∅
lnsl_0040,mctulil,do məlanga va kuvit uvi.,#	do	məlang	=a	va	kuvit	u-vi,#	here;now	african_lizard	=SG.CL:MASC	3SG.M.POSS.AL	claw	3N-PROX1,Here is the lizard's claws.,en,MORPHEME_ALIGNED,,lnsl_mp3 lnsl_wav lnsl_eaf lnsl_xml lnsl_tsv,,195182,197385,##	other:dt	ln_np.d:poss	=ln	ln_pro.d:poss	np:s	dem_other:pred_l,,lnsl,∅	∅	∅	∅	∅	∅	∅,∅	4011	4004	∅	4004	4010	∅,∅	4011	4004	∅	4004	4010	∅
lnsl_0041,mctulil,"me atorotel o inok o uvi, to dənma inok, do.",#	me	a-torotel	o	i=	nok	o	u-vi	#	to	dənm	=a	i=	nok	do,#	and	ART-turtle	TOP	3SG.F.POSS.INAL=	hand	TOP	3N-PROX1	#	SUB	print	=PAT	3SG.F.POSS.INAL=	hand	here;now,"And the turtle's hands are these, her handprints, here.",en,MORPHEME_ALIGNED,,lnsl_mp3 lnsl_wav lnsl_eaf lnsl_xml lnsl_tsv,,197385,202959,##	other	np.d:dt_poss	other	=ln_pro.d:poss	np:s	other	dem_other:pred	#	other	v:pred	=ln	=ln_pro.d:poss	np:s_sv	other:l,,lnsl,∅	∅	∅	∅	∅	∅	∅	∅	∅	∅	∅	∅	∅	∅	∅,∅	∅	4007	∅	4007	4012	∅	∅	∅	∅	∅	∅	4007	4012	4011,∅	∅	4007	∅	4007	4012	∅	∅	∅	∅	∅	∅	4007	4012	4011
lnsl_0042,mctulil,"io da təməgət, o atorotel imerən təpme təba ioi.",#	io	da	tə=	məgət	o	a-torotel	i-merən	təpm	=e	tə=	ba	ioi,#	then	PURP	TO=	today	TOP	ART-turtle	3SG.F.PST-run_away	with_on	=3SG.F.PAT	TO=	in	water,"Then until today, the turtle ran away with her into the water.",en,MORPHEME_ALIGNED,,lnsl_mp3 lnsl_wav lnsl_eaf lnsl_xml lnsl_tsv,,202959,209040,##	other	other	=adp	other:dt	other	np.d:s	v:pred	adp	=pro.d:obl	=adp	adp	np:g,,lnsl,∅	∅	∅	∅	∅	∅	∅	∅	∅	∅	∅	∅	∅,∅	∅	∅	∅	∅	∅	4007	∅	∅	4001	∅	∅	4008,∅	∅	∅	∅	∅	∅	4007	∅	∅	4001	∅	∅	4008
lnsl_0043,mctulil,"io, evi o məgət o bə ləmləme o bə ba ioi.",#	io	e-vi	o	məgət	o	bə	ləm~ləm	=e	o	bə	ba	ioi,#	then	3SG.F-PROX1	TOP	today	TOP	ASP	RED~live	=3SG.F.PAT	TOP	ASP	in	water,"Then, today she is living inside the water.",en,MORPHEME_ALIGNED,,lnsl_mp3 lnsl_wav lnsl_eaf lnsl_xml lnsl_tsv,,209040,213041,##	other	dem_other:dt_s	other	other:dt	other	other	v:pred	=pro.d:s_sv	other	other	adp	np:l,,lnsl,∅	∅	∅	∅	∅	∅	∅	∅	∅	∅	∅	∅	∅,∅	∅	4001	∅	∅	∅	∅	∅	4001	∅	∅	∅	4008,∅	∅	4001	∅	∅	∅	∅	∅	4001	∅	∅	∅	4008
lnsl_0044,mctulil,tove atorotel imerən təpme o təba ioi.,#	#	tove	a-torotel	i-merən	təpm	=e	%	o	tə=	ba	ioi,#	#	because	ART-turtle	3SG.F.PST-run_away	with_on	=3SG.F.PAT	%	TOP	TO=	in	water,"Because the turtle ran away with her, it was into the water.",en,MORPHEME_ALIGNED,,lnsl_mp3 lnsl_wav lnsl_eaf lnsl_xml lnsl_tsv,,213041,216602,##	#	other	np.d:s	v:pred	adp	=pro.d:obl	%	other	=adp	adp	np:pred_l,,lnsl,∅	∅	∅	∅	∅	∅	∅	∅	∅	∅	∅	∅,∅	∅	∅	4007	∅	∅	4001	∅	∅	∅	∅	∅,∅	∅	∅	4007	∅	∅	4001	∅	∅	∅	∅	∅
lnsl_0045,mctulil,"doto da atorotel imerən təpme mənəmbo, kori itəvat təpme gəmon.",#	#	doto	da	a-torotel	i-merən	təpm	=e	mən=	nə-m~bo	%	kori	0	i-təvat	təpm	=e	gəmon,#	#	when	PURP	ART-turtle	3SG.F.PST-run_away	with_on	=3SG.F.PAT	from=	LOC-RED~UP	%	NEG	0	3SG.F.PST-release	with_on	=3SG.F.PAT	near,"When the turtle ran away with her from up there, she didn't stop in a near place.",en,MORPHEME_ALIGNED,,lnsl_mp3 lnsl_wav lnsl_eaf lnsl_xml lnsl_tsv,,216602,221315,##neg	#ac	other	other	np.d:s	v:pred	adp	=pro.d:obl	=adp	dem_other:l	%	other	0.d:s	v:pred	adp	=pro.d:obl	other:l,,lnsl,∅	∅	∅	∅	∅	∅	∅	∅	∅	∅	∅	∅	∅	∅	∅	∅	∅,∅	∅	∅	∅	4007	∅	∅	4001	∅	4005	∅	∅	4007	∅	∅	4001	∅,∅	∅	∅	∅	4007	∅	∅	4001	∅	4005	∅	∅	4007	∅	∅	4001	∅
lnsl_0046,mctulil,"ar nəmmə kup təbe vət to da avar məlanga o bə kori ataup bə mate, ar bə maik moli, ba kəvukəvuk.",#	ar	nə-m~mə	kup	tə=	be	vət	#	0	to	da	avar	məlang	=a	o	bə	kori	a-taup	bə	mat	=e	#	ar	bə	maik	moli	ba	kəvukəvuk,#	still	LOC-RED~DOWN	far	TO=	at\about	3SG.PIECE	#	0	SUB	PURP	so	african_lizard	=SG.CL:MASC	TOP	ASP	NEG	3SG.M.NPST-hold	ASP	get	=3SG.F.PAT	#	still	ASP	far	really	in	deep.place(in.sea),"Still far down there to the place so that the lizard can't get hold of her, still really far, far into the deep sea.",en,MORPHEME_ALIGNED,,lnsl_mp3 lnsl_wav lnsl_eaf lnsl_xml lnsl_tsv,,221315,230730,##	other	dem_other	other	=adp	adp	cl_pro:pred_l	#rc.neg	0.d:a	other	other	other	np.d:dt_s	=rn	other	other	other	v:pred	rv	rv	=pro.d:p	##	other	other	other	other	adp	np:pred_l,,lnsl,∅	∅	∅	∅	∅	∅	∅	∅	∅	∅	∅	∅	∅	∅	∅	∅	∅	∅	∅	∅	∅	∅	∅	∅	∅	∅	∅	∅,∅	∅	∅	∅	∅	∅	∅	∅	4004	∅	∅	∅	4004	∅	∅	∅	∅	∅	∅	∅	4001	∅	∅	∅	∅	∅	∅	∅,∅	∅	∅	∅	∅	∅	∅	∅	4004	∅	∅	∅	4004	∅	∅	∅	∅	∅	∅	∅	4001	∅	∅	∅	∅	∅	∅	∅
lnsl_0047,mctulil,"doto da məgət to da ngibərəta evi, o to bə ngibərəte o bə ba ioi, ba tivən nəmə ba viuve, me davə o bə kori.",#	#	0	doto	da	məgət	to	da	ngi-bərət	=a	e-vi	%	o	to	bə	0	ngin-bərət	=e	o	#	bə	ba	ioi	ba	tivən	nə-mə	ba	viu	=e	#	me	davə	o	bə	kori,#	#	0	when	PURP	today	SUB	PURP	2SG.NPST-meet(Tolai)	=PAT	3SG.F-PROX1	%	TOP	SUB	ASP	0	2SG.NPST-meet(Tolai)	=3SG.F.PAT	TOP	#	ASP	in	water	in	stone	LOC-DOWN	in	sea	=SG.CL:FEM	#	and	up	TOP	ASP	NEG,"Today if you want to meet her, you meet her in the water, in the rock down there in the sea, but not up there.",en,MORPHEME_ALIGNED,,lnsl_mp3 lnsl_wav lnsl_eaf lnsl_xml lnsl_tsv,,230730,240435,##	#ac	0.2:a	other	other	other:dt	other	other	v:pred	=ln	dem_pro.d:p	%	other	other	other	0.2:a	v:pred	=pro.d:p	other	#	other	adp	np:pred_l	rn	rn	rn	rn	rn_np	=rn	#neg	other	other:s	other	other	other:pred,,lnsl,∅	∅	∅	∅	∅	∅	∅	∅	∅	∅	∅	∅	∅	∅	∅	∅	∅	∅	∅	∅	∅	∅	∅	∅	∅	∅	∅	∅	∅	∅	∅	∅	∅	∅	∅,∅	∅	∅	∅	∅	∅	∅	∅	∅	∅	4001	∅	∅	∅	∅	∅	∅	4001	∅	∅	∅	∅	∅	∅	∅	∅	∅	∅	∅	∅	∅	∅	∅	∅	∅,∅	∅	∅	∅	∅	∅	∅	∅	∅	∅	4001	∅	∅	∅	∅	∅	∅	4001	∅	∅	∅	∅	∅	∅	∅	∅	∅	∅	∅	∅	∅	∅	∅	∅	∅
lnsl_0048,mctulil,tove kəra mənu vəti to ipvi ipərratmi ne.,#	tove	kəra	mənu	vət	#	to	ip-vi	ipə-r~ratmi	n	=e,#	because	just.then	follow	3SG.PIECE	#	REL	3DL.M-PROX1	3DL.M.PST-RED~scamble_for	APPL	=3SG.F.PAT,Because it's according to the part of the story that the two scrambling for her.,en,MORPHEME_ALIGNED,,lnsl_mp3 lnsl_wav lnsl_eaf lnsl_xml lnsl_tsv,,240435,244703,##	other	other	adp	cl_pro:pred	#rc	other	dem_pro.d:a	v:pred	rv	=pro.d:p,,lnsl,∅	∅	∅	∅	∅	∅	∅	∅	∅	∅	∅,∅	∅	∅	∅	∅	∅	∅	4013	∅	∅	4001,∅	∅	∅	∅	∅	∅	∅	4013	∅	∅	4001
lnsl_0049,mctulil,"io məgət, doto da (də-) gəta da nginata go mutəre, o tatamat idə doto bidəngəp.",#	io	məgət	#	0	doto	da	ngin-at	=a	go	mutər	=e	%	o	0	tat-a~mat	idə	#	0	doto	b=	idə-ngəp,#	then	today	#	0	when	PURP	2SG.NPST-get	=PAT	NSPEC	big_conch_shell	=SG.CL:FEM	%	TOP	0	3PL.HUM.NPST-RED~get	3N	#	0	when	ASP=	3N.PST-die,"Then today, when someone, you want to get some shell, they get them when they die.",en,MORPHEME_ALIGNED,,lnsl_mp3 lnsl_wav lnsl_eaf lnsl_xml lnsl_tsv,,244703,253580,##	other	other:dt	#ac	0.1:a	other	other	v:pred	=ln	ln	np:p	=rn	%	other	0.h:a	v:pred	pro:p	#ac	0:s	other	=other	v:pred,,lnsl,∅	∅	∅	∅	∅	∅	∅	∅	∅	∅	∅	∅	∅	∅	∅	∅	∅	∅	∅	∅	∅	∅,∅	∅	∅	∅	∅	∅	∅	∅	∅	∅	∅	∅	∅	∅	∅	∅	∅	∅	∅	∅	∅	∅,∅	∅	∅	∅	∅	∅	∅	∅	∅	∅	∅	∅	∅	∅	∅	∅	∅	∅	∅	∅	∅	∅
lnsl_0050,mctulil,"ba doto məte tatela vətə ba ioi io taton təbeme, io tatate.",#	ba	#	0	doto	məte	ta-tel	=a	vətə	ba	ioi	%	io	0	ta-ton	tə=	bem	=e	#	0	io	ta-mat	=e,#	or	#	0	when	like	3PL.HUM.NPST-search	=PAT	meat	in	water	%	then	0	3PL.HUM.NPST-look_at	TO=	at	=3SG.F.PAT	#	0	then	3PL.HUM.NPST-get	=3SG.F.PAT,"Or when they search meat in the water, they see it, they get it.",en,MORPHEME_ALIGNED,,lnsl_mp3 lnsl_wav lnsl_eaf lnsl_xml lnsl_tsv,,253580,260874,##	other	#ac	0.h:a	other	other	v:pred	=ln	np:p	adp	np:l	%	other	0.h:s	v:pred	=adp	adp	=pro.h:obl	##	0.h:a	other	v:pred	=pro:p,,lnsl,∅	∅	∅	∅	∅	∅	∅	∅	∅	∅	∅	∅	∅	∅	∅	∅	∅	∅	∅	∅	∅	∅	∅,∅	∅	∅	∅	∅	∅	∅	∅	∅	∅	∅	∅	∅	∅	∅	∅	∅	∅	∅	∅	∅	∅	∅,∅	∅	∅	∅	∅	∅	∅	∅	∅	∅	∅	∅	∅	∅	∅	∅	∅	∅	∅	∅	∅	∅	∅
lnsl_0051,mctulil,"evi o tatəməta vətə mənəmu bəme, o tatəmət.",#	e-vi	o	#	0	tat-əm~ət	=a	vətə	mən=	nə-mu	bəm	=e	%	o	0	tat-əm~ət,#	3SG.F-PROX1	TOP	#	0	3PL.HUM.NPST-RED~eat	=PAT	meat	from=	LOC-IN	inside	=3SG.F.PAT	%	TOP	0	3PL.HUM.NPST-RED~eat,"This one, they eat meat from inside it, they eat (it).",en,MORPHEME_ALIGNED,,lnsl_mp3 lnsl_wav lnsl_eaf lnsl_xml lnsl_tsv,,260874,265724,##	dem_other:dt	other	#	0.h:a	v:pred	=ln	np:p	=rn	rn	rn	rn	%	other	0.h:s	v:pred,,lnsl,∅	∅	∅	∅	∅	∅	∅	∅	∅	∅	∅	∅	∅	∅	∅	∅,∅	∅	∅	∅	∅	∅	∅	∅	∅	∅	∅	∅	∅	∅	∅	∅,∅	∅	∅	∅	∅	∅	∅	∅	∅	∅	∅	∅	∅	∅	∅	∅
lnsl_0052,mctulil,"io tatate, məgət o udu (da mat-) da mat idə o təda mmatme, uvi o avar idəmətor be mmatme.",#	io	ta-mat	=e	#	məgət	o	udu	da	mat	idə	#	o	təda	m~matme	u-vi	o	avar	idə-mətor	be	m~matme,#	then	3PL.HUM.NPST-get	=3SG.F.PAT	#	today	TOP	1PL	PURP	get	3N	#	TOP	for.use	RED~work	3N-PROX1	TOP	also	3N.PST-sit	at\about	RED~work,"Then they get it, today we get them for work, these still exist in work.",en,MORPHEME_ALIGNED,,lnsl_mp3 lnsl_wav lnsl_eaf lnsl_xml lnsl_tsv,,265724,273751,#nc	nc	nc	nc	#nc	nc	nc	nc	nc	nc	nc	#nc	nc	nc	nc	nc	nc	nc	nc	nc	nc,,lnsl,∅	∅	∅	∅	∅	∅	∅	∅	∅	∅	∅	∅	∅	∅	∅	∅	∅	∅	∅	∅	∅,∅	∅	∅	∅	∅	∅	∅	∅	∅	∅	∅	∅	∅	∅	∅	∅	∅	∅	∅	∅	∅,∅	∅	∅	∅	∅	∅	∅	∅	∅	∅	∅	∅	∅	∅	∅	∅	∅	∅	∅	∅	∅
lnsl_0053,mctulil,"təda kula kəletuak, me ttak bem tang, pon nogət na men, me be atade o tatate o tapəlok do na vərita avi, tatu vərita do beme, da təda pon.",#	təda	kul	=a	kəletuak	me	t~tak	bemə	tang	pon	nogət	n	=a	men	#	me	be	atad	=e	o	#	ta-mat	=e	#	o	ta-pəlok	do	n	=a	vərit	=a	a-vi	#	tat-u	vərit	=a	do	bem(ə)	=e	#	da	təda	pon,#	for.use	buy	=PAT	woman.PL	and	RED~call	at	REFL\RECP	blow	first	APPL	=PAT	dance	#	and	at\about	church	=SG.CL:FEM	TOP	#	3PL.HUM.NPST-get	=3SG.F.PAT	#	TOP	3PL.HUM.NPST-pierce.through	here;now	APPL	=PAT	little_hole	=PAT	3SG.M-PROX1	#	3PL.HUM.NPST-put	little_hole	=SG.CL:MASC	here;now	at	=3SG.F.PAT	#	PURP	for.use	blow,"For buying women, and calling each other, blow first at the dance, and at church events, they get it and they pierce this small hole, they put a small hole here on it, for blowing [i.e. playing].",en,MORPHEME_ALIGNED,,lnsl_mp3 lnsl_wav lnsl_eaf lnsl_xml lnsl_tsv,,273751,294490,#nc	nc	nc	nc	nc	nc	nc	nc	nc	nc	nc	nc	nc	nc	#nc	nc	nc	nc	nc	nc	#nc	nc	nc	#nc	nc	nc	nc	nc	nc	nc	nc	nc	#nc	nc	nc	nc	nc	nc	nc	#nc	nc	nc	nc,,lnsl,∅	∅	∅	∅	∅	∅	∅	∅	∅	∅	∅	∅	∅	∅	∅	∅	∅	∅	∅	∅	∅	∅	∅	∅	∅	∅	∅	∅	∅	∅	∅	∅	∅	∅	∅	∅	∅	∅	∅	∅	∅	∅	∅,∅	∅	∅	∅	∅	∅	∅	∅	∅	∅	∅	∅	∅	∅	∅	∅	∅	∅	∅	∅	∅	∅	∅	∅	∅	∅	∅	∅	∅	∅	∅	∅	∅	∅	∅	∅	∅	∅	∅	∅	∅	∅	∅,∅	∅	∅	∅	∅	∅	∅	∅	∅	∅	∅	∅	∅	∅	∅	∅	∅	∅	∅	∅	∅	∅	∅	∅	∅	∅	∅	∅	∅	∅	∅	∅	∅	∅	∅	∅	∅	∅	∅	∅	∅	∅	∅
lnsl_0054,mctulil,"io doto da ngibone, o ngibəvone nandi.",#	io	#	doto	da	ngi-bon	=e	#	o	ngin-bə~von	=e	nandi,#	then	#	when	PURP	2SG.NPST-blow	=3SG.F.PAT	#	TOP	2SG.NPST-RED~blow	=3SG.F.PAT	like.this,"Then when you want to blow it, you blow like this.",en,MORPHEME_ALIGNED,,lnsl_mp3 lnsl_wav lnsl_eaf lnsl_xml lnsl_tsv,,294490,300100,#nc	nc	#nc	nc	nc	nc	nc	#nc	nc	nc	nc	nc,,lnsl,∅	∅	∅	∅	∅	∅	∅	∅	∅	∅	∅	∅,∅	∅	∅	∅	∅	∅	∅	∅	∅	∅	∅	∅,∅	∅	∅	∅	∅	∅	∅	∅	∅	∅	∅	∅
lnsl_0055,mctulil,[shell sounds],NC,NC,[shell sounds],en,MORPHEME_ALIGNED,,lnsl_mp3 lnsl_wav lnsl_eaf lnsl_xml lnsl_tsv,,300100,333860,nc,,lnsl,∅,∅,∅
lnsl_0056,mctulil,"o do o doto təba atade, o tapəvon nandi.",#	o	do	o	doto	tə=	ba	atad	=e	#	o	ta-pə~von	nandi,#	TOP	here;now	TOP	when	TO=	in	church	=3SG.F.PAT	#	TOP	3PL.HUM.NPST-RED~blow	like.this,"This is when for church event, they blow like this.",en,MORPHEME_ALIGNED,,lnsl_mp3 lnsl_wav lnsl_eaf lnsl_xml lnsl_tsv,,333860,339530,#nc	nc	nc	nc	nc	nc	nc	nc	nc	#nc	nc	nc	nc,,lnsl,∅	∅	∅	∅	∅	∅	∅	∅	∅	∅	∅	∅	∅,∅	∅	∅	∅	∅	∅	∅	∅	∅	∅	∅	∅	∅,∅	∅	∅	∅	∅	∅	∅	∅	∅	∅	∅	∅	∅
lnsl_0057,mctulil,"me doto da dəkula kəletuak ba go vakue, o dəpone nandi.",#	me	#	doto	da	də-kul	=a	kəletuak	ba	go	vak	=e	#	o	də-pon	=e	nandi,#	and	#	when	PURP	1PL.NPST-buy	=PAT	woman.PL	or	NSPEC	wife	=SG.CL:FEM	#	TOP	1PL.NPST-blow	=SG.CL:FEM	like.this,"And when we want to buy wives or some wife, we blow like this.",en,MORPHEME_ALIGNED,,lnsl_mp3 lnsl_wav lnsl_eaf lnsl_xml lnsl_tsv,,339530,346497,#nc	nc	#nc	nc	nc	nc	nc	nc	nc	nc	nc	nc	#nc	nc	nc	nc	nc,,lnsl,∅	∅	∅	∅	∅	∅	∅	∅	∅	∅	∅	∅	∅	∅	∅	∅	∅,∅	∅	∅	∅	∅	∅	∅	∅	∅	∅	∅	∅	∅	∅	∅	∅	∅,∅	∅	∅	∅	∅	∅	∅	∅	∅	∅	∅	∅	∅	∅	∅	∅	∅
lnsl_0058,mctulil,[shell sounds],NC,NC,[shell sounds],en,MORPHEME_ALIGNED,,lnsl_mp3 lnsl_wav lnsl_eaf lnsl_xml lnsl_tsv,,346497,367158,nc,,lnsl,∅,∅,∅
lnsl_0059,mctulil,"nandi, o do doto təda kula kəletuak, ba pon nogət ne na men, o dəpone nandi.",#	nandi	o	#	do	doto	təda	kul	=a	kəletuak	ba	pon	nogət	n	=e	n	=a	men	#	o	də-pon	=e	nandi,#	like.this	TOP	#	here;now	when	for.use	buy	=PAT	woman.PL	or	blow	first	APPL	=3SG.F.PAT	APPL	=PAT	dance	#	TOP	1PL.NPST-blow	=3SG.F.PAT	like.this,"Like this, this is when for buying wives, or play first at the dance, we blow like this.",en,MORPHEME_ALIGNED,,lnsl_mp3 lnsl_wav lnsl_eaf lnsl_xml lnsl_tsv,,367158,375800,#nc	nc	nc	#nc	nc	nc	nc	nc	nc	nc	nc	nc	nc	nc	nc	nc	nc	nc	#nc	nc	nc	nc	nc,,lnsl,∅	∅	∅	∅	∅	∅	∅	∅	∅	∅	∅	∅	∅	∅	∅	∅	∅	∅	∅	∅	∅	∅	∅,∅	∅	∅	∅	∅	∅	∅	∅	∅	∅	∅	∅	∅	∅	∅	∅	∅	∅	∅	∅	∅	∅	∅,∅	∅	∅	∅	∅	∅	∅	∅	∅	∅	∅	∅	∅	∅	∅	∅	∅	∅	∅	∅	∅	∅	∅
lnsl_0060,mctulil,"toktok konəng do, nəbət o apir ubət bema mutəre.",#	toktok	konəng	do	#	nə-bət	o	a-pir	u-bət	bem	=a	mutər	e,#	end	only	here;now	#	LOC-PROX2	TOP	ART-story	3N-PROX2	at	=PAT	big_conch_shell	=3SG.F.PAT,"This is the end, that is a story about the shell.",en,WORD_ALIGNED,,lnsl_mp3 lnsl_wav lnsl_eaf lnsl_xml lnsl_tsv,,375800,381806,#nc	nc	nc	nc	#nc	nc	nc	nc	nc	nc	nc	nc	nc,,lnsl,∅	∅	∅	∅	∅	∅	∅	∅	∅	∅	∅	∅	∅,∅	∅	∅	∅	∅	∅	∅	∅	∅	∅	∅	∅	∅,∅	∅	∅	∅	∅	∅	∅	∅	∅	∅	∅	∅	∅
lrdw_0001,mctulil,"mərek vəvat bətma Mr. Mark me va ləidi, kori ngətəma ve itəne.",#	mərek	vəvat	bətm	=a	Mr Mark	me	va	ləidi	#	kori	#	ngə-təm	=a	ve	itən	=e,#	good	very	with	=PAT	Mr_Mark	and	3SG.M.POSS	lady	#	NEG	#	1SG.PST-know	=PAT	3SG.F.POSS	name	=SG.CL:FEM,"Thank you Mr Mark and his lady, I don't know her name.",en,MORPHEME_ALIGNED,,lrdw_mp3 lrdw_wav lrdw_eaf lrdw_xml lrdw_tsv,,14440,24204,#nc	nc	nc	nc	nc	nc	nc	nc	nc	#nc	nc	#nc	nc	nc	nc	nc	nc,,lrdw,∅	∅	∅	∅	∅	∅	∅	∅	∅	∅	∅	∅	∅	∅	∅	∅	∅,∅	∅	∅	∅	∅	∅	∅	∅	∅	∅	∅	∅	∅	∅	∅	∅	∅,∅	∅	∅	∅	∅	∅	∅	∅	∅	∅	∅	∅	∅	∅	∅	∅	∅
lrdw_0002,mctulil,mərek vəvat.,#	mərek	vəvat,#	good	very,Thank you.,en,MORPHEME_ALIGNED,,lrdw_mp3 lrdw_wav lrdw_eaf lrdw_xml lrdw_tsv,,24204,25840,#nc	nc	nc,,lrdw,∅	∅	∅,∅	∅	∅,∅	∅	∅
lrdw_0003,mctulil,do nganəngar be apir be kəvova ana tudəka.,#	do	#	ngan-əngar	be	a-pir	be	kəvov	=a	a-n	=a	tudək	=a,#	here;now	#	1SG.NPST-say	at	ART-story	at	dog	=SG.CL:MASC	3SG.M-with	=PAT	wallaby	=SG.CL:MASC,now I'm going to tell a story about dog and wallaby.,en,MORPHEME_ALIGNED,,lrdw_mp3 lrdw_wav lrdw_eaf lrdw_xml lrdw_tsv,,25840,32563,#nc	nc	#nc	nc	nc	nc	nc	nc	nc	nc	nc	nc	nc,,lrdw,∅	∅	∅	∅	∅	∅	∅	∅	∅	∅	∅	∅	∅,∅	∅	∅	∅	∅	∅	∅	∅	∅	∅	∅	∅	∅,∅	∅	∅	∅	∅	∅	∅	∅	∅	∅	∅	∅	∅
lrdw_0004,mctulil,"kəvova ana tudəka o bəvon o ip o məgət tang ip, to ipəppi na mərkəm balakətəria.",#	kəvov	=a	a-n	=a	tudək	=a	o	bəvon	o	ip	o	məgət	tang	ip	#	0	to	ipə-p~pi	n	=a	mərkəm	balakətəria,#	dog	=SG.CL:MASC	3SG.M-COM	=PAT	wallaby	=SG.CL:MASC	TOP	before	TOP	3DL.M	TOP	like	REFL	3DL.M	#	0	SUB	3DL.M.PST-RED~go;walk	with	=PAT	leg	four,"before, dog and wallaby were the same, that they walked with four legs.",en,MORPHEME_ALIGNED,,lrdw_mp3 lrdw_wav lrdw_eaf lrdw_xml lrdw_tsv,,32563,43672,##	np.d:dt_s	=rn	rn	=rn	rn_np.d	=rn	other	other:dt	other	pro.d:s	other	adp	refl.d:pred	rn_pro.d	#	0.d:s	other	v:pred	adp	=ln	np:obl	rn,,lrdw,∅	new	∅	∅	∅	new	∅	∅	∅	∅	bridging	∅	∅	∅	∅	∅	∅	∅	∅	∅	∅	bridging	∅,∅	5001	∅	∅	∅	5002	∅	∅	∅	∅	5003	∅	∅	∅	∅	∅	5003	∅	∅	∅	∅	5004	∅,∅	5001	∅	∅	∅	5002	∅	∅	∅	∅	5003	∅	∅	∅	∅	∅	5003	∅	∅	∅	∅	5004	∅
lrdw_0005,mctulil,"navonbət, kəvova ana tudəka o kəvova va var məreka tudəka.",#	navonbət	kəvov	=a	a-n	=a	tudək	=a	o	kəvov	=a	va	var	mərek	=a	tudək	=a,#	like_that	dog	=SG.CL:MASC	3SG.M-with	=PAT	wallaby	=SG.CL:MASC	TOP	dog	=SG.CL:MASC	3SG.M.POSS	friend	good	=SG.CL:MASC	wallaby	=SG.CL:MASC,"like that, the dog's good friend is wallaby.",en,MORPHEME_ALIGNED,,lrdw_mp3 lrdw_wav lrdw_eaf lrdw_xml lrdw_tsv,,43672,50118,##	other	np.d:dt	=rn	rn	=rn	rn_np.d	=rn	other	ln_np.d:poss	=ln	ln_pro.d:poss	np:s	rn	=rn	np.d:pred	=rn,,lrdw,∅	∅	∅	∅	∅	∅	∅	∅	∅	∅	∅	∅	∅	∅	∅	∅	∅,∅	∅	5001	∅	∅	∅	5002	∅	∅	5001	∅	5001	5002	∅	∅	∅	∅,∅	∅	5001	∅	∅	∅	5002	∅	∅	5001	∅	5001	5002	∅	∅	∅	∅
lrdw_0006,mctulil,"vəti təgəvon o kəvova vəngar tuka tudəka ate, 'ləi, abo, da nguteltel ba viuve, ngutnanət.' navondi.",#	vəti	təgə	=von	o	kəvov	=a	v-əngar	tuk	=a	tudək	=a	ate	#	ləi	a-bo	0	da	ngu-teltel	ba	viuv	=e	#	0	ngut-nanət	navodi,#	day	one	=von	TOP	dog	=SG.CL:MASC	3SG.M.PST-say	give	=PAT	wallaby	=SG.CL:MASC	3SG.M-QUOT	#	ləi	3SG.M-UP	0	PURP	1DL.NPST-wander	in	sea	=SG.CL:FEM	#	0	1DL.NPST-swim	like_this,"one day, dog said to wallaby, 'ləi, you there, let's wander in the sea, we will swim.' like this.",en,WORD_ALIGNED,,lrdw_mp3 lrdw_wav lrdw_eaf lrdw_xml lrdw_tsv,,50118,63574,##	np:dt	rn	=rn	other	np.d:s_ds	=ln	v:pred	adp	=ln	np.d:obl	=rn	other	##ds	other	dem_pro.2:voc	0.1:s	other	v:pred	adp	np:l	=rn	##ds	0.1:s	v:pred	other,,lrdw,∅	∅	∅	∅	∅	∅	∅	∅	∅	∅	∅	∅	∅	∅	∅	∅	∅	∅	∅	∅	new	∅	∅	∅	∅	∅,∅	∅	∅	∅	∅	5001	∅	∅	∅	∅	5002	∅	∅	∅	∅	5002	5003	∅	∅	∅	5005	∅	∅	5003	∅	∅,∅	∅	∅	∅	∅	5001	∅	∅	∅	∅	5002	∅	∅	∅	∅	5002	5003	∅	∅	∅	5005	∅	∅	5003	∅	∅
lrdw_0007,mctulil,"tudəka vəngar ate, 'məie ngang o kori ngətəm mərek na nanət.'",#	tudək	=a	v-əngar	at-e	#	0	məie	ngang	o	kori	ngə-təm	mərek	n	=a	nanət,#	wallaby	=SG.CL:MASC	3SG.M.PST-say	3SG.M-QUOT	#	0	but	1SG	TOP	NEG	1SG.PST-know	good	APPL	=PAT	swim,"wallaby said, 'but I don't know well about swimming'",en,MORPHEME_ALIGNED,,lrdw_mp3 lrdw_wav lrdw_eaf lrdw_xml lrdw_tsv,,63574,67465,##	np.d:s_ds	=rn	v:pred	other	##ds.neg	0.1:a	other	pro.1:dt_s	other	other	v:pred	rv	rv	=ln	np:p,,lrdw,∅	∅	∅	∅	∅	∅	∅	∅	∅	∅	∅	∅	∅	∅	∅	bridging,∅	5002	∅	∅	∅	∅	5002	∅	5002	∅	∅	∅	∅	∅	∅	5006,∅	5002	∅	∅	∅	∅	5002	∅	5002	∅	∅	∅	∅	∅	∅	5006
lrdw_0008,mctulil,"kəvova ate, 'oh va nganume nging, me be vətivon nonbət to da ngunumumə təba viuve, da ngutnanət o ngire ngi go ragum, ngire ngi go mətmət; me ngang avar ngare nga go mətmət, da doto ngutnanət me varvar ngun nəmumə bəro to ngutanəng kup nətang ba viuve o ar ngunure təgət na ngunu mətmət.'",#	kəvov	=a	at-e	#	0	0	oh	va	ngan-ume	nging	#	me	be	vəti	=von	non-bət	#	0	to	da	ngunu-mumə	tə=	ba	viuv	=e	#	0	da	ngut-nanət	%	o	0	ngi-re	ngi	go	ragum	#	0	ngi-re	ngi	go	mətmət	#	me	ngang	avar	nga-re	nga	go	mətmət	#	0	da	doto	ngut-nanət	me	#	varvar	ngun	nə-mumə	bəro	#	0	to	ngut-anəng	kup	nə	tang	ba	viuv	=e	#	0	o	ar	ngunu-re	təgət	n	=a	ngunu	mətmət,#	dog	=SG.CL:MASC	3SG.M-QUOT	#	0	0	oh	still;again	1SG.NPST-tell	2SG	#	and	at	day	=von	3SG.DIM-PROX2	#	0	REL	PURP	1DL-DOWN.FAR	to=	in	sea	=SG.CL:FEM	#	0	PURP	1DL.NPST-swim	%	TOP	0	2SG.NPST-carry	2SG.POSS	NSPEC	green	#	0	2SG.NPST-carry	2SG.POSS	NSPEC	food	#	and	1SG	also	1SG.NPST-carry	1SG.POSS	NSPEC	food	#	0	PURP	when;if	1DL.NPST-swim	and	#	happy	1DL	LOC-DOWN.FAR	at_creek	#	0	SUB	1DL.NPST-run	through	APPL	REFL	in	sea	=SG.CL:FEM	#	0	TOP	still	1DL.NPST-carry	together	APPL	=PAT	1DL.POSS	food,"the dog said, 'oh I'll teach you, [ava] and on that day we will go down to the sea, let's swim and you carry some greens, you carry your greens, you carry your greens, and I will also carry some food, so when we swim we are happy in the water, we will chase each other everywhere, (ngunure [PST]) we 've already brought the food together with us.",en,MORPHEME_ALIGNED,,lrdw_mp3 lrdw_wav lrdw_eaf lrdw_xml lrdw_tsv,,67465,90512,##	np.d:s_ds	=ln	other:pred	#ds	0.1:a	0:p2	other	other	v:pred	pro.2:p	##ds	other	adp	np:dt	=rn	rn	#rc_purp	0.1:s	other	other	dem_other:pred	=adp	adp	np:g	=rn	#ac_purp	0.1:s	other	v:pred	%	other	0.2:a	v:pred	ln_pro.2:poss	ln	np:p	##ds	0.2:a	v:pred	ln_pro.2:poss	ln	np:p	##ds	other	pro.1:a	other	v:pred	ln_pro.1:poss	ln	np:p	#ac_purp	0.1:s	other	other	v:pred	other	#	other:pred	pro.1:s_sv	other	np:l	#	0.1:a	other	v:pred	rv	rv	refl.d:p	adp	np:l	=rn	#	0.1:a	other	other	v:pred	rv	rv	=ln	ln_pro.1:poss	np:p,,lrdw,∅	∅	∅	∅	∅	∅	∅	∅	∅	∅	∅	∅	∅	∅	∅	∅	∅	∅	∅	∅	∅	∅	∅	∅	∅	∅	∅	∅	∅	∅	∅	∅	∅	∅	∅	∅	new	∅	∅	∅	∅	∅	∅	∅	∅	∅	∅	∅	∅	∅	bridging	∅	∅	∅	∅	∅	∅	∅	∅	∅	∅	new	∅	∅	∅	∅	∅	∅	∅	∅	∅	∅	∅	∅	∅	∅	∅	∅	∅	∅	∅	bridging,∅	5001	∅	∅	∅	5001	5006	∅	∅	∅	5002	∅	∅	∅	∅	∅	∅	∅	5001	∅	∅	∅	∅	∅	5005	∅	∅	5001	∅	∅	∅	∅	∅	∅	5002	∅	5007	∅	5002	∅	5002	∅	5007	∅	∅	5001	∅	∅	5001	∅	5008	∅	5001	∅	∅	∅	∅	∅	∅	5003	∅	5009	∅	5003	∅	∅	∅	∅	5003	∅	5005	∅	∅	5003	∅	∅	∅	∅	∅	∅	5003	5010,∅	5001	∅	∅	∅	5001	5006	∅	∅	∅	5002	∅	∅	∅	∅	∅	∅	∅	5001	∅	∅	∅	∅	∅	5005	∅	∅	5001	∅	∅	∅	∅	∅	∅	5002	∅	5007	∅	5002	∅	5002	∅	5007	∅	∅	5001	∅	∅	5001	∅	5008	∅	5001	∅	∅	∅	∅	∅	∅	5003	∅	5009	∅	5003	∅	∅	∅	∅	5003	∅	5005	∅	∅	5003	∅	∅	∅	∅	∅	∅	5003	5010
lrdw_0009,mctulil,"bə be vətivon von to ikgun da bipvi təba rumi nətang terma viuve, o kəvova o kori vəre go təreuk, kori vəre va go mətmət, me vət mat konəng terma tuka, na avar iap va mətmət, idə to atəmət idə terma tuk, navodi.",#	bə	be	vəti	=von	#	0	von	to	ik-gun	#	0	da	b=	ip-vi	tə=	ba	rumi	nə	tang	term	=a	viuv	=e	%	o	kəvov	=a	o	kori	0	və-re	go	təreuk	#	0	kori	və-re	va	go	mətmət	#	0	0	me	v-ət	mat	konəng	term	=a	tuk	=a	n	=a	avar	iap	va	mətmət	#	0	idə	to	at-ə~mət	idə	term	=a	tuk	navodi,#	ASP	at	day	=von	#	0	von	REL	3DL.M.PST-count	#	0	PURP	ASP=	3DL.M.PST-	to=	in	meeting	APPL	REFL	beside	=PAT	viuv	=SG.CL:FEM	%	TOP	dog	=SG.CL:MASC	TOP	NEG	0	3SG.M.PST-carry	NSPEC	thing.PL	#	0	NEG	3SG.M.PST-carry	3SG.M.POSS	NSPEC	food	#	0	0	and	3SG.M.PST-eat	finish	only	beside	=PAT	road	=SG.CL:MASC	APPL	=PAT	also	3SG.M	3SG.M.POSS	food	#	0	3N	REL	3SG.M.NPST-RED~eat	3N	beside	=PAT	road	like_this,"on that day they planned, they walked [PST] to the meeting place, the dog didn't carry anything, he didin't carry his food; but he already ate next to road; those that he ususally eat.",en,WORD_ALIGNED,,lrdw_mp3 lrdw_wav lrdw_eaf lrdw_xml lrdw_tsv,,90512,110040,##neg	other	adp	np:dt	=rn	#rc	0.d:s	other	other	v:pred	#cc_purp	0.d:s	other	=other	v:pred	=adp	adp	np:g	nc	nc	nc	nc	nc	=rn	%	other	np.d:dt_a	=rn	other	other	0.d:a	v:pred	ln	np:p	##neg	0.d:a	other	v:pred	ln_pro.d:poss	ln	np:p	##	0.d:a	0:p	other	v:pred	rv	rv	adp	=ln	np:l	=rn	adp	=ln	ln	ln_pro.d:poss	ln_pro.d	np:dt_p	#rc	0.d:a	pro:dt_p	other	v:pred	pro:p	adp	=ln	np:l	other,,lrdw,∅	∅	∅	bridging	∅	∅	∅	∅	∅	∅	∅	∅	∅	∅	∅	∅	∅	bridging	∅	∅	∅	∅	∅	∅	∅	∅	∅	∅	∅	∅	∅	∅	∅	∅	∅	∅	∅	∅	∅	∅	∅	∅	∅	∅	∅	∅	∅	∅	∅	∅	new	∅	∅	∅	∅	∅	∅	∅	∅	∅	∅	∅	∅	∅	∅	∅	∅	∅,∅	∅	∅	5011	∅	∅	5003	∅	∅	∅	∅	5003	∅	∅	∅	∅	∅	5012	∅	∅	∅	∅	∅	∅	∅	∅	5001	∅	∅	∅	5003	∅	∅	∅	∅	5001	∅	∅	5001	∅	5008	∅	5001	5008	∅	∅	∅	∅	∅	∅	5013	∅	∅	∅	∅	5001	∅	5008	∅	5001	5008	∅	∅	5008	∅	∅	5013	∅,∅	∅	∅	5011	∅	∅	5003	∅	∅	∅	∅	5003	∅	∅	∅	∅	∅	5012	∅	∅	∅	∅	∅	∅	∅	∅	5001	∅	∅	∅	5003	∅	∅	∅	∅	5001	∅	∅	5001	∅	5008	∅	5001	5008	∅	∅	∅	∅	∅	∅	5013	∅	∅	∅	∅	5001	∅	5008	∅	5001	5008	∅	∅	5008	∅	∅	5013	∅
lrdw_0010,mctulil,"me, tudəka o vəre təvai, me təbək me kətəbek me kəluma, to vərək mat idə.",#	0	me	tudək	=a	o	və-re	təvai	me	təbək	me	kətəbek	me	kəlum	=a	#	0	to	və-rək	mat	idə,#	0	and	wallaby	=SG.CL:MASC	TOP	3SG.M.PST-carry	green.sp.	and	green.sp.	and	green.sp.	and	green.sp.	=SG.CL:MASC	#	0	REL	3SG.M.PST-pick	finish	3N,"and the wallaby carried təvai, təbək [a bush like təvai, not consumed by people], and kətəbek, those he picked.",en,MORPHEME_ALIGNED,,lrdw_mp3 lrdw_wav lrdw_eaf lrdw_xml lrdw_tsv,,110040,121901,##	0.d:a	other	np:dt_a	=rn	other	v:pred	np:p	nc	nc	nc	nc	nc	nc	=rn	#rc	0.d:a	other	v:pred	rv	pro:p,,lrdw,∅	∅	∅	∅	∅	∅	∅	∅	∅	∅	∅	∅	∅	∅	∅	∅	∅	∅	∅	∅	∅,∅	5002	∅	5002	∅	∅	∅	5007	∅	∅	∅	∅	∅	∅	∅	∅	5002	∅	∅	∅	5007,∅	5002	∅	5002	∅	∅	∅	5007	∅	∅	∅	∅	∅	∅	∅	∅	5002	∅	∅	∅	5007
lrdw_0011,mctulil,io vəre idə.,#	0	io	və-re	idə,#	0	then	3SG.M.PST-carry	3N,then he carried them.,en,MORPHEME_ALIGNED,,lrdw_mp3 lrdw_wav lrdw_eaf lrdw_xml lrdw_tsv,,121901,123457,##	0.d:a	other	v:pred	pro:p,,lrdw,∅	∅	∅	∅	∅,∅	5002	∅	∅	5007,∅	5002	∅	∅	5007
lrdw_0012,mctulil,"io, avi tudəka o ve atəməta mətmət to ləm, io iap o vəre uvi, təvaia, me kətəbek, me kəlum.",#	io	a-vi	tudək	=a	o	#	0	ve	at-ə~mət	=a	mətmət	#	0	to	ləm	%	io	iap	o	0	və-re	u-vi	təvai	=a	me	kətəbek	me	kəlum,#	then	3SG.M-PROX1	wallaby	=SG.CL:MASC	TOP	#	0	because	3SG.M.NPST-RED~eat	=PAT	food	#	0	REL	raw	%	then	3SG.M	TOP	0	3SG.M.PST-carry	3N-PROX1	green.sp.	=SG.CL:MASC	and	green.sp.	and	green.sp.,"then, wallaby because [ve - tove] he usually eats raw food, təvaia (one roll), kətəbek and kəlum.",en,MORPHEME_ALIGNED,,lrdw_mp3 lrdw_wav lrdw_eaf lrdw_xml lrdw_tsv,,123457,139670,##	other	dem_pro.d:dt_a	np.d:appos	=rn	other	#ac	0.d:a	other	v:pred	=ln	np:p	#rc	0:s	other	np:pred	%	other	pro.d:dt_a	other	0.d:a	v:pred	dem_pro:p	np:appos	=rn	nc	nc	nc	nc,,lrdw,∅	∅	∅	∅	∅	∅	∅	∅	∅	∅	∅	bridging	∅	∅	∅	∅	∅	∅	∅	∅	∅	∅	∅	∅	∅	∅	∅	∅	∅,∅	∅	5002	5002	∅	∅	∅	5002	∅	∅	∅	5014	∅	5014	∅	∅	∅	∅	5002	∅	5002	∅	5007	5007	∅	∅	∅	∅	∅,∅	∅	5002	5002	∅	∅	∅	5002	∅	∅	∅	5014	∅	5014	∅	∅	∅	∅	5002	∅	5002	∅	5007	5007	∅	∅	∅	∅	∅
lrdw_0013,mctulil,"io, vəre idə təkənəmu me va vara, kəvova kori vəre go təreuk, iap o vət mat konəng, navodi, to var kori vən ma go vətəvon da are va go tone, iap o vət mat konəng na mətmət terma tuk, navodi, idə to avar iap va mətmət.",#	0	io	və-re	idə	təkə=	nə-mu	#	me	va	var	=a	kəvov	=a	kori	və-re	go	təreuk	#	0	iap	o	v-ət	mat	konəng	navodi	#	0	to	var	kori	v-ən-m	=a	go	vətə	=von	#	0	da	a-re	va	go	ton	=e	#	0	iap	o	v-ət	mat	konəng	n	=a	mətmət	term	=a	tuk	navodi	#	idə	to	avar	iap	va	mətmət,#	0	then	3SG.M.PST-carry	3N	to=	LOC-IN	#	and	3SG.M.POSS	friend	=SG.CL:MASC	dog	=SG.CL:MASC	NEG	3SG.M.PST-carry	NSPEC	thing.PL	#	0	3SG.M	TOP	3SG.M.PST-eat	finish	only	like_this	#	0	SUB	also	NEG	3SG.M.PST-hit-APPL	=PAT	NSPEC	meat	=SG.CL:DIM	#	0	PURP	3SG.M.NPST-carry	3SG.M.POSS	NSPEC	bone	=SG.CL:FEM	#	0	3SG.M	TOP	3SG.M.PST-eat	mat	only	APPL	=PAT	food	beside	=PAT	road	like_this	#	3N	REL	also	3SG.M	3SG.M.POSS	food,"then he carried them there [viuve], but his friend the dog didn't carry anything, he already ate, because he didn't kill any animals for him to carry [his] some bones, he already ate food next to road, those that is just his food.",en,MORPHEME_ALIGNED,,lrdw_mp3 lrdw_wav lrdw_eaf lrdw_xml lrdw_tsv,,139670,157885,##	0.d:a	other	v:pred	pro:p	=adp	dem_other:g	##neg	other	ln_pro.d:poss	np.d:a	=rn	np.d:appos	=rn	other	v:pred	ln	np:p	##	0.d:s	pro.d:dt_s	other	v:pred	rv	rv	other	#neg	0.d:a	other	other	other	v:pred	=ln	ln	np:p	=rn	#rc_purp	0.d:a	other	v:pred	ln_pro.d:poss	ln	np:p	=rn	##	0.d:a	pro.d:dt_s	other	v:pred	rv	rv	rv	=ln	np:p	adp	=ln	np:l	other	#rc	pro:s	other	other	ln_pro.d:poss	ln_pro.d:poss	np:pred,,lrdw,∅	∅	∅	∅	∅	∅	∅	∅	∅	∅	∅	∅	∅	∅	∅	∅	∅	∅	∅	∅	∅	∅	∅	∅	∅	∅	∅	∅	∅	∅	∅	∅	∅	∅	∅	∅	∅	∅	∅	∅	∅	∅	∅	∅	∅	∅	∅	∅	∅	∅	∅	∅	∅	∅	∅	∅	∅	∅	∅	∅	∅	∅	∅	∅	∅,∅	5002	∅	∅	5007	∅	5012	∅	∅	5002	5001	∅	5001	∅	∅	∅	∅	∅	∅	5002	5002	∅	∅	∅	∅	∅	∅	5002	∅	∅	∅	∅	∅	∅	∅	∅	∅	5001	∅	∅	5001	∅	5008	∅	∅	5001	5001	∅	∅	∅	∅	∅	∅	5008	∅	∅	5013	∅	∅	5008	∅	∅	5001	5001	∅,∅	5002	∅	∅	5007	∅	5012	∅	∅	5002	5001	∅	5001	∅	∅	∅	∅	∅	∅	5002	5002	∅	∅	∅	∅	∅	∅	5002	∅	∅	∅	∅	∅	∅	∅	∅	∅	5001	∅	∅	5001	∅	5008	∅	∅	5001	5001	∅	∅	∅	∅	∅	∅	5008	∅	∅	5013	∅	∅	5008	∅	∅	5001	5001	∅
lrdw_0014,mctulil,"bələtnip, io, tudəka vətira kəvova ate, 'ləi, abo, ava nging o mətmət ubi? to ngang o ngəre nga raguma avi.'",#	bə=	lət	n	=ip	#	io	tudək	=a	və-tir	=a	kəvov	=a	at-e	#	ləi	a-bo	ava	nging	o	mətmət	u-bi	#	to	ngang	o	ngə-re	nga	ragum	=a	a-vi,#	ASP=	arrive-APPL	APPL	=3DL.M	#	then	wallaby	=SG.CL:MASC	3SG.M.PST-ask	=PAT	dog	=SG.CL:MASC	3SG.M-QUOT	#	ləi	3SG.M-UP	still	2SG	TOP	food	3N-where	#	SUB	1SG	TOP	1SG.PST-carry	1SG.POSS	greens	=SG.CL:MASC	3SG.M-PROX1,"they arrived, then, wallaby asked dog, 'ləi, you, where's your food? because I carried my greens.'",en,WORD_ALIGNED,,lrdw_mp3 lrdw_wav lrdw_eaf lrdw_xml lrdw_tsv,,157885,170349,##	=other	v:pred	rv	=pro.d:s_sv	##	other	np.d:a	=rn	v:pred	=ln	np.d:p	=rn	other	##ds	other	pro.2:voc	other	pro.2:dt	other	np:s	intrg_other:pred	#ds	other	pro.1:a	other	v:pred	ln_pro.1:poss	np:p	=rn	rn,,lrdw,∅	∅	∅	∅	∅	∅	∅	∅	∅	∅	∅	∅	∅	∅	∅	∅	∅	∅	∅	∅	∅	∅	∅	∅	∅	∅	∅	∅	∅	∅	∅,∅	∅	∅	∅	5003	∅	∅	5002	∅	∅	∅	5001	∅	∅	∅	∅	5001	∅	5001	∅	5008	∅	∅	∅	5002	∅	∅	5002	5007	∅	∅,∅	∅	∅	∅	5003	∅	∅	5002	∅	∅	∅	5001	∅	∅	∅	∅	5001	∅	5001	∅	5008	∅	∅	∅	5002	∅	∅	5002	5007	∅	∅
lrdw_0015,mctulil,"io kəvova vəngar ate, 'ngang o ngəmət mat konəng, nəvibo konəng terma tuka, mətmət konəng.' navodi.",#	io	kəvov	=a	v-əngar	at-e	#	0	ngang	o	ngə-mət	mat	konəng	nə-vibo	konəng	term	=a	tuk	=a	mətmət	konəng	navodi,#	then	dog	=SG.CL:MASC	3SG.M.PST-say	3SG.M-QUOT	#	0	1SG	TOP	1SG.PST-eat	finish	only	LOC-UP.NEAR	only	beside	=SG.CL:MASC	road	=SG.CL:MASC	food	only	like_this,"then the dog said, 'I already ate, there next to road, just food'. like this.",en,MORPHEME_ALIGNED,,lrdw_mp3 lrdw_wav lrdw_eaf lrdw_xml lrdw_tsv,,170349,179576,##	other	np.d:s_ds	=rn	v:pred	other	##ds	0.1:s	pro.1:dt_s	other	v:pred	rv	rv	dem_other	other	adp	=ln	np:l	=rn	np:dt	rn	rn,,lrdw,∅	∅	∅	∅	∅	∅	∅	∅	∅	∅	∅	∅	∅	∅	∅	∅	∅	∅	∅	∅	∅	∅,∅	∅	5001	∅	∅	∅	∅	5001	5001	∅	∅	∅	∅	∅	∅	∅	∅	5013	∅	5008	∅	∅,∅	∅	5001	∅	∅	∅	∅	5001	5001	∅	∅	∅	∅	∅	∅	∅	∅	5013	∅	5008	∅	∅
lrdw_0016,mctulil,"'me nging o bə ngire ngi mətmət ubət to ngang o kori nganəməta ubət to ubət to ləm, me nging o ve nginəməta ləm, io ngire kəlum, me təvai, me kətəbek.'",#	0	me	nging	o	bə	ngire	ngi	mətmət	u-bət	#	0	to	ngang	o	kori	ngan-ə~mət	=a	u-bət	#	to	u-bət	o	ləm	#	0	me	nging	o	ve	ngin-ə~mət	=a	ləm	#	0	io	ngi-re	kəlum	me	təvai	me	kətəbek,#	0	and	2SG	TOP	ASP	2SG.PST-carry	2SG.POSS	food	3N-PROX2	#	0	REL	1SG	TOP	NEG	1SG.NPST-RED~eat	=PAT	3N-PROX2	#	SUB	3N-PROX2	TOP	raw	#	0	and	2SG	TOP	because	2SG.NPST-RED~eat	=PAT	raw	#	0	then	2SG.NPST-carry	green.sp.	and	green.sp.	and	green.sp.,"'and you carried your food that I don't eat these because these are raw, and you [ve: tove] because you eat raw food, you carried kəlum and təvai and kətəbek.'",en,WORD_ALIGNED,,lrdw_mp3 lrdw_wav lrdw_eaf lrdw_xml lrdw_tsv,,179576,189700,##ds	0.2:a	other	pro.2:dt_a	other	other	v:pred	ln_pro.2:poss	np:p	rn	#ds_rc	0.1:a	other	pro.1:dt_a	other	other	v:pred	=ln	dem_pro:p	#ds	other	dem_pro:s	other	np:pred	#ds	0.2:a	other	pro.2:dt_a	other	other	v:pred	=ln	np:p	##ds	0.2:a	other	v:pred	np:p	rn	rn_np	rn	rn_np,,lrdw,∅	∅	∅	∅	∅	∅	∅	∅	∅	∅	∅	∅	∅	∅	∅	∅	∅	∅	∅	∅	∅	∅	∅	∅	∅	∅	∅	∅	∅	∅	∅	∅	∅	∅	∅	∅	∅	∅	∅	∅	∅	∅,∅	5002	∅	5002	∅	∅	∅	5002	5007	∅	∅	5001	∅	5001	∅	∅	∅	∅	5007	∅	∅	5007	∅	∅	∅	5002	∅	5002	∅	∅	∅	∅	5014	∅	5002	∅	∅	5007	∅	∅	∅	∅,∅	5002	∅	5002	∅	∅	∅	5002	5007	∅	∅	5001	∅	5001	∅	∅	∅	∅	5007	∅	∅	5007	∅	∅	∅	5002	∅	5002	∅	∅	∅	∅	5014	∅	5002	∅	∅	5007	∅	∅	∅	∅
lrdw_0017,mctulil,'io do bə ngutatme da gəri?',#	0	io	do	bə	ngut-atme	da	gəri,#	0	then	here;now	ASP	1DL.NPST-do	PURP	what,'so now what will we do?' [tudəka],en,MORPHEME_ALIGNED,,lrdw_mp3 lrdw_wav lrdw_eaf lrdw_xml lrdw_tsv,,189700,192012,##ds	0.1:a	other	other:dt	other	v:pred	rv	intrg_other:p,,lrdw,∅	∅	∅	∅	∅	∅	∅	∅,∅	5003	∅	∅	∅	∅	∅	∅,∅	5003	∅	∅	∅	∅	∅	∅
lrdw_0018,mctulil,"kəvova ate, 'oh nguturən', nandi, 'turən ba viuve.'",#	kəvov	=a	at-e	#	0	oh	ngu-turən	nandi	#	turən	ba	viuv	=e,#	dog	=SG.CL:MASC	3SG.M-QUOT	#	0	oh	1DL.NPST-wash	like_this	#	wash	in	sea	=SG.CL:FEM,"dog said, 'oh let's wash ourselves', like this, 'wash in the sea.'",en,MORPHEME_ALIGNED,,lrdw_mp3 lrdw_wav lrdw_eaf lrdw_xml lrdw_tsv,,192012,196510,##	np.d:s_ds	=rn	other:pred	##ds	0.1:s	other	v:pred	other	##ds	vother:pred	adp	np:l	=rn,,lrdw,∅	∅	∅	∅	∅	∅	∅	∅	∅	∅	∅	∅	∅	∅,∅	5001	∅	∅	∅	5003	∅	∅	∅	∅	∅	∅	5005	∅,∅	5001	∅	∅	∅	5003	∅	∅	∅	∅	∅	∅	5005	∅
lrdw_0019,mctulil,io itəturən ba viuve navonbət.,#	0	io	itə-turən	ba	viuv	=e	navonbət,#	0	then	3DL.M.PST-wash	in	sea	=SG.CL:FEM	like_that,then they swam in the sea like that.,en,MORPHEME_ALIGNED,,lrdw_mp3 lrdw_wav lrdw_eaf lrdw_xml lrdw_tsv,,196510,199200,##	0.d:s	other	v:pred	adp	np:l	=rn	other,,lrdw,∅	∅	∅	∅	∅	∅	∅	∅,∅	5003	∅	∅	∅	5005	∅	∅,∅	5003	∅	∅	∅	5005	∅	∅
lrdw_0020,mctulil,"io kəvova ate, 'ləi, abo, ngutnanət, ngutnanət, da ngutəvək təbe vərete emu.'",#	io	kəvov	=a	at-e	#	0	ləi	a-bo	ngut-nanət	#	0	ngut-nanət	#	0	da	ngu-təvək	tə=	be	vəret	=e	e-mu,#	then	dog	=SG.CL:MASC	3SG.M-QUOT	#	0	ləi	3SG.M-UP	1DL.NPST-swim	#	0	1DL.NPST-swim	#	0	PURP	1DL.NPST-cross	to=	at	side	=SG.CL:FEM	3SG.F-IN,"then the dog said, 'ləi, you there, let's swim, let's swim, so we will cross to the other side.'",en,MORPHEME_ALIGNED,,lrdw_mp3 lrdw_wav lrdw_eaf lrdw_xml lrdw_tsv,,199200,208150,##	other	np.d:s_ds	=rn	other:pred	#ds	0.1:s	other	pro.2:voc	v:pred	##ds	0.1:s	v:pred	#ac_purp	0.1:s	other	v:pred	=adp	adp	np:g	=rn	rn,,lrdw,∅	∅	∅	∅	∅	∅	∅	∅	∅	∅	∅	∅	∅	∅	∅	∅	∅	∅	∅	new	∅	∅,∅	∅	5001	∅	∅	∅	5003	∅	5002	∅	∅	5003	∅	∅	5003	∅	∅	∅	∅	5015	∅	∅,∅	∅	5001	∅	∅	∅	5003	∅	5002	∅	∅	5003	∅	∅	5003	∅	∅	∅	∅	5015	∅	∅
lrdw_0021,mctulil,"io tudəka ate, 'məie ngang o kori ngətəm mərek na nanət.'",#	io	tudək	=a	at-e	#	0	məie	ngang	o	kori	ngə-təm	mərek	n	=a	nanət,#	then	wallaby	=SG.CL:MASC	3SG.M-QUOT	#	0	but	1SG	TOP	NEG	1SG.PST-know	good	APPL	=PAT	swim,"then the wallaby said, 'but I don't know swimming well.'",en,MORPHEME_ALIGNED,,lrdw_mp3 lrdw_wav lrdw_eaf lrdw_xml lrdw_tsv,,208150,213487,##	other	np.d:s_ds	=rn	other:pred	#ds.neg	0.1:a	other	pro.1:dt_a	other	other	v:pred	rv	rv	=ln	np:p,,lrdw,∅	∅	∅	∅	∅	∅	∅	∅	∅	∅	∅	∅	∅	∅	∅	∅,∅	∅	5002	∅	∅	∅	5002	∅	5002	∅	∅	∅	∅	∅	∅	5006,∅	∅	5002	∅	∅	∅	5002	∅	5002	∅	∅	∅	∅	∅	∅	5006
lrdw_0022,mctulil,"io kəvova ate, 'ava ngutnanət konəng, me doto popou nginok o ngang ngare nging, nga vara.' navondi.",#	io	kəvov	=a	at-e	#	0	ava	ngut-nanət	konəng	#	#	me	doto	popou	ngi=	nok	%	o	ngang	nga-re	nging	nga	var	=a	navondi,#	then	dog	=SG.CL:MASC	3SG.M-QUOT	#	0	just	1DL.NPST-swim	only	#	#	and	when;if	tired	2SG.POSS=	hand	%	TOP	1SG	1SG.NPST-carry	2SG	1SG.POSS	friend	=SG.CL:MASC	like_this,"then the wallaby said, 'We just swim, and when your hands are sore, I'll carry you, my friend', like this.",en,MORPHEME_ALIGNED,,lrdw_mp3 lrdw_wav lrdw_eaf lrdw_xml lrdw_tsv,,213487,223371,##	other	np.d:s_ds	=rn	other:pred	#ds	0.1:s	other	v:pred	rv	##ds	#ac	other	other	v:pred	=ln_pro.2:poss	np:s_sv	%	other	pro.1:a	v:pred	pro.2:p	ln_pro.1:poss	np.d:appos	=rn	other,,lrdw,∅	∅	∅	∅	∅	∅	∅	∅	∅	∅	∅	∅	∅	∅	∅	∅	bridging	∅	∅	∅	∅	∅	∅	∅	∅	∅,∅	∅	5001	∅	∅	∅	5003	∅	∅	∅	∅	∅	∅	∅	∅	5002	5016	∅	∅	5001	∅	5002	5001	5002	∅	∅,∅	∅	5001	∅	∅	∅	5003	∅	∅	∅	∅	∅	∅	∅	∅	5002	5016	∅	∅	5001	∅	5002	5001	5002	∅	∅
lrdw_0023,mctulil,"io, bəvatang, itmatang təba viuve, da bə itnənanət nəmumə tan da ittəvək, məgəte doto ittəvək o məgəte mənəmu be Vuvu təkənəmumə be Vuatom (Vuətəm).",#	0	io	bə=	v-atang	#	0	it-matang	tə=	ba	viuv	=e	#	0	da	bə	it-nə~nanət	nə-mumə	tan	#	0	da	it-təvək	məgəte	#	0	doto	it-təvək	#	o	məgəte	mə=	nə-mu	be	Vuvu	#	təkə=	nə-mumə	be	Vuatom,#	0	then	ASP=	3SG.M.PST-jump	#	0	3DL.M.PST-jump	tə=	in	sea	=SG.CL:FEM	#	0	PURP	ASP	3DL.M.PST-RED~swim	LOC-DOWN.FAR	across	#	0	PURP	3DL.M.PST-cross	like	#	0	when;if	3DL.M.PST-cross	#	TOP	like	from=	LOC-IN	at	Vuvu	#	to=	LOC-DOWN.FAR	at	Vuatom,"then, he jumped (into the sea), they jumped into the sea, they were swimming [PST cont.] in the sea for them to cross, like the distance from Vuvu to Vuatom.",en,MORPHEME_ALIGNED,,lrdw_mp3 lrdw_wav lrdw_eaf lrdw_xml lrdw_tsv,,223371,235858,##	0.d:s	other	=other	v:pred	##	0.d:s	v:pred	=adp	adp	np:g	=rn	#purp	0.d:s	other	other	v:pred	dem_other:l	other	#purp	0.d:s	other	v:pred	other	#ac	0.d:s	other	v:pred	#	other	other	=adp	dem_other:pred	adp	pn_np:l	#	=adp	dem_other:pred	adp	pn_np:g,,lrdw,∅	∅	∅	∅	∅	∅	∅	∅	∅	∅	∅	∅	∅	∅	∅	∅	∅	∅	∅	∅	∅	∅	∅	∅	∅	∅	∅	∅	∅	∅	∅	∅	∅	∅	new	∅	∅	∅	∅	new,∅	5001	∅	∅	∅	∅	5003	∅	∅	∅	5005	∅	∅	5003	∅	∅	∅	∅	∅	∅	5003	∅	∅	∅	∅	5003	∅	∅	∅	∅	∅	∅	∅	∅	5017	∅	∅	∅	∅	5018,∅	5001	∅	∅	∅	∅	5003	∅	∅	∅	5005	∅	∅	5003	∅	∅	∅	∅	∅	∅	5003	∅	∅	∅	∅	5003	∅	∅	∅	∅	∅	∅	∅	∅	5017	∅	∅	∅	∅	5018
lrdw_0024,mctulil,ittəvək navonbət nəmumə tan.,#	0	it-təvək	navonbət	nə-mumə	tan,##	0	3DL.M.PST-cross	like_that	LOC-DOWN.FAR	across,they were crossing like that down to the other side.,en,MORPHEME_ALIGNED,,lrdw_mp3 lrdw_wav lrdw_eaf lrdw_xml lrdw_tsv,,235858,238692,##	0.d:s	v:pred	other	dem_other:g	other,,lrdw,∅	∅	∅	∅	∅	∅,∅	5003	∅	∅	∅	∅,∅	5003	∅	∅	∅	∅
lrdw_0025,mctulil,"io, tudəka ar təpma va raguma, navodi, to vənanət təpma va raguma.",#	io	tudək	=a	ar	təpm	=a	va	ragum	=a	navodi	#	0	to	və-nanət	təpma	=a	va	ragum	=a,#	then	wallaby	=SG.CL:MASC	ar	with	=PAT	3SG.M.POSS	greens	=SG.CL:MASC	like_this	#	0	SUB	3SG.M.PST-swim	with	=PAT	3SG.M.POSS	greens	=SG.CL:MASC,"then, wallaby was with his greens, like this, he swam with his greens.",en,MORPHEME_ALIGNED,,lrdw_mp3 lrdw_wav lrdw_eaf lrdw_xml lrdw_tsv,,238692,244615,##	other	np.d:s	=rn	nc	adp	=ln	ln_pro.d:poss	np:pred	=rn	other	#	0.d:s	other	v:pred	adp	=ln	ln_pro.d:poss	np:obl	=rn,,lrdw,∅	∅	∅	∅	∅	∅	∅	∅	∅	∅	∅	∅	∅	∅	∅	∅	∅	∅	∅	∅,∅	∅	5002	∅	∅	∅	∅	5002	5007	∅	∅	∅	5002	∅	∅	∅	∅	5002	5007	∅,∅	∅	5002	∅	∅	∅	∅	5002	5007	∅	∅	∅	5002	∅	∅	∅	∅	5002	5007	∅
lrdw_0026,mctulil,"io ba viuve o tudəka kori və- kori vənanət mərek to təmənga to viuve itavəkai be ragum, io iliu va.",#	io	ba	viuv	=e	o	tudək	=a	kori	və-nanət	mərek	#	0	to	təməng	=a	#	to	viuv	=e	i-tavəkai	be	ragum	#	0	io	i-liuv	=a,#	then	in	sea	=SG.CL:FEM	TOP	wallaby	=SG.CL:MASC	NEG	3SG.M.PST-swim	good	#	0	SUB	heavy	=SG.CL:MASC	#	SUB	viuv	=SG.CL:FEM	3SG.F.PST-hold_tight	at	greens	#	0	then	3SG.F.PST-return	=3SG.M.PAT,"then in the sea, the wallaby didn't swim well because it was heavy because the sea held back the greens; the sea made him (a) go back. [iliu va tudəka; iliu ngang]",en,MORPHEME_ALIGNED,,lrdw_mp3 lrdw_wav lrdw_eaf lrdw_xml lrdw_tsv,,244615,255674,##neg	other	adp	np:dt	=rn	other	np.d:s	=rn	other	v:pred	rv	#	0:s	other	np:pred	=rn	#	other	np:s	=rn	v:pred	adp	np:obl	#	0.d:a	other	v:pred	=pro.d:p,,lrdw,∅	∅	∅	∅	∅	∅	∅	∅	∅	∅	∅	∅	∅	∅	∅	∅	∅	∅	∅	∅	∅	∅	∅	∅	∅	∅	∅	∅,∅	∅	∅	5005	∅	∅	5002	∅	∅	∅	∅	∅	5002	∅	∅	∅	∅	∅	5005	∅	∅	∅	5007	∅	5002	∅	∅	∅,∅	∅	∅	5005	∅	∅	5002	∅	∅	∅	∅	∅	5002	∅	∅	∅	∅	∅	5005	∅	∅	∅	5007	∅	5002	∅	∅	∅
lrdw_0027,mctulil,"vəttak ate, 'ləi, nginatər mat ngang nəbət.' navondi.'ngang o bə kori nga taup mənu nging navodi, to nging o bə ngi taro, məgemə ngang, me ngang o bə popou ngənok.'",#	0	və-t~tak	at-e	#	0	ləi	ngin-atər	mat	ngang	nə-bət	navondi	#	0	ngang	o	bə	kori	nga-taup	mənu	nging	navodi	#	0	to	nging	o	bə	ngi-taro	məgemə	ngang	#	me	ngang	o	bə	popou	ngə=	nok,#	0	3SG.M.PST-RED~call	3SG.M-QUOT	#	0	ləi	2SG.NPST-stand	wait	1SG	LOC-PROX2	like_this	#	0	1SG	TOP	ASP	NEG	1SG.NPST-grab	back.of	2SG	like_this	#	0	SUB	2SG	TOP	ASP	2SG.PST-hurry	leave_behind	1SG	#	and	1SG	TOP	ASP	tired	1SG.POSS=	hand,"he called, 'ləi, you stop and wait for me, and I can not catch up with you like this, because you are fast, leaving me behind, but my hands are already sore.'",en,MORPHEME_ALIGNED,,lrdw_mp3 lrdw_wav lrdw_eaf lrdw_xml lrdw_tsv,,255674,269120,##	0.d:s_ds	v:pred	other	##ds	0.2:a	other	v:pred	rv	pro.1:p	dem_other:l	other	##ds.neg	0.1:s	pro.1:dt_s	other	other	other	v:pred	adp	pro.2:obl	other	#	0.2:s	other	pro.2:dt_s	other	other	v:pred	adp	pro.1:obl	#	other	pro.1:dt_poss	other	other	v:pred	=ln_pro.1:poss	np:s_sv,,lrdw,∅	∅	∅	∅	∅	∅	∅	∅	∅	∅	∅	∅	∅	∅	∅	∅	∅	∅	∅	∅	∅	∅	∅	∅	∅	∅	∅	∅	∅	∅	∅	∅	∅	∅	∅	∅	∅	∅	∅,∅	5002	∅	∅	∅	5001	∅	∅	∅	5002	∅	∅	∅	5002	5002	∅	∅	∅	∅	∅	5001	∅	∅	5001	∅	5001	∅	∅	∅	∅	5002	∅	∅	5002	∅	∅	∅	5002	5016,∅	5002	∅	∅	∅	5001	∅	∅	∅	5002	∅	∅	∅	5002	5002	∅	∅	∅	∅	∅	5001	∅	∅	5001	∅	5001	∅	∅	∅	∅	5002	∅	∅	5002	∅	∅	∅	5002	5016
lrdw_0028,mctulil,"kəvova vəloktang nəmbo, ava nəmmə ava tuka, ava vəngar ate, 'ava nguppi təgət.' navodi.",#	kəvov	=a	və-loktang	nə-m~bo	#	ava	nə-m~mə	#	ava	tuk	=a	#	0	ava	v-əngar	at-e	#	0	ava	ngu-p~pi	təgət	navodi,#	dog	=SG.CL:MASC	3SG.M.PST-circle_around	LOC-RED~UP	#	again	LOC-RED~DOWN	#	again	to	=3SG.M.PAT	#	0	again	3SG.M.PST-say	3SG.M-QUOT	#	0	again	1DL.NPST-RED~go	together	like_this,"the dog (swam) around [nəmbo 'where they were going'; nəmmə 'back', i.e. back to tudəka], he said, 'we go together.'",en,MORPHEME_ALIGNED,,lrdw_mp3 lrdw_wav lrdw_eaf lrdw_xml lrdw_tsv,,269120,275256,##	np.d:s	=rn	v:pred	dem_other:l	#nc	nc	nc	#nc	nc	nc	nc	##	0.d:s_ds	other	v:pred	other	#ds	0.1:s	other	v:pred	rv	other,,lrdw,∅	∅	∅	∅	∅	∅	∅	∅	∅	∅	∅	∅	∅	∅	∅	∅	∅	∅	∅	∅	∅	∅	∅,∅	5001	∅	∅	∅	∅	∅	∅	∅	∅	∅	∅	∅	5001	∅	∅	∅	∅	5003	∅	∅	∅	∅,∅	5001	∅	∅	∅	∅	∅	∅	∅	∅	∅	∅	∅	5001	∅	∅	∅	∅	5003	∅	∅	∅	∅
lrdw_0029,mctulil,"ate, 'kori, ngang bəpopou ngənok, akra bə kərvuk nə ngang to ngang o kori ngətəm mərek na nanət.'",#	0	ate	#	kori	ngang	bə=	popou	ngə=	nok	#	akra	bə	kərvuk	nə	ngang	#	0	to	ngang	o	kori	ngə-təm	mərek	n	=a	nanət,#	0	3SG.M-QUOT	#	NEG	1SG	bə=	tired	1SG.POSS.INAL=	hand	#	just_then	ASP	drown	APPL	1SG	#	0	SUB	1SG	TOP	NEG	1SG.PST-know	good	APPL	=PAT	swim,"he (wallaby) said, 'no, my hands are sore, I'll soon be drown because I don't know well about swimming.'",en,WORD_ALIGNED,,lrdw_mp3 lrdw_wav lrdw_eaf lrdw_xml lrdw_tsv,,275256,281219,##	0.d:s_ds	other:pred	#ds.neg	other	pro.1:dt_poss	=other	v:pred	=ln_pro.1:poss	np:s_sv	#ds	other	other	v:pred	rv	pro.1:s_sv	#neg	0.1:a	other	pro.1:dt_a	other	other	v:pred	rv	rv	=ln	np:p,,lrdw,∅	∅	∅	∅	∅	∅	∅	∅	∅	∅	∅	∅	∅	∅	∅	∅	∅	∅	∅	∅	∅	∅	∅	∅	∅	∅	∅,∅	5002	∅	∅	∅	5002	∅	∅	5002	5016	∅	∅	∅	∅	∅	5002	∅	5002	∅	5002	∅	∅	∅	∅	∅	∅	5006,∅	5002	∅	∅	∅	5002	∅	∅	5002	5016	∅	∅	∅	∅	∅	5002	∅	5002	∅	5002	∅	∅	∅	∅	∅	∅	5006
lrdw_0030,mctulil,"kəvova ate, 'io, do o nginatang təmənu ngang, ngibet be ngə kən, me ngang ngananət təpmə ngun, me raguma abət o ar ngi nua nəbət, mənu ngang.'",#	kəvov	=a	at-e	#	0	io	do	o	ngin-atang	tə=	mənu	ngang	#	0	ngi-bet	be	ngə=	kən	#	me	ngang	nga-nanət	təpmə	ngun	#	0	me	ragum	=a	a-bət	o	ar	ngin-u	=a	nə-bət	mənu	ngang,#	dog	=SG.CL:MASC	3SG.M-QUOT	#	0	then	here;now	TOP	2SG.NPST-jump	to=	back.of	1SG	#	0	2SG.NPST-hold	at	1SG.POSS=	neck	#	and	1SG	1SG.NPST-swim	with	1DL	#	0	and	greens	=SG.CL:MASC	3SG.M-PROX2	TOP	still	2SG.NPST-put	=3SG.M.PAT	LOC-PROX2	back.of	1SG,"the dog said, 'now you jump on my back, you [bet 'hold on with both hands'] hold my neck, and I will swim with us, and the roll of greens you put it there, on my back.'",en,MORPHEME_ALIGNED,,lrdw_mp3 lrdw_wav lrdw_eaf lrdw_xml lrdw_tsv,,281219,293283,##	np.d:s_ds	=ln	other:pred	##ds	0.2:s	other	other:dt	other	v:pred	=adp	adp	pro.1:obl	##ds	0.2:s	v:pred	adp	=ln_pro.1:poss	np:obl	##	other	pro.1:s	v:pred	adp	pro.1:obl	##ds	0.d:a	other	np:dt_p	=rn	rn	other	other	v:pred	=pro:p	dem_other:g	rn	rn_pro.1,,lrdw,∅	∅	∅	∅	∅	∅	∅	∅	∅	∅	∅	∅	∅	∅	∅	∅	∅	∅	bridging	∅	∅	∅	∅	∅	∅	∅	∅	∅	∅	∅	∅	∅	∅	∅	∅	∅	∅	∅,∅	5001	∅	∅	∅	5002	∅	∅	∅	∅	∅	∅	5001	∅	5002	∅	∅	5001	5019	∅	∅	5001	∅	∅	5003	∅	5002	∅	5007	∅	∅	∅	∅	∅	5007	∅	∅	5001,∅	5001	∅	∅	∅	5002	∅	∅	∅	∅	∅	∅	5001	∅	5002	∅	∅	5001	5019	∅	∅	5001	∅	∅	5003	∅	5002	∅	5007	∅	∅	∅	∅	∅	5007	∅	∅	5001
lrdw_0031,mctulil,"io, itnənanət, me təpma raguma, təkənəmu moli mədərəp.",#	0	io	it-nə~nanət	me	təpm	=a	ragum	=a	təkə=	nə-mu	moli	mədərəp,#	0	then	3DL.PST-RED~swim	and	with	=PAT	greens	=SG.CL:MASC	to=	LOC-IN	moli	middle,"then, they were swimming [PST.cont], with the roll of greens, they going to the exact middle in the sea.",en,MORPHEME_ALIGNED,,lrdw_mp3 lrdw_wav lrdw_eaf lrdw_xml lrdw_tsv,,293283,298128,##	0.d:s	other	v:pred	other	adp	=ln	np:obl	=rn	=adp	dem_other	adp	np:g,,lrdw,∅	∅	∅	∅	∅	∅	∅	∅	∅	∅	∅	∅	bridging,∅	5003	∅	∅	∅	∅	∅	5007	∅	∅	∅	∅	5020,∅	5003	∅	∅	∅	∅	∅	5007	∅	∅	∅	∅	5020
lrdw_0032,mctulil,"ava kəvova ate, 'fsh, ngang o nalət.' navodi, 'ngunu o bəngutoup to nging o raguma abət araot vəkai nə ngun, ngibuna raguma.' navodi.",#	ava	kəvov	=a	ate	#	0	fsh	ngang	o	nalət	navodi	#	0	ngunu	o	bə=	ngu-toup	#	to	nging	o	ragum	=a	a-bət	a-raot	vəkai	nə	ngun	#	0	ngi-bun	=a	ragum	=a	navodi,#	again	dog	=SG.CL:MASC	3SG.M-QUOT	#	0	fsh	1SG	TOP	tired	like_this	#	0	ngunu	TOP	ASP=	1DL.NPST-die	#	SUB	2SG	TOP	greens	=SG.CL:MASC	3SG.M-PROX1	3SG.NPST-drag	tight	APPL	1DL	#	0	2SG.NPST-throw_away	=PAT	greens	=SG.CL:MASC	like_this,"the dog said again, 'fsh, I'm tired.' like this, 'we are going to die because your greens are dragging us back, you throw the greens away.' Like this.",en,WORD_ALIGNED,,lrdw_mp3 lrdw_wav lrdw_eaf lrdw_xml lrdw_tsv,,298128,307079,##	other	np.d:s_ds	=rn	other:pred	##ds	0.1:s_sv	other	pro.1:dt_s	other	other:pred	other	##ds	0.1:s	pro.1:dt_s	other	=other	v:pred	#	other	pro.2:dt	other	np:a	=rn	rn	v:pred	rv	rv	pro.1:p	##ds	0.2:a	v:pred	=ln	np:p	=rn	other,,lrdw,∅	∅	∅	∅	∅	∅	∅	∅	∅	∅	∅	∅	∅	∅	∅	∅	∅	∅	∅	∅	∅	∅	∅	∅	∅	∅	∅	∅	∅	∅	∅	∅	∅	∅	∅	∅,∅	∅	5001	∅	∅	∅	5001	∅	5001	∅	∅	∅	∅	5003	5003	∅	∅	∅	∅	∅	5002	∅	5007	∅	∅	∅	∅	∅	5003	∅	5002	∅	∅	5007	∅	∅,∅	∅	5001	∅	∅	∅	5001	∅	5001	∅	∅	∅	∅	5003	5003	∅	∅	∅	∅	∅	5002	∅	5007	∅	∅	∅	∅	∅	5003	∅	5002	∅	∅	5007	∅	∅
lrdw_0033,mctulil,"io, vuna raguma.",#	0	io	v-un	=a	ragum	=a,#	0	then	3SG.M.PST-throw_away	=PAT	greens	=SG.CL:MASC,"then, he (the wallaby) threw away the greens.",en,MORPHEME_ALIGNED,,lrdw_mp3 lrdw_wav lrdw_eaf lrdw_xml lrdw_tsv,,307079,308923,##	0.d:a	other	v:pred	=ln	np:p	=rn,,lrdw,∅	∅	∅	∅	∅	∅	∅,∅	5002	∅	∅	∅	5007	∅,∅	5002	∅	∅	∅	5007	∅
lrdw_0034,mctulil,"io, ate, 'io, ngibet be ngə kən.'",#	0	io	at-e	#	0	io	ngi-bet	be	ngə=	kən,#	0	then	3SG.M-QUOT	#	0	then	2SG.NPST-hold	at	1SG.POSS.INAL=	neck,"then he said, 'then, you hold me at my neck'",en,MORPHEME_ALIGNED,,lrdw_mp3 lrdw_wav lrdw_eaf lrdw_xml lrdw_tsv,,308923,312205,##	0.d:s_ds	other	other:pred	#ds	0.2:s	other	v:pred	adp	=ln_pro.1:poss	np:obl,,lrdw,∅	∅	∅	∅	∅	∅	∅	∅	∅	∅	∅,∅	5001	∅	∅	∅	5002	∅	∅	∅	5001	5019,∅	5001	∅	∅	∅	5002	∅	∅	∅	5001	5019
lrdw_0035,mctulil,"io, da vet do be vəkən navodi.",#	0	io	da	v-et	do	be	və=	kən	navodi,#	0	then	PURP	3SG.M.PST-hold	here;now	at	3SG.M.POSS.INAL=	neck	like_this,"then, he held on his neck like this [vet M.PST; ivet F.PST].",en,MORPHEME_ALIGNED,,lrdw_mp3 lrdw_wav lrdw_eaf lrdw_xml lrdw_tsv,,312205,315551,#purp	0.d:s	other	other	v:pred	other	adp	=ln_pro.d:poss	np:obl	other,,lrdw,∅	∅	∅	∅	∅	∅	∅	∅	∅	∅,∅	5002	∅	∅	∅	∅	∅	5001	5019	∅,∅	5002	∅	∅	∅	∅	∅	5001	5019	∅
lrdw_0036,mctulil,"io, ate, 'oʔo, kori nga nanət mərek to nging o ngivet do, məie ngibet mətə ngang.'",#	0	io	at-e	#	0	oʔo	kori	nga-nanət	mərek	#	0	to	nging	o	ngi-vet	do	#	0	məie	ngi-bet	mətə	ngang,#	0	then	3SG.M-QUOT	#	0	oʔo	NEG	1SG.NPST-swim	good	#	0	SUB	2SG	TOP	2SG.PST-hold	here;now	#	0	but	2SG.NPST-hold	in_mouth	1SG,"he (dog) said, 'oʔo, I don't swim well because you are holding here, but you hold here in my mouth.' [mətə ngang 'in my mouth']",en,MORPHEME_ALIGNED,,lrdw_mp3 lrdw_wav lrdw_eaf lrdw_xml lrdw_tsv,,315551,323602,##	0.d:s_ds	other	other:pred	#ds.neg	0.1:s	other	other	v:pred	rv	#ds	0.2:s	other	pro.2:dt_s	other	v:pred	other	##ds	0.2:s	other	v:pred	rv	nc_pro.1,,lrdw,∅	∅	∅	∅	∅	∅	∅	∅	∅	∅	∅	∅	∅	∅	∅	∅	∅	∅	∅	∅	∅	∅	∅,∅	5001	∅	∅	∅	5001	∅	∅	∅	∅	∅	5002	∅	5002	∅	∅	∅	∅	5002	∅	∅	∅	5001,∅	5001	∅	∅	∅	5001	∅	∅	∅	∅	∅	5002	∅	5002	∅	∅	∅	∅	5002	∅	∅	∅	5001
lrdw_0037,mctulil,"io, da kəvova vita və kiova me tudəka vu vənokpətakəm do, məta kəvova.",#	io	da	kəvov	=a	v-it	=a	və=	kiov	=a	#	me	tudək	=a	v-u	və=	nok	=pətakəm	do	mət	=a	kəvov	=a,#	then	PURP	dog	=SG.CL:MASC	3SG.M.PST-open	=PAT	3SG.M.POSS.INAL=	mouth	=SG.CL:MASC	#	and	wallaby	=SG.CL:MASC	3SG.M.PST-put	3SG.M.POSS.INAL=	hand	=DL.CL:SEG	here;now	in_mouth	=PAT	dog	=SG.CL:MASC,"then the dog opened his mouth and the wallaby put his two hands there, in the dog's mouth [vita 'he opened']",en,MORPHEME_ALIGNED,,lrdw_mp3 lrdw_wav lrdw_eaf lrdw_xml lrdw_tsv,,323602,332410,#purp	other	other	np.d:a	=rn	v:pred	=ln	=ln_pro.d:poss	np:p	=rn	#	other	np.d:s	=rn	v:pred	=ln_pro.d:poss	np:p	=rn	other	nc	nc	nc_np.d	nc,,lrdw,∅	∅	∅	∅	∅	∅	∅	∅	bridging	∅	∅	∅	∅	∅	∅	∅	∅	∅	∅	∅	∅	∅	∅,∅	∅	∅	5001	∅	∅	∅	5001	5021	∅	∅	∅	5002	∅	∅	5002	5016	∅	∅	∅	∅	5001	∅,∅	∅	∅	5001	∅	∅	∅	5001	5021	∅	∅	∅	5002	∅	∅	5002	5016	∅	∅	∅	∅	5001	∅
lrdw_0038,mctulil,"io, ittəvək nəmumə tan.",#	0	io	it-təvək	nə-mumə	tan,#	0	then	3DL.M.PST-cross	LOC-DOWN.FAR	across,they were crossing over.,en,MORPHEME_ALIGNED,,lrdw_mp3 lrdw_wav lrdw_eaf lrdw_xml lrdw_tsv,,332410,335551,##	0.d:s	other	v:pred	dem_other:l	other,,lrdw,∅	∅	∅	∅	∅	∅,∅	5003	∅	∅	∅	∅,∅	5003	∅	∅	∅	∅
lrdw_0039,mctulil,"tudəka ate, 'fh, nging ava ngikəkutəng ngang ngənok.'",#	tudək	=a	at-e	#	fh	nging	ava	ngi-kə~kutəng	ngang	ngə=	nok,#	wallaby	=SG.CL:MASC	3SG.M-QUOT	#	fh	2SG	also	2SG.NPST-RED~cut	1SG	1SG.POSS.INAL=	hand,"the wallaby said, 'fh, you are cutting my hands'",en,MORPHEME_ALIGNED,,lrdw_mp3 lrdw_wav lrdw_eaf lrdw_xml lrdw_tsv,,335551,339230,##	np.d:s_ds	=rn	other:pred	#ds	other	pro.2:a	other	v:pred	ln_pro.1	=ln_pro.1:poss	np:p,,lrdw,∅	∅	∅	∅	∅	∅	∅	∅	∅	∅	∅	∅,∅	5002	∅	∅	∅	∅	5001	∅	∅	∅	5002	5016,∅	5002	∅	∅	∅	∅	5001	∅	∅	∅	5002	5016
lrdw_0040,mctulil,"ava kəvova ate, 'oʔo, do, tova do məte da nging o ngibəlut to kavar bər nging, məie nginu nginok təkənəmu mətə ngang, ar ngiruva nginokpətakəm təmətə ngang.'",#	ava	kəvov	=a	at-e	#	0	oʔo	do	tova	do	məte	#	0	da	nging	o	ngi-bəlut	#	to	ka	avar	bər	nging	%	məie	ngi-nu	ngi=	nok	təkə=	nə-mu	mətə	ngang	#	0	ar	ngi-ruv	=a	ngi=	nok	=pətakəm	tə=	mətə	ngang,#	again	dog	=SG.CL:MASC	3SG.M-QUOT	#	0	oʔo	here;now	because	here;now	like	#	0	PURP	2SG	TOP	2SG.NPST-slip_off	#	SUB	SUB	still	seperate	2SG	%	but	2SG.NPST-put	2SG.POSS=	hand	to=	LOC-IN	in_mouth	1SG	#	0	just	2SG.NPST-hook	=PAT	2SG.POSS=	hand	=DL.CL:SEG	to=	in_mouth	1SG,"the dog said, 'oʔo, here, because if you slip off, you'll soon be lost, but you put your both hands into my mouth, you hooked your two hands in my mouth.'",en,MORPHEME_ALIGNED,,lrdw_mp3 lrdw_wav lrdw_eaf lrdw_xml lrdw_tsv,,339230,350115,##	other	np.d:s_ds	=rn	other:pred	#ds	0.2:a	other	other:dt	other	other:dt	other	#purp	0.2:s	other	pro.2:dt_s	other	v:pred	#	other	other	other	v:pred	pro.2:s_sv	%	other	v:pred	=ln_pro.2:poss	np:p	=adp	dem_other	np:g	rn_pro.1	#	0.2:a	other	v:pred	=ln	=ln_pro.2:poss	np:p	=rn	=adp	np:g	rn_pro.1,,lrdw,∅	∅	∅	∅	∅	∅	∅	∅	∅	∅	∅	∅	∅	∅	∅	∅	∅	∅	∅	∅	∅	∅	∅	∅	∅	∅	∅	∅	∅	∅	∅	∅	∅	∅	∅	∅	∅	∅	∅	∅	∅	∅	∅	∅,∅	∅	5001	∅	∅	∅	5002	∅	∅	∅	∅	∅	∅	5002	∅	5002	∅	∅	∅	∅	∅	∅	∅	5002	∅	∅	∅	5002	5016	∅	∅	5021	5001	∅	5002	∅	∅	∅	5002	5016	∅	∅	5021	5001,∅	∅	5001	∅	∅	∅	5002	∅	∅	∅	∅	∅	∅	5002	∅	5002	∅	∅	∅	∅	∅	∅	∅	5002	∅	∅	∅	5002	5016	∅	∅	5021	5001	∅	5002	∅	∅	∅	5002	5016	∅	∅	5021	5001
lrdw_0041,mctulil,"io, navonbət, inənanət, kəvova vəmməta tudəka vənok pətakəm do, navodi, da vu kəvədək na tudəka vənok.",#	0	io	navonbət	i-nə~nanət	#	kəvov	=a	və-m~mət	=a	tudək	=a	və=	nok	=pətakəm	do	navodi	#	0	da	v-u	kəvədək	n	=a	tudək	=a	və=	nok,#	0	then	like_that	3DL.M.PST-RED~swim	#	dog	=SG.CL:MASC	3SG.M.PST-RED~eat	=PAT	wallaby	=SG.CL:MASC	3SG.M.POSS.INAL=	hand	=DL.CL:SEG	here;now	like_this	#	0	PURP	3SG.M.PST-put	short	APPL	=PAT	wallaby	=SG.CL:MASC	3SG.M.POSS.INAL=	hand,"then, like that, they were swimming [inənanət PST.CONT =itnənanət], the dog was eating wallaby's hand here, like this, [vu (mu) kəvədək 'shorten'] he shortened wallaby's hands.",en,MORPHEME_ALIGNED,,lrdw_mp3 lrdw_wav lrdw_eaf lrdw_xml lrdw_tsv,,350115,363384,##	0.d:s	other	other	v:pred	##	np.d:s	=rn	v:pred	=ln	ln_np.d:poss	=ln	=ln_pro.d:poss	np:p	=rn	other	other	#purp	0.d:a	other	v:pred	rv	rv	=ln	ln_np.d:poss	=ln	=ln_pro.d:poss	np:p,,lrdw,∅	∅	∅	∅	∅	∅	∅	∅	∅	∅	∅	∅	∅	∅	∅	∅	∅	∅	∅	∅	∅	∅	∅	∅	∅	∅	∅	∅,∅	5003	∅	∅	∅	∅	5001	∅	∅	∅	5002	∅	5002	5016	∅	∅	∅	∅	5001	∅	∅	∅	∅	∅	5002	∅	5002	5016,∅	5003	∅	∅	∅	∅	5001	∅	∅	∅	5002	∅	5002	5016	∅	∅	∅	∅	5001	∅	∅	∅	∅	∅	5002	∅	5002	5016
lrdw_0042,mctulil,"ip konəng, navonbət, itnənanət, bələtnip be vərete evə, o kavar tudəka o vatang- vunmə nətang mənəmu ba viuve, təpma vənokpətakəm to bətomom bətakəm.",#	ip	konəng	navonbət	#	0	it-nə~nanət	#	bə=	lət	n	=ip	be	vəret	=e	e-və	#	0	o	kavar	tudək	=a	o	v-unmə	nə	tang	mə=	nə-mu	ba	viuv	=e	təpm	=a	və=	nok	=pətakəm	#	to	bə=	tomom	bətakəm,#	3DL.M	only	like_that	#	0	3DL.M.PST-RED~swim	#	ASP=	arrive	APPL	=3DL.M	at	side	=SG.CL:FEM	3SG.F-NSPEC	#	0	TOP	just_then	wallaby	=SG.CL:MASC	TOP	3SG.M.PST-jump	APPL	REFL	from=	LOC-IN	in	sea	=SG.CL:FEM	with	=PAT	3SG.M.POSS.INAL=	hand	=DL.CL:SEG	#	REL	bə=	cut_off	DL.CL:SEG,"just them two, like that, they were swimming, they arrived at [evə 'the other)] the other side, just then the wallaby jumped up [vatang], he jumped forwards [vunmə nətang 'jump forward'] from the sea, with his two hands cut off.",en,MORPHEME_ALIGNED,,lrdw_mp3 lrdw_wav lrdw_eaf lrdw_xml lrdw_tsv,,363384,377679,##	pro.d:pred	other	other	##	0.d:s	v:pred	##	=other	v:pred	rv	=pro.d:s_sv	adp	np:g	=rn	rn	#	0.d:a	other	other	np.d:dt_a	=rn	other	v:pred	rv	refl.d:p	=adp	dem_other	adp	np:g	=rn	adp	=ln	=ln_pro.d:poss	np:obl	=rn	#rc	other	=other	v:pred	pro:s_sv,,lrdw,∅	∅	∅	∅	∅	∅	∅	∅	∅	∅	∅	∅	∅	∅	∅	∅	∅	∅	∅	∅	∅	∅	∅	∅	∅	∅	∅	∅	∅	∅	∅	∅	∅	∅	∅	∅	∅	∅	∅	∅	∅,∅	5003	∅	∅	∅	5003	∅	∅	∅	∅	∅	5003	∅	5015	∅	∅	∅	5002	∅	∅	5002	∅	∅	∅	∅	∅	∅	∅	∅	5005	∅	∅	∅	5002	5016	∅	∅	∅	∅	∅	5016,∅	5003	∅	∅	∅	5003	∅	∅	∅	∅	∅	5003	∅	5015	∅	∅	∅	5002	∅	∅	5002	∅	∅	∅	∅	∅	∅	∅	∅	5005	∅	∅	∅	5002	5016	∅	∅	∅	∅	∅	5016
lrdw_0043,mctulil,"kavar vatang navodi o verən nəpbo, kəvova bə 'au au au au....' mənu tudəka, me bəkori vətaup bema.",#	#	0	kavar	v-atang	navodi	%	o	0	v-erən	nə-p~bo	#	kəvov	=a	bə	au	au	au	au	mənu	tudək	=a	#	0	me	bə=	kori	və-taup	bem	=a,#	#	0	just_then	3SG.M.PST-jump	like_this	%	TOP	0	3SG.M.PST-run	LOC-RED~UP	#	dog	=SG.CL:MASC	ASP	au	au	au	au	back_of	wallaby	=SG.CL:MASC	#	0	and	ASP=	NEG	3SG.M.PST-catch	at	=3SG.M.PAT,"just then he jumped like this and he ran away, the dog was 'au au au au' at wallaby's back, but he didn't catch him.",en,MORPHEME_ALIGNED,,lrdw_mp3 lrdw_wav lrdw_eaf lrdw_xml lrdw_tsv,,377679,388807,##	#ac	0.d:s	other	v:pred	other	%	other	0.d:s	v:pred	dem_other:g	##	np.d:s	=rn	other	other:pred	rv	rv	rv	adp	np:g	=rn	##neg	0.d:s	other	=other	other	v:pred	adp	=pro.d:obl,,lrdw,∅	∅	∅	∅	∅	∅	∅	∅	∅	∅	∅	∅	∅	∅	∅	∅	∅	∅	∅	∅	∅	∅	∅	∅	∅	∅	∅	∅	∅	∅,∅	∅	5002	∅	∅	∅	∅	∅	5002	∅	∅	∅	5001	∅	∅	∅	∅	∅	∅	∅	5002	∅	∅	5001	∅	∅	∅	∅	∅	5002,∅	∅	5002	∅	∅	∅	∅	∅	5002	∅	∅	∅	5001	∅	∅	∅	∅	∅	∅	∅	5002	∅	∅	5001	∅	∅	∅	∅	∅	5002
lrdw_0044,mctulil,"tudəka vəloktang, ava vəloktang, ava vəloktang, ava vəloktang, ava vəloktang, ava vəloktang, kəvova bəkori vəton təbema to vatang, to tudəka o bə vənok o bə kəvədək me bə vəkatə o kabar, me kəbəlua do ba vənung, o iap o vəpus- iap vəttəməna da vəmmatang, navodi, da vəmmatang navodi, me kori vəmanəng məte kəvova, bəkori vəmanəng məte kəvova, navonbət.",#	tudək	=a	və-loktang	#	0	ava	və-loktang	#	0	ava	və-loktang	#	0	ava	və-loktang	#	0	ava	və-loktang	#	0	ava	və-loktang	#	kəvov	=a	bə=	kori	və-ton	tə=	bem	=a	#	0	to	v-atang	#	to	tudək	=a	o	bə	və=	nok	o	bə	kəvədək	#	me	bə	və=	katə	o	kabar	#	me	kəbəlu	=a	do	ba	və=	nung	o	iap	və-t~təmən	=a	#	0	da	və-m~matang	navodi	#	0	da	və-m~matang	navodi	#	0	me	kori	və-m~manəng	məte	kəvov	=a	#	0	bə=	kori	və-m~manəng	məte	kəvov	=a	navonbət,#	wallaby	=SG.CL:MASC	3SG.M.PST-circle_around	#	0	again	3SG.M.PST-circle_around	#	0	again	3SG.M.PST-circle_around	#	0	again	3SG.M.PST-circle_around	#	0	again	3SG.M.PST-circle_around	#	0	again	3SG.M.PST-circle_around	#	dog	=SG.CL:MASC	ASP=	NEG	3SG.M.PST-look	to=	at	3SG.M.PAT=	#	0	SUB	3SG.M.PST-jump	#	SUB	wallaby	=SG.CL:MASC	TOP	ASP	3SG.M.POSS.INAL=	hand	TOP	ASP	short	#	and	ASP	3SG.M.POSS.INAL=	leg.PL	TOP	long	#	and	tail	=SG.CL:MASC	here;now	in	3SG.M.POSS.INAL=	bottom	TOP	3SG.M	3SG.M.PST-RED~push.ground	=3SG.M.PAT	#	0	PURP	3SG.M.PST-RED~jump	like_this	#	0	PURP	3SG.M.PST-RED~jump	like_this	#	0	and	NEG	3SG.M.PST-RED~jump	like	dog	=SG.CL:MASC	#	0	ASP=	NEG	3SG.M.PST-RED~jump	like	dog	=SG.CL:MASC	like_that,"wallaby he (ran) around, and ran around.... the dog didn't find him [i.e. couldn't see him] because he jumped, because wallaby's hands are short and his legs are long, and the tail here at his bottom, he pushed the ground to jump [PST.CONT], he was jumping and he couldn't run like the dog.",en,WORD_ALIGNED,,lrdw_mp3 lrdw_wav lrdw_eaf lrdw_xml lrdw_tsv,,388807,413807,##	np.d:s	=rn	v:pred	##	0.d:s	other	v:pred	##	0.d:s	other	v:pred	##	0.d:s	other	v:pred	##	0.d:s	other	v:pred	##	0.d:s	other	v:pred	##neg	np.d:s	=rn	=other	other	v:pred	=adp	adp	=pro.d:obl	#	0.d:s	other	v:pred	#	other	np.d:dt_poss	=rn	other	other	=ln_pro.d:poss	np:s	other	other	other:pred	#	other	other	=ln_pro.d:poss	np:s	other	np:pred	#	other	np:dt_p	=rn	rn	rn	=rn	rn_np	other	pro.d:s	v:pred	=pro:p	#purp	0.d:s	other	v:pred	other	#purp	0.d:s	other	v:pred	other	##neg	0.d:s	other	other	v:pred	adp	np.d:obl	=rn	##neg	0.d:s	=other	other	v:pred	adp	np.d:obl	=rn	other,,lrdw,∅	∅	∅	∅	∅	∅	∅	∅	∅	∅	∅	∅	∅	∅	∅	∅	∅	∅	∅	∅	∅	∅	∅	∅	∅	∅	∅	∅	∅	∅	∅	∅	∅	∅	∅	∅	∅	∅	∅	∅	∅	∅	∅	∅	∅	∅	∅	∅	∅	∅	∅	∅	bridging	∅	∅	∅	∅	bridging	∅	∅	∅	∅	∅	∅	∅	∅	∅	∅	∅	∅	∅	∅	∅	∅	∅	∅	∅	∅	∅	∅	∅	∅	∅	∅	∅	∅	∅	∅	∅	∅	∅	∅	∅	∅,∅	5002	∅	∅	∅	5002	∅	∅	∅	5002	∅	∅	∅	5002	∅	∅	∅	5002	∅	∅	∅	5002	∅	∅	∅	5001	∅	∅	∅	∅	∅	∅	5002	∅	5001	∅	∅	∅	∅	5002	∅	∅	∅	5002	5016	∅	∅	∅	∅	∅	∅	5002	5022	∅	∅	∅	∅	5023	∅	∅	∅	∅	∅	∅	5002	∅	5023	∅	5002	∅	∅	∅	∅	5002	∅	∅	∅	∅	5002	∅	∅	∅	∅	5001	∅	∅	5002	∅	∅	∅	∅	5001	∅	∅,∅	5002	∅	∅	∅	5002	∅	∅	∅	5002	∅	∅	∅	5002	∅	∅	∅	5002	∅	∅	∅	5002	∅	∅	∅	5001	∅	∅	∅	∅	∅	∅	5002	∅	5001	∅	∅	∅	∅	5002	∅	∅	∅	5002	5016	∅	∅	∅	∅	∅	∅	5002	5022	∅	∅	∅	∅	5023	∅	∅	∅	∅	∅	∅	5002	∅	5023	∅	5002	∅	∅	∅	∅	5002	∅	∅	∅	∅	5002	∅	∅	∅	∅	5001	∅	∅	5002	∅	∅	∅	∅	5001	∅	∅
lrdw_0045,mctulil,"vareot ip navonbət to itləloktang, itləloktang, kəvova bənaləta, to kori vətaup bema tudəka, navodi.",#	vareot	=ip	navonbət	#	0	to	it-lə~loktang	#	0	it-lə~loktang	#	kəvov	=a	bə=	nalət	=a	#	0	to	kori	və-taup	bem	=a	tudək	=a	navodi,#	long_time	3DL.M=	like_that	#	0	REL	3DL.M.PST-RED~circle_around	#	0	3DL.M.PST-RED~circle_around	#	dog	=SG.CL:MASC	ASP=	tired	=3SG.M.PAT	#	0	SUB	NEG	3SG.M.PST-catch	at	=PAT	wallaby	=SG.CL:MASC	like_this,"for a long time the two were like that they were searching (around), the dog was tired because he couldn't catch wallaby, like this.",en,WORD_ALIGNED,,lrdw_mp3 lrdw_wav lrdw_eaf lrdw_xml lrdw_tsv,,413807,422487,##	v:pred	=pro.d:s_sv	other	#rc	0.d:s	other	v:pred	#	0.d:s	v:pred	##	np.d:dt_s	=rn	=other	v:pred	=pro.d:s_sv	#neg	0.d:a	other	other	v:pred	rv	=ln	np.d:p	=rn	other,,lrdw,∅	∅	∅	∅	∅	∅	∅	∅	∅	∅	∅	∅	∅	∅	∅	∅	∅	∅	∅	∅	∅	∅	∅	∅	∅	∅	∅,∅	∅	5003	∅	∅	5003	∅	∅	∅	5003	∅	∅	5001	∅	∅	∅	5001	∅	5001	∅	∅	∅	∅	∅	5002	∅	∅,∅	∅	5003	∅	∅	5003	∅	∅	∅	5003	∅	∅	5001	∅	∅	∅	5001	∅	5001	∅	∅	∅	∅	∅	5002	∅	∅
lrdw_0046,mctulil,"bə mənəbət, ba maoka abət, o tudəka bəkori irəruptang ana kəvova, navodi, to bə- məte bə- kori mərek bətma to va vara vəleir na to vəkutəng do ga vənok, io da bəvənok o bə navodi konəng, navodi.",#	bə	mə=	nə-bət	ba	maok	=a	a-bət	o	tudək	=a	bə=	kori	i-rə~ruptang	a-n	=a	kəvov	=a	navodi	#	to	bə=	məte	bə=	kori	mərek	bətm	=a	#	to	va	var	=a	və-leir	n	=a	#	0	to	və-kutəng	do	ga	və=	nok	#	io	da	bə=	və=	nok	o	bə=	navodi	konəng	navodi,#	ASP	from=	LOC-PROX2	in	time;space	=SG.CL:MASC	3SG.M-PROX1	TOP	wallaby	=SG.CL:MASC	ASP=	kori	3DL.M.PST-RED~stick_together	3SG.M-COM	=PAT	dog	=SG.CL:MASC	like_this	#	SUB	ASP=	like	ASP=	NEG	good	with	=3SG.M.PAT	#	SUB	3SG.M.POSS	friend	=SG.CL:MASC	3SG.M.PST-harm	APPL	=3SG.M.PAT	#	0	SUB	3SG.M.PST-cut	here;now	across	3SG.M.POSS.INAL=	hand	#	then	PURP	ASP=	3SG.M.POSS.INAL=	hand	TOP	ASP=	like_this	only	like_this,"from that time, at that time, the wallaby did not stick together with the dog, like this, he was not feeling good [bətm-a tudəka] because his friend harmed him that he cut here at his hands, then his hands were just like that.",en,MORPHEME_ALIGNED,,lrdw_mp3 lrdw_wav lrdw_eaf lrdw_xml lrdw_tsv,,422487,439601,##	other	=adp	dem_other	adp	np:dt	=rn	rn	other	np.d:a	=rn	=other	other	v:pred	rv	=ln	np.d:p	=rn	other	#neg	other	=other	other	=other	other	other:pred	adp	=pro.d:obl	#	other	ln_pro.d:poss	np.d:a	=rn	v:pred	rv	=pro.d:p	#	0.d:a	other	v:pred	other:p	adp	=ln_pro.d:poss	np:obl	#purp	other	other	=other	=ln_pro.d:poss	np:s	other	=other	other:pred	other	other,,lrdw,∅	∅	∅	∅	∅	bridging	∅	∅	∅	∅	∅	∅	∅	∅	∅	∅	∅	∅	∅	∅	∅	∅	∅	∅	∅	∅	∅	∅	∅	∅	∅	∅	∅	∅	∅	∅	∅	∅	∅	∅	∅	∅	∅	∅	∅	∅	∅	∅	∅	∅	∅	∅	∅	∅	∅,∅	∅	∅	∅	∅	5024	∅	∅	∅	5002	∅	∅	∅	∅	∅	∅	5001	∅	∅	∅	∅	∅	∅	∅	∅	∅	∅	5002	∅	∅	5002	5001	∅	∅	∅	5002	∅	5001	∅	∅	∅	∅	5002	5016	∅	∅	∅	∅	5002	5016	∅	∅	∅	∅	∅,∅	∅	∅	∅	∅	5024	∅	∅	∅	5002	∅	∅	∅	∅	∅	∅	5001	∅	∅	∅	∅	∅	∅	∅	∅	∅	∅	5002	∅	∅	5002	5001	∅	∅	∅	5002	∅	5001	∅	∅	∅	∅	5002	5016	∅	∅	∅	∅	5002	5016	∅	∅	∅	∅	∅
lrdw_0047,mctulil,nəbət o apir be tudəka ana kəvova.,#	nə-bət	o	a-pir	be	tudək	=a	a-n	=a	kəvov	=a,#	LOC-PROX2	TOP	ART-story	at	wallaby	=SG.CL:MASC	3SG.M-COM	=PAT	dog	=SG.CL:MASC,that is the story about wallaby and the dog.,en,MORPHEME_ALIGNED,,lrdw_mp3 lrdw_wav lrdw_eaf lrdw_xml lrdw_tsv,,439601,443987,##	dem_other:dt_s	other	np:pred	adp	np.d:obl	=rn	rn	=rn	rn_np.d	=rn,,lrdw,∅	∅	∅	∅	∅	∅	∅	∅	∅	∅	∅,∅	∅	∅	∅	∅	5002	∅	∅	∅	5001	∅,∅	∅	∅	∅	∅	5002	∅	∅	∅	5001	∅
lrdw_0048,mctulil,"io toktok məgət, o kəvova kori attaup moli be tudəka doto atamanənga tudəka ba tipur, kori moli, kori moli.",#	io	toktok	məgət	#	o	kəvov	=a	kori	at-taup	moli	be	tudək	=a	#	doto	#	at-a~manənga	=a	tudək	=a	ba	tipur	#	kori	moli	#	kori	moli,#	then	end	today	#	TOP	dog	=SG.CL:MASC	NEG	3SG.M.NPST-catch	again	at	wallaby	=SG.CL:MASC	#	when;if	#	3SG.M.NPST-RED~chase	=PAT	wallaby	=SG.CL:MASC	in	bush	#	NEG	real	#	NEG	real,"then until today, the dog cannot catch tudəka, when he is chasing wallaby in the bush, never, never.",en,MORPHEME_ALIGNED,,lrdw_mp3 lrdw_wav lrdw_eaf lrdw_xml lrdw_tsv,,443987,452717,#nc	nc	nc	nc	#nc	nc	nc	nc	nc	nc	nc	nc	nc	nc	#nc	nc	#nc	nc	nc	nc	nc	nc	nc	#nc	nc	nc	#nc	nc	nc,,lrdw,∅	∅	∅	∅	∅	∅	∅	∅	∅	∅	∅	∅	∅	∅	∅	∅	∅	∅	∅	∅	∅	∅	∅	∅	∅	∅	∅	∅	∅,∅	∅	∅	∅	∅	∅	∅	∅	∅	∅	∅	∅	∅	∅	∅	∅	∅	∅	∅	∅	∅	∅	∅	∅	∅	∅	∅	∅	∅,∅	∅	∅	∅	∅	∅	∅	∅	∅	∅	∅	∅	∅	∅	∅	∅	∅	∅	∅	∅	∅	∅	∅	∅	∅	∅	∅	∅	∅
lrdw_0049,mctulil,"aloktang, aloktang, io doto atatang o kəvova o bəkori atəm tərvi ate, tudəka o vi nəbi? tove atamatang, vəmatang na(?) va kəbəlua, me və katə kabar, idə idəpuna nəmumə da doto bə reite atatang mənəbo ar nəmumə navodi, navodi, atatang nəbo ar nəmumə.",#	#	aloktang	#	#	aloktang	#	#	io	doto	#	at-atang	#	o	kəvov	=a	o	bə=	kori	#	a-təm	tərvi	at-e	#	tudək	=a	o	#	v-i	nə-bi	#	tove	#	at-a~matang	#	#	və-m~matang	n	=a	va	kəbəlu	=a	me	və=	katə	kabar	#	idə	idə-pun	=a	nə-mumə	#	da	#	doto	bə	reit	=e	#	#	at-atang	mə=	nə-bo	ar	nə-mumə	navodi	navodi	#	#	at-atang	nə-bo	ar	nə-mumə,#	#	3SG.M.NPST-circle_around	#	#	3SG.M.NPST-circle_around	#	#	then	when;if	#	3SG.M.NPST-jump	#	TOP	dog	=SG.CL:MASC	TOP	ASP=	NEG	#	3SG.M.NPST-know	fail	3SG.M-QUOT	#	wallaby	=SG.CL:MASC	TOP	#	3SG.M.PST-walk	LOC-where	#	because	#	3SG.M.NPST-RED~jump	#	#	3SG.M.PST-RED~jump	INSTR	=PAT	3SG.M.POSS	tail	=SG.CL:MASC	and	3SG.M.POSS.INAL=	katə	kabar	#	3N	3N.PST-throw	=3SG.M.PAT	LOC-DOWN.FAR	#	PURP	#	when;if	ASP	slope	=SG.CL:FEM	#	#	3SG.M.NPST-jump	from=	LOC-UP	still	LOC-DOWN.FAR	like_this	like_this	#	#	3SG.M.NPST-jump	LOC-UP	still	LOC-DOWN.FAR,"he walk around, he walk around, when he jumps the dog won't really know, where the wallaby went? because he [wallaby] always jumps, he jumped with his tail and his long legs, legs and tails pushed him down, when at a slope he will jump from the up down.",en,WORD_ALIGNED,,lrdw_mp3 lrdw_wav lrdw_eaf lrdw_xml lrdw_tsv,,452717,472000,#nc	#nc	nc	#nc	#nc	nc	#nc	#nc	nc	nc	#nc	nc	#nc	nc	nc	nc	nc	nc	nc	#nc	nc	nc	nc	#nc	nc	nc	nc	#nc	nc	nc	#nc	nc	#nc	nc	#nc	#nc	nc	nc	nc	nc	nc	nc	nc	nc	nc	nc	#nc	nc	nc	nc	nc	#nc	nc	#nc	nc	nc	nc	nc	#nc	#nc	nc	nc	nc	nc	nc	nc	nc	#nc	#nc	nc	nc	nc	nc,,lrdw,∅	∅	∅	∅	∅	∅	∅	∅	∅	∅	∅	∅	∅	∅	∅	∅	∅	∅	∅	∅	∅	∅	∅	∅	∅	∅	∅	∅	∅	∅	∅	∅	∅	∅	∅	∅	∅	∅	∅	∅	∅	∅	∅	∅	∅	∅	∅	∅	∅	∅	∅	∅	∅	∅	∅	∅	∅	∅	∅	∅	∅	∅	∅	∅	∅	∅	∅	∅	∅	∅	∅	∅	∅,∅	∅	∅	∅	∅	∅	∅	∅	∅	∅	∅	∅	∅	∅	∅	∅	∅	∅	∅	∅	∅	∅	∅	∅	∅	∅	∅	∅	∅	∅	∅	∅	∅	∅	∅	∅	∅	∅	∅	∅	∅	∅	∅	∅	∅	∅	∅	∅	∅	∅	∅	∅	∅	∅	∅	∅	∅	∅	∅	∅	∅	∅	∅	∅	∅	∅	∅	∅	∅	∅	∅	∅	∅,∅	∅	∅	∅	∅	∅	∅	∅	∅	∅	∅	∅	∅	∅	∅	∅	∅	∅	∅	∅	∅	∅	∅	∅	∅	∅	∅	∅	∅	∅	∅	∅	∅	∅	∅	∅	∅	∅	∅	∅	∅	∅	∅	∅	∅	∅	∅	∅	∅	∅	∅	∅	∅	∅	∅	∅	∅	∅	∅	∅	∅	∅	∅	∅	∅	∅	∅	∅	∅	∅	∅	∅	∅
lrdw_0050,mctulil,"nəbət konəng be bokbok be tudəka ana kəvova, navodi, mərek.",#	nə-bət	konəng	be	bokbok	be	tudək	=a	a-n	=a	kəvov	=a	navodi	#	mərek,#	LOC-PROX2	only	at	story	at	wallaby	=SG.CL:MASC	3SG.M-COM	=PAT	dog	=SG.CL:MASC	like_this	#	good,"like that, the story about wallaby and dog, like this, thanks.",en,MORPHEME_ALIGNED,,lrdw_mp3 lrdw_wav lrdw_eaf lrdw_xml lrdw_tsv,,472000,479448,#nc	nc	nc	nc	nc	nc	nc	nc	nc	nc	nc	nc	nc	#nc	nc,,lrdw,∅	∅	∅	∅	∅	∅	∅	∅	∅	∅	∅	∅	∅	∅	∅,∅	∅	∅	∅	∅	∅	∅	∅	∅	∅	∅	∅	∅	∅	∅,∅	∅	∅	∅	∅	∅	∅	∅	∅	∅	∅	∅	∅	∅	∅
lrdw_0051,mctulil,"maməni o ipvar me tang me itleir təpmə tang to kəvova vənitəng da tudəka vənok, io da bə tudəka o bə navodi, navodi, navodi.",#	maməni	o	#	ip-var	me	tang	#	me	#	it-leir	təpmə	tang	#	to	kəvov	=a	və-nitəng	da	tudək	=a	və=	nok	#	io	da	bə	tudək	=a	o	bə	navodi	navodi	navodi,#	first	TOP	#	3DL.M.PST-be_friend	APPL	REFL	#	and	#	3DL.M.PST-harm	with	REFL	#	SUB	dog	=SG.CL:MASC	3SG.M.PST-bite	on	wallaby	=SG.CL:MASC	3SG.M.POSS.INAL=	hand	#	then	PURP	ASP	wallaby	=SG.CL:MASC	TOP	ASP	like_this	like_this	like_this,"at first the two were friends with each other but they harmed each other because the dog bit wallaby's hands, then the wallaby became like this, this and this.",en,MORPHEME_ALIGNED,,lrdw_mp3 lrdw_wav lrdw_eaf lrdw_xml lrdw_tsv,,479448,490435,#nc	nc	nc	#nc	nc	nc	nc	#nc	nc	#nc	nc	nc	nc	#nc	nc	nc	nc	nc	nc	nc	nc	nc	nc	#nc	nc	nc	nc	nc	nc	nc	nc	nc	nc	nc,,lrdw,∅	∅	∅	∅	∅	∅	∅	∅	∅	∅	∅	∅	∅	∅	∅	∅	∅	∅	∅	∅	∅	∅	∅	∅	∅	∅	∅	∅	∅	∅	∅	∅	∅	∅,∅	∅	∅	∅	∅	∅	∅	∅	∅	∅	∅	∅	∅	∅	∅	∅	∅	∅	∅	∅	∅	∅	∅	∅	∅	∅	∅	∅	∅	∅	∅	∅	∅	∅,∅	∅	∅	∅	∅	∅	∅	∅	∅	∅	∅	∅	∅	∅	∅	∅	∅	∅	∅	∅	∅	∅	∅	∅	∅	∅	∅	∅	∅	∅	∅	∅	∅	∅
lrdw_0052,mctulil,"me bə vamərkəm konəng ip, me va kəbəlua idə to ittəməna.",#	me	bə	va	mərkəm	konəng	ip	#	me	va	kəbəlu	=a	#	idə	to	#	it-təmən	=a,#	and	ASP	3SG.M.POSS	thigh	only	3DL.M	#	and	3SG.M.POSS	tail	=SG.CL:MASC	#	3N	REL	#	3N.NPST-push	=3SG.M.PAT,"then it's just his legs, and his tail that are pushing him (a)",en,MORPHEME_ALIGNED,,lrdw_mp3 lrdw_wav lrdw_eaf lrdw_xml lrdw_tsv,,490435,494935,#nc	nc	nc	nc	nc	nc	nc	#nc	nc	nc	nc	nc	#nc	nc	nc	#nc	nc	nc,,lrdw,∅	∅	∅	∅	∅	∅	∅	∅	∅	∅	∅	∅	∅	∅	∅	∅	∅	∅,∅	∅	∅	∅	∅	∅	∅	∅	∅	∅	∅	∅	∅	∅	∅	∅	∅	∅,∅	∅	∅	∅	∅	∅	∅	∅	∅	∅	∅	∅	∅	∅	∅	∅	∅	∅
lrdw_0053,mctulil,nəbət konəng me mərek vəvat.,#	nəbət	konəng	#	me	mərek	vəvat,#	LOC-PROX2	only	#	and	good	very,like that and thanks a lot.,en,WORD_ALIGNED,,lrdw_mp3 lrdw_wav lrdw_eaf lrdw_xml lrdw_tsv,,494935,497861,#nc	nc	nc	#nc	nc	nc	nc,,lrdw,∅	∅	∅	∅	∅	∅	∅,∅	∅	∅	∅	∅	∅	∅,∅	∅	∅	∅	∅	∅	∅
sves_0001,mctulil,do da nganəngar be amolia ana va dərnge.,#	do	da	ngan-əngar	be	a-moli	=a	a-n	=a	va	dərng	=e,#	now;here	PURP	1SG.NPST-say	at	ART-person	=SG.CL:MASC	3SG.M-with	=PAT	3SG.M.POSS	old	=SG.CL:FEM,Now I'm going to tell about a man and his wife.,en,MORPHEME_ALIGNED,,sves_mp3 sves_wav sves_eaf sves_xml sves_tsv,,6010,11457,#nc	nc	nc	nc	nc	nc	nc	nc	nc	nc	nc	nc,,sves,∅	∅	∅	∅	∅	∅	∅	∅	∅	∅	∅	∅,∅	∅	∅	∅	∅	∅	∅	∅	∅	∅	∅	∅,∅	∅	∅	∅	∅	∅	∅	∅	∅	∅	∅	∅
sves_0002,mctulil,ngang e-venang.,#	ngang	e-venang,#	1SG	ART-something,My name is Miss something.,en,MORPHEME_ALIGNED,,sves_mp3 sves_wav sves_eaf sves_xml sves_tsv,,11457,16507,#nc	nc	nc,,sves,∅	∅	∅,∅	∅	∅,∅	∅	∅
sves_0003,mctulil,"do nganəngar be amolia ana vadərnge to ve dərnga o molimolia be gup, gup mata bəli kuobər ba tipur, to vətəma gup.",#	0	do	ngan-əngar	be	a-moli	=a	a-n	=a	va	dərng	=e	#	to	ve	dərng	=a	o	molimoli	=a	be	gup	#	gup	mat	=a	bəli	kuobər	ba	tipur	#	0	to	və-təm	=a	gup,#	0	NC	1SG.NPST-say	at	ART-person	=SG.CL:MASC	3SG.M-with	=PAT	3SG.M.POSS	old	=SG.CL:FEM	#	SUB	3SG.F.POSS	old	=SG.CL:MASC	TOP	people	=SG.CL:MASC	at	hunt	#	hunt	get	=pat	pig	wild	in	woods	#	0	SUB	3SG.M.PST-know	=PAT	hunt,"I'm going to tell about a man and his wife, whose husband is a person of hunting, hunting for wild pigs in the bush, because he knew hunting.",en,MORPHEME_ALIGNED,,sves_mp3 sves_wav sves_eaf sves_xml sves_tsv,,16507,33156,##	0.1:a	nc	v:pred	rv_adp	np.h:p	=rn	rn	=rn	rn_pro.h:poss	rn_np.h	=rn	#	other	ln_pro.h:poss	np.h:s	=rn	other	np.h:pred	=rn	rn	rn	#appos	vother:pred	rv	=ln	np:p	rn	adp	np:l	#	0.h:a	other	v:pred	=ln	np:p,,sves,∅	∅	∅	∅	∅	new	∅	∅	∅	∅	bridging	∅	∅	∅	∅	∅	∅	∅	∅	∅	∅	∅	∅	∅	∅	∅	new	∅	∅	new	∅	∅	∅	∅	∅	bridging,∅	∅	∅	∅	∅	6001	∅	∅	∅	6001	6002	∅	∅	∅	6002	6001	∅	∅	∅	∅	∅	∅	∅	∅	∅	∅	6003	∅	∅	6004	∅	6001	∅	∅	∅	6005,∅	∅	∅	∅	∅	6001	∅	∅	∅	6001	6002	∅	∅	∅	6002	6001	∅	∅	∅	∅	∅	∅	∅	∅	∅	∅	6003	∅	∅	6004	∅	6001	∅	∅	∅	6005
sves_0004,mctulil,"io, vənu tarə, o vəppi təba tipur vənggup.",#	0	io	vənu	tarə	o	və-p~pi	tə=	ba	tipur	#	0	və-ng~gup,#	0	then	day	many.NHUM	TOP	3SG.M.PST-RED~NSPEC	to=	in	woods	#	0	3SG.M.PST-RED~hunt,"then, many times, he went to the bush, he hunted.",en,MORPHEME_ALIGNED,,sves_mp3 sves_wav sves_eaf sves_xml sves_tsv,,33156,37630,##	0.h:s	other	np:dt	rn	other	v:pred	=adp	adp	np:g	#	0.h:s	v:pred,,sves,∅	∅	∅	∅	∅	∅	∅	∅	∅	∅	∅	∅	∅,∅	6001	∅	∅	∅	∅	∅	∅	∅	6004	∅	6001	∅,∅	6001	∅	∅	∅	∅	∅	∅	∅	6004	∅	6001	∅
sves_0005,mctulil,io vəre bəli tuka va dərnge ena ipvila.,#	0	io	və-re	bəli	tuk	=a	va	dərng	=e	e-n	=a	ip=	vil	=a,#	0	then	3SG.M.PST-carry	pig	give/RECIP	=PAT	3SG.M.POSS	old	=SG.CL:FEM	3SG.F-with	=PAT	3DL.M.POSS=	son/daughter	=SG.CL:MASC,Then he carried pigs to his wife and their son.,en,MORPHEME_ALIGNED,,sves_mp3 sves_wav sves_eaf sves_xml sves_tsv,,37630,41926,##	0.h:a	other	v:pred	np:p	adp	=ln	ln_pro.h:poss	np.h:g	=rn	rn	=rn	=rn_pro.h:poss	rn_np.h	=rn,,sves,∅	∅	∅	∅	bridging	∅	∅	∅	∅	∅	∅	∅	bridging	new	∅,∅	6001	∅	∅	6006	∅	∅	6001	6002	∅	∅	∅	6007	6008	∅,∅	6001	∅	∅	6006	∅	∅	6001	6002	∅	∅	∅	6007	6008	∅
sves_0006,mctulil,io təmət idə.,#	0	io	tə-mət	idə,#	0	then	3PL.HUM.PST-eat	3N,then they ate them.,en,MORPHEME_ALIGNED,,sves_mp3 sves_wav sves_eaf sves_xml sves_tsv,,41926,44230,##	0.h:a	other	v:pred	pro:p,,sves,∅	bridging	∅	∅	∅,∅	6009	∅	∅	6006,∅	6009	∅	∅	6006
sves_0007,mctulil,"iova vəti təgəvon, o va vəppi moli.",#	0	iova	vəti	təgə	=von	o	va	və-p~pi	moli,#	0	then_again	day	one	=SG.CL:DIM	TOP	again	3SG.M.PST-RED~NSPEC	again,"then one day, he went again.",en,MORPHEME_ALIGNED,,sves_mp3 sves_wav sves_eaf sves_xml sves_tsv,,44230,49430,##	0.h:s	other	np:dt	rn	=rn	other	other	v:pred	rv,,sves,∅	∅	∅	∅	∅	∅	∅	∅	∅	∅,∅	6001	∅	∅	∅	∅	∅	∅	∅	∅,∅	6001	∅	∅	∅	∅	∅	∅	∅	∅
sves_0008,mctulil,"idila bidəmat na da ana vattia təba tipur, dava ip katum itəba tipur, ikgup.",#	idil	=a	b=	idə-mat	n	=a	#	da	a-n	=a	va=	tti	=a	tə=	ba	tipur	#	da-va	ip	katum	i-tə=	ba	tipur	#	0	ik-gup,#	small	=SG.CL:MASC	ASP=	3N-get	APPL	=3SG.M	#	PURP	3SG.M-with	=PAT	3SG.M.POSS=	father	=SG.CL:MASC	to=	in	woods	#	PURP-again	3DL.M	all	3DL.M.NPST-to=	in	woods	#	0	3DL.M.NPST-hunt,"The son wanted to go with his father to the bush, for both of them to go to the bush, they will hunt.",en,MORPHEME_ALIGNED,,sves_mp3 sves_wav sves_eaf sves_xml sves_tsv,,49430,57073,##	np.h:dt_s	=rn	=other	v:pred	rv	=pro.h:s_iv	#	other	pro.h:s	=ln	=ln_pro.h:poss	np.h:obl	=rn	=adp	adp	np:pred_g	#	other	pro.h:s	rn	=rn_pro.h	adp	np:pred_g	#	0.h:s	v:pred,,sves,∅	∅	∅	∅	∅	∅	∅	∅	∅	∅	∅	∅	∅	∅	∅	∅	∅	∅	∅	bridging	∅	∅	∅	∅	∅	∅	∅,∅	6008	∅	∅	∅	∅	6008	∅	∅	6008	∅	6008	6001	∅	∅	∅	6004	∅	∅	6010	∅	∅	∅	6004	∅	6010	∅,∅	6008	∅	∅	∅	∅	6008	∅	∅	6008	∅	6008	6001	∅	∅	∅	6004	∅	∅	6010	∅	∅	∅	6004	∅	6010	∅
sves_0009,mctulil,io mata avi vattia ana.,#	io	mata	a-vi	va=	ttia	a-n	=a,#	then	later	3SG.M-this	3SG.M.POSS=	father	3SG.M-with	=3SG.M,then his father went with him.,en,MORPHEME_ALIGNED,,sves_mp3 sves_wav sves_eaf sves_xml sves_tsv,,57073,60246,#nc	nc	nc	nc	=nc_pro.h	nc_np.h	nc	=nc_pro.h,,sves,∅	∅	∅	∅	∅	∅	∅	∅,∅	∅	∅	∅	6008	6001	∅	6008,∅	∅	∅	∅	6008	6001	∅	6008
sves_0010,mctulil,io ipəppi təba tipur itna kəvop da təgup.,#	0	io	ipə-p~pi	tə=	ba	tipur	it-n	=a	kəvop	#	0	da	tə-gup,#	0	then	3SG.M.PST-RED~NSPEC	to=	in	woods	3DL.M-with	=PAT	dog(.PL)	#	0	PURP	3PL.HUM.PST-hunt,"then they went to the bush, with the dogs for hunting.",en,MORPHEME_ALIGNED,,sves_mp3 sves_wav sves_eaf sves_xml sves_tsv,,60246,65174,##	0.h:s	other	v:pred	=adp	adp	np:g	adp	=ln	np:obl	#	0.h:s	other	v:pred,,sves,∅	∅	∅	∅	∅	∅	∅	∅	∅	bridging	∅	∅	∅	∅,∅	6010	∅	∅	∅	∅	6004	∅	∅	6011	∅	6011	∅	∅,∅	6010	∅	∅	∅	∅	6004	∅	∅	6011	∅	6011	∅	∅
sves_0011,mctulil,"io mata avi laika o kori vənma go bəlia, io bəvən ko mata avi idila.",#	0	io	mata	a-vi	laik	=a	o	kori	vən-m	=a	go	bəli	=a	#	0	io	bə=	v-ən	ko	mat	=a	a-vi	idil	=a,#	0	then	until	3SG.M-this	big	=SG.CL:MASC	TOP	NEG	3SG.M.PST.hit-APPL	=PAT	NSPEC	pig	=SG.CL:MASC	#	0	then	ASP=	3SG.M.PST-hit	only	get	=PAT	3SG.M-this	small	=SG.CL:MASC,"then the father didin't kill any pig, then he killed the kid.",en,MORPHEME_ALIGNED,,sves_mp3 sves_wav sves_eaf sves_xml sves_tsv,,65174,72192,##neg	0.h:a	other	other	dem_pro.h:dt	np.h:appos	rn	other	other	v:pred	=ln	ln	np:p	=rn	##	0.h:a	other	=other	v:pred	rv	rv	=ln	dem_pro.h:p	np.h:appos	=rn,,sves,∅	∅	∅	∅	∅	∅	∅	∅	∅	∅	∅	∅	∅	∅	∅	∅	∅	∅	∅	∅	∅	∅	∅	∅	∅,∅	6001	∅	∅	∅	∅	∅	∅	∅	∅	∅	∅	∅	∅	∅	6001	∅	∅	∅	∅	∅	∅	6008	∅	∅,∅	6001	∅	∅	∅	∅	∅	∅	∅	∅	∅	∅	∅	∅	∅	6001	∅	∅	∅	∅	∅	∅	6008	∅	∅
sves_0012,mctulil,io vərea.,#	0	io	və-re	=a,#	0	then	3SG.M.PST-carry	=3SG.M,"then he carried him, then he mumued him in the bush.",en,MORPHEME_ALIGNED,,sves_mp3 sves_wav sves_eaf sves_xml sves_tsv,,72192,74300,##	0.h:a	other	v:pred	=pro.h:p,,sves,∅	∅	∅	∅	∅,∅	6001	∅	∅	6008,∅	6001	∅	∅	6008
sves_0013,mctulil,io vərai mata ba tipur.,#	0	io	vərai	mat	=a	ba	tipur,#	0	then	3SG.M.PST.mumu	get	=3SG.M	in	woods,"then he carried him, then he mumued him in the bush.",en,MORPHEME_ALIGNED,,sves_mp3 sves_wav sves_eaf sves_xml sves_tsv,,74300,77902,##	0.h:a	other	v:pred	rv	=pro.h:p	adp	np:l,,sves,∅	∅	∅	∅	∅	∅	∅	∅,∅	6001	∅	∅	∅	6008	∅	6004,∅	6001	∅	∅	∅	6008	∅	6004
sves_0014,mctulil,vəmana vəlata.,#	0	və-man	=a	və=	lat	=a,#	0	3SG.M.PST-remove	=PAT	3SG.M.POSS.INAL=	head	=SG.CL:MASC,"he removed his head, he gave his head to the dogs, and his legs and his hand, and he just carried his main body.",en,MORPHEME_ALIGNED,,sves_mp3 sves_wav sves_eaf sves_xml sves_tsv,,77902,80050,##	0.h:a	v:pred	=ln	=ln_pro.h:poss	np:p	=rn,,sves,∅	∅	∅	∅	∅	bridging	∅,∅	6001	∅	∅	6008	6012	∅,∅	6001	∅	∅	6008	6012	∅
sves_0015,mctulil,"vəlata o vətuka kəvop na, me vəkatə me vənok.",#	0	və=	lat	=a	o	və-tuk	=a	kəvop	n	=a	me	və=	katə	me	və=	nok,#	0	3SG.M.POSS.INAL=	head	=SG.CL:MASC	TOP	3SG.M.PST-give	=PAT	dog	APPL	=SG.CL:MASC	and	3SG.M.POSS.INAL=	foot	and	3SG.M.POSS.INAL=	hand,"he removed his head, he gave his head to the dogs, and his legs and his hand, and he just carried his main body.",en,MORPHEME_ALIGNED,,sves_mp3 sves_wav sves_eaf sves_xml sves_tsv,,80050,85440,##	0.h:a	=ln_pro.h:poss	np:dt_obl	=rn	other	v:pred	=ln	np:p	adp	=pro:obl	other	=ln_pro.h:poss	np:appos	rn	=rn_pro.h:poss	rn_np,,sves,∅	∅	∅	∅	∅	∅	∅	∅	∅	∅	∅	∅	∅	bridging	∅	∅	bridging,∅	6001	6008	6012	∅	∅	∅	∅	6011	∅	∅	∅	6008	6013	∅	6008	6014,∅	6001	6008	6012	∅	∅	∅	∅	6011	∅	∅	∅	6008	6013	∅	6008	6014
sves_0016,mctulil,me bəvəre konəng na va mədərve.,#	0	me	bə=	və-re	konəng	n	=a	va	mədərv	=e,#	0	and	ASP=	3SG.M.PST-carry	only	APPL	=PAT	3SG.M.POSS	middle	=SG.CL:FEM,"he removed his head, he gave his head to the dogs, and his legs and his hand, and he just carried his main body.",en,MORPHEME_ALIGNED,,sves_mp3 sves_wav sves_eaf sves_xml sves_tsv,,85440,89223,##	0.h:a	other	=other	v:pred	rv	rv	=ln	ln_pro.h:poss	np:p	=rn,,sves,∅	∅	∅	∅	∅	∅	∅	∅	∅	bridging	∅,∅	6001	∅	∅	∅	∅	∅	∅	6008	6015	∅,∅	6001	∅	∅	∅	∅	∅	∅	6008	6015	∅
sves_0017,mctulil,vorən mate da vəre təba məngəda tuka va dərnge.,#	0	v-orən	mat	=e	#	0	0	da	və-re	tə=	ba	məngəd	=a	tuk	=a	va	dərng	=e,#	0	3SG.M.PST-wrap	get	=3SG.F	#	0	0	PURP	3SG.M.PST-carry	to=	in	home	=SG.CL:MASC	give	=PAT	3SG.M.POSS	old	=SG.CL:FEM,"he wrapped the body and brought home to his wife, and he already ate him.",en,MORPHEME_ALIGNED,,sves_mp3 sves_wav sves_eaf sves_xml sves_tsv,,89223,93880,##	0.h:a	v:pred	rv	=pro:p	#	0.h:a	0:p	other	v:pred	=adp	adp	np:g	=rn	adp	=ln	ln_pro.h:poss	np.h:obl	=rn,,sves,∅	∅	∅	∅	∅	∅	∅	∅	∅	∅	∅	∅	bridging	∅	∅	∅	∅	∅	∅,∅	6001	∅	∅	6015	∅	6001	6015	∅	∅	∅	∅	6016	∅	∅	∅	6001	6002	∅,∅	6001	∅	∅	6015	∅	6001	6015	∅	∅	∅	∅	6016	∅	∅	∅	6001	6002	∅
sves_0018,mctulil,me iap vət mat bema.,#	me	iap	v-ət	mat	bem	=a,#	and	3SG.M	3SG.M.PST-eat	finish	at	=SG.CL:MASC,and he already ate him.,en,MORPHEME_ALIGNED,,sves_mp3 sves_wav sves_eaf sves_xml sves_tsv,,93880,96360,##	other	pro.h:a	v:pred	rv	rv	=pro.h:p,,sves,∅	∅	∅	∅	∅	∅	∅,∅	∅	6001	∅	∅	∅	6015,∅	∅	6001	∅	∅	∅	6015
sves_0019,mctulil,io vəppi.,#	0	io	və-p~pi,#	0	then	3SG.M.PST-RED~NSPEC,[UNCLEAR],en,MORPHEME_ALIGNED,,sves_mp3 sves_wav sves_eaf sves_xml sves_tsv,,96360,97640,##	0.h:s	other	v:pred,,sves,∅	∅	∅	∅,∅	6001	∅	∅,∅	6001	∅	∅
sves_0020,mctulil,"bəvəliu təba məngəda təpma gativoi voivi na idila avi va vərete, to vəliu təpme da bəmeva va dərnge ba məngəda.",#	0	bə=	və-liu	tə=	ba	məngəd	=a	təpm	=a	gati	=voi	voi-vi	n	=a	idil	=a	a-vi	va	vəret	=e	#	0	to	və-liu	təpm	=e	#	da	bə=	mev	=a	va	dərng	=e	ba	məngəd	=a,#	0	ASP=	3SG.M.PST-return	to=	in	home	=SG.CL:MASC	with	=PAT	share	=SG.CL:FLAT	SG.FLAT-this	APPL	=PAT	small	=SG.CL:MASC	3SG.M-this	3SG.M.POSS	side	=SG.CL:FEM	#	0	SUB	3SG.M.PST-return	with	=3SG.M	#	PURP	ASP=	for	=PAT	3SG.M.POSS	old	=SG.CL:FEM	in	home	=SG.CL:MASC,"he went, back to home with the parcel with the kid's half, that he went back for his wife (to eat).",en,MORPHEME_ALIGNED,,sves_mp3 sves_wav sves_eaf sves_xml sves_tsv,,97640,110419,##	0.h:s	=other	v:pred	=adp	adp	np:g	=rn	adp	=ln	np:obl	=rn	rn	rn	=rn	rn_np.h:poss	=rn	rn	rn_pro.h:poss	rn	=rn	#	0.h:s	other	v:pred	adp	=pro.h:obl	#	other	=other	adp	=ln	ln_pro.h:poss	np.h:obl	=rn	adp	np:l	=rn,,sves,∅	∅	∅	∅	∅	∅	∅	∅	∅	∅	bridging	∅	∅	∅	∅	∅	∅	∅	∅	∅	∅	∅	∅	∅	∅	∅	∅	∅	∅	∅	∅	∅	∅	∅	∅	∅	∅	∅,∅	6001	∅	∅	∅	∅	6016	∅	∅	∅	6017	∅	∅	∅	∅	6008	∅	∅	6008	∅	∅	∅	6001	∅	∅	∅	6017	∅	∅	∅	∅	∅	6001	6002	∅	∅	6016	∅,∅	6001	∅	∅	∅	∅	6016	∅	∅	∅	6017	∅	∅	∅	∅	6008	∅	∅	6008	∅	∅	∅	6001	∅	∅	∅	6017	∅	∅	∅	∅	∅	6001	6002	∅	∅	6016	∅
sves_0021,mctulil,"io bələtna ba məngəda təpma kəripe evi na molimolia avi va vərete, idila, va vərete da vəre meva va dərnge ba məngəda.",#	io	bə=	lət-n	=a	ba	məngəd	=a	təpm	=a	kərip	=e	e-vi	n	=a	molimoli	=a	a-vi	va	vəret	=e	idil	=a	va	vəret	=e	#	0	da	və-re	mev	=a	va	dərng	=e	ba	məngəd	=a,#	then	ASP=	arrive-APPL	=3SG.M	in	home	=SG.CL:MASC	with	=PAT	parcel	=SG.CL:FEM	3SG.F-this	APPL	=PAT	people	=SG.CL:MASC	3SG.M-this	3SG.M.POSS	side	=SG.CL:FEM	small	=SG.CL:MASC	3SG.M.POSS	side	=SG.CL:FEM	#	0	PURP	3SG.M.PST-carry	for	=PAT	3SG.M.POSS	old	=SG.CL:FEM	in	home	=SG.CL:MASC,"then he arrived at home with the parcel with the man's half, the kid's half that he carried for his wife at home.",en,MORPHEME_ALIGNED,,sves_mp3 sves_wav sves_eaf sves_xml sves_tsv,,110419,125890,##	other	=other	v:pred	=pro.h:s_sv	adp	np:g	=rn	adp	=ln	np:obl	=rn	rn	rn	=rn	rn_np	=rn	rn	rn_pro.h:poss	rn_np	=rn	rn_np.h:poss	=rn	ln_pro.h:poss	np:appos	=rn	#	0.h:s	other	v:pred	adp	=ln	ln_pro.h:poss	np.h:obl	=rn	rn	rn	=rn,,sves,∅	∅	∅	∅	∅	∅	∅	∅	∅	∅	∅	∅	∅	∅	∅	∅	∅	∅	∅	∅	∅	∅	∅	∅	∅	∅	∅	∅	∅	∅	∅	∅	∅	∅	∅	∅	∅	∅,∅	∅	∅	∅	6001	∅	6016	∅	∅	∅	6017	∅	∅	∅	∅	6017	∅	∅	6008	6017	∅	6008	∅	6008	6017	∅	∅	6001	∅	∅	∅	∅	6001	6002	∅	∅	6016	∅,∅	∅	∅	∅	6001	∅	6016	∅	∅	∅	6017	∅	∅	∅	∅	6017	∅	∅	6008	6017	∅	6008	∅	6008	6017	∅	∅	6001	∅	∅	∅	∅	6001	6002	∅	∅	6016	∅
sves_0022,mctulil,"io, lətna təpme, gativoi voivi, io vətəvat nə voi ga va dərnge imi, da va dərnge betət poi.",#	io	lət-n	=a	təpm	=e	gati	=voi	voi-vi	#	0	io	və-təvat	nə	voi	ga	va	dərng	=e	imi	#	da	va	dərng	=e	b=	e-tət	poi,#	then	arrive-APPL	=3SG.M	with	=SG.CL:FEM	share	=3SG.CL:FLAT	SG.FLAT-this	#	0	then	3SG.M.PST-release	APPL	SG.CL:FLAT	cross	3SG.M.POSS	old	=SG.CL:FEM	3SG.F.POSS.eye	#	PURP	3SG.M.POSS	old	=SG.CL:FEM	ASP=	3SG.F.PST-eat	SG.CL:FLAT,"he arrived with it, the share, he put it in front of his wife, for his wife to eat.",en,MORPHEME_ALIGNED,,sves_mp3 sves_wav sves_eaf sves_xml sves_tsv,,125890,135555,##	other	v:pred	=pro.h:s_sv	adp	=pro:obl	np:appos	=rn	rn	#	0.h:a	other	v:pred	rv	pro:p	adp	ln_pro.h:poss	ln_np.h:poss	=ln	np.h:l	#	other	ln_pro.h:poss	np.h:a	=rn	=other	v:pred	pro:p,,sves,∅	∅	∅	∅	∅	∅	∅	∅	∅	∅	∅	∅	∅	∅	∅	∅	∅	∅	∅	bridging	∅	∅	∅	∅	∅	∅	∅	∅,∅	∅	∅	6001	∅	6017	∅	∅	∅	∅	6001	∅	∅	∅	6017	∅	6001	6002	∅	6018	∅	∅	6001	6002	∅	∅	∅	6017,∅	∅	∅	6001	∅	6017	∅	∅	∅	∅	6001	∅	∅	∅	6017	∅	6001	6002	∅	6018	∅	∅	6001	6002	∅	∅	∅	6017
sves_0023,mctulil,"io, mata evi va dərnge biməti da gativoi voivi.",#	io	mata	e-vi	va	dərng	=e	b=	i-məti	da	gati	=voi	voi-vi,#	then	until	3SG.F-this	3SG.M.POSS	old	=SG.CL:FEM	ASP=	3SG.F.PST-untie	on	share	=SG.CL:FLAT	=3SG.CL:FLAT-this,"then his wife untied the parcel, then for her to eat.",en,WORD_ALIGNED,,sves_mp3 sves_wav sves_eaf sves_xml sves_tsv,,135555,140570,##	other	other	dem_pro.h:a	ln_pro.h:poss	np.h:appos	=rn	=other	v:pred	rv_adp	np:p	=rn	rn,,sves,∅	∅	∅	∅	∅	∅	∅	∅	∅	∅	∅	∅	∅,∅	∅	∅	6002	6001	6002	∅	∅	∅	∅	6017	∅	∅,∅	∅	∅	6002	6001	6002	∅	∅	∅	∅	6017	∅	∅
sves_0024,mctulil,io da bimmət.,#	0	io	da	b=	i-m~mət,#	0	then	PURP	ASP=	3SG.F.PST-RED~eat,"then his wife untied the parcel, then for her to eat.",en,MORPHEME_ALIGNED,,sves_mp3 sves_wav sves_eaf sves_xml sves_tsv,,140570,142310,##	0.h:s	other	other	=other	v:pred,,sves,∅	∅	∅	∅	∅	∅,∅	6002	∅	∅	∅	∅,∅	6002	∅	∅	∅	∅
sves_0025,mctulil,bimmət navodi io bitira.,#	0	b=	i-m~mət	navodi	#	0	io	b=	i-tir	=a,#	0	ASP=	3SG.F.PST-RED~eat	like.this	#	0	then	ASP=	3SG.F.PST-ask	=3SG.M.PAT,"then she was eating, and she asked him.",en,MORPHEME_ALIGNED,,sves_mp3 sves_wav sves_eaf sves_xml sves_tsv,,142310,145110,##	0.h:s	=other	v:pred	other	##	0.h:a	other	=other	v:pred	=pro.h:p,,sves,∅	∅	∅	∅	∅	∅	∅	∅	∅	∅	∅,∅	6002	∅	∅	∅	∅	6002	∅	∅	∅	6001,∅	6002	∅	∅	∅	∅	6002	∅	∅	∅	6001
sves_0026,mctulil,"bitira ete, 'me nging o ngunu vila o babi?'",#	0	b=	i-tir	=a	e-te	#	me	nging	o	ngunu	vil	=a	o	b=	a-bi,#	0	ASP=	3SG.F.PST-ask	=3SG.M.PAT	3SG.F-QUOT	#	and	2SG	TOP	1DL.POSS	offspring	=SG.CL:MASC	TOP	ASP=	3SG.M-where,"she asked him, 'and where is our son?'",en,MORPHEME_ALIGNED,,sves_mp3 sves_wav sves_eaf sves_xml sves_tsv,,145110,148600,##	0.h:a_ds	=other	v:pred	=pro.h:p	other	##ds	other	pro.2:dt	other	ln_pro.1:poss	np.h:s	=rn	other	=other	other:pred,,sves,∅	∅	∅	∅	∅	∅	∅	∅	∅	∅	∅	∅	∅	∅	∅	∅,∅	6002	∅	∅	6001	∅	∅	∅	6001	∅	6007	6008	∅	∅	∅	∅,∅	6002	∅	∅	6001	∅	∅	∅	6001	∅	6007	6008	∅	∅	∅	∅
sves_0027,mctulil,'ngunu vila o babi?',#	ngunu	vil	=a	o	b=	a-bi,#	1DL.POSS	offspring	=SG.CL:MASC	TOP	ASP=	3SG.M-where,"then his wife loosened the parcel, then she was eating, and she asked him, 'and where is our son?'",en,MORPHEME_ALIGNED,,sves_mp3 sves_wav sves_eaf sves_xml sves_tsv,,148600,150539,##ds	ln_pro.1:poss	np.h:s	=rn	other	=other	other:pred,,sves,∅	∅	∅	∅	∅	∅	∅,∅	6007	6008	∅	∅	∅	∅,∅	6007	6008	∅	∅	∅	∅
sves_0028,mctulil,"avi məna kori vəbokbok, me məna kori vəkiata evi va dərnge evi ikən to itira, ibokbok nandi.",#	a-vi	məna	kori	və-bokbok	me	#	0	məna	kori	və-kiat	=a	e-vi	va	dərng	=e	e-vi	i=	kən	#	0	to	i-tir	=a	#	0	i-bokbok	nandi,#	3SG.M-this	NC	NEG	3SG.M.PST-talk	and	#	0	NC	NEG	3SG.M.PST-answer	=PAT	3SG.F-this	3SG.M.POSS	old	=SG.CL:FEM	3SG.F-this	3SG.F.POSS.INAL=	voice	#	0	SUB	3SG.F.PST-ask	=3SG.F.PAT	#	0	3SG.F.PST-talk	like.this,"he didn't talk, and he didin't answer to his wife's voice that she asked him, she said like that.",en,MORPHEME_ALIGNED,,sves_mp3 sves_wav sves_eaf sves_xml sves_tsv,,150539,160601,##neg	dem_pro.h:s	nc	other	v:pred	other	##neg	0.h:a	nc	other	v:pred	=ln	ln_dem_pro.h:poss	ln_pro.h:poss	ln_np.h:poss	=ln	ln	=ln_pro.h:poss	np:p	#	0.h:a	other	v:pred	=pro.h:p	#	0.h:s	v:pred	other,,sves,∅	∅	∅	∅	∅	∅	∅	∅	∅	∅	∅	∅	∅	∅	∅	∅	∅	∅	bridging	∅	∅	∅	∅	∅	∅	∅	∅	∅,∅	6001	∅	∅	∅	∅	∅	6001	∅	∅	∅	∅	6002	6001	6002	∅	∅	6002	6019	∅	6002	∅	∅	6001	∅	6002	∅	∅,∅	6001	∅	∅	∅	∅	∅	6001	∅	∅	∅	∅	6002	6001	6002	∅	∅	6002	6019	∅	6002	∅	∅	6001	∅	6002	∅	∅
sves_0029,mctulil,"ava itir moli, ete, 'məie ngunu vila babi?'",#	0	ava	i-tir	moli	e-te	#	məie	ngunu	vil	=a	b=	a-bi,#	0	again	3SG.F.PST-ask	again	3SG.F-QUOT	#	but	1DL.POSS	offspring	=SG.CL:MASC	ASP=	3SG.M-where,"she asked again, she said, 'but where's our son?'",en,MORPHEME_ALIGNED,,sves_mp3 sves_wav sves_eaf sves_xml sves_tsv,,160601,165185,##	0.h:s_ds	other	v:pred	rv	other:pred	##ds	other	ln_pro.1:poss	np.h:s	=rn	=other	intrg_other:pred,,sves,∅	∅	∅	∅	∅	∅	∅	∅	∅	∅	∅	∅	∅,∅	6002	∅	∅	∅	∅	∅	∅	6007	6008	∅	∅	∅,∅	6002	∅	∅	∅	∅	∅	∅	6007	6008	∅	∅	∅
sves_0030,mctulil,"io vəngar ko tuke ate, 'me gəri ubət to nginəmət?'",#	0	io	v-əngar	ko	tuk	=e	a-te	#	me	gəri	u-bət	#	0	0	to	ngin-ə~mət,#	0	then	3SG.M.PST-say	only	to	=3SG.F.PAT	3SG.M-QUOT	#	and	what	3N-that	#	0	0	REL	1SG.NPST-RED~eat,"then he just said to her, 'and what are you eating?'",en,MORPHEME_ALIGNED,,sves_mp3 sves_wav sves_eaf sves_xml sves_tsv,,165185,169980,##	0.h:s_ds	other	v:pred	rv	adp	=pro.h:g	other	##ds	other	intrg_other:pred	dem_pro:s	#ds_rc	0.2:a	0:p	other	v:pred,,sves,∅	∅	∅	∅	∅	∅	∅	∅	∅	∅	∅	∅	∅	∅	∅	∅	∅,∅	6001	∅	∅	∅	∅	6002	∅	∅	∅	∅	6017	∅	6002	6017	∅	∅,∅	6001	∅	∅	∅	∅	6002	∅	∅	∅	∅	6017	∅	6002	6017	∅	∅
sves_0031,mctulil,'gəri ubət to nginəmət?',#	gəri	u-bət	#	0	0	to	ngin-ə~mət,#	what	3N-that	#	0	0	REL	1SG.NPST-RED~eat,"then he just said to her, 'and what are you eating?'",en,MORPHEME_ALIGNED,,sves_mp3 sves_wav sves_eaf sves_xml sves_tsv,,169980,172305,##ds	intrg_other:pred	dem_pro:s	#ds_rc	0.1:a	0:p	other	v:pred,,sves,∅	∅	∅	∅	∅	∅	∅	∅,∅	∅	6017	∅	6002	6017	∅	∅,∅	∅	6017	∅	6002	6017	∅	∅
sves_0032,mctulil,"io evi o bəttəp konəng ne, me bəkori go bokbok.",#	io	e-vi	o	bə=	t-təp	konəng	n	=e	me	#	bə=	kori	go	bokbok,#	then	3SG.F-this	TOP	ASP=	RED-stop	only	APPL	=3SG.F	and	#	ASP=	NEG	NSPEC	talk,"She stopped talking [kept quiet], and (she has) no talk.",en,MORPHEME_ALIGNED,,sves_mp3 sves_wav sves_eaf sves_xml sves_tsv,,172305,177460,##	other	dem_pro.h:dt_s	other	=other	v:pred	rv	rv	=pro.h:s_sv	other	#neg	=other	other	ln	np:pred,,sves,∅	∅	∅	∅	∅	∅	∅	∅	∅	∅	∅	∅	∅	∅	∅,∅	∅	6002	∅	∅	∅	∅	∅	6002	∅	∅	∅	∅	∅	∅,∅	∅	6002	∅	∅	∅	∅	∅	6002	∅	∅	∅	∅	∅	∅
sves_0033,mctulil,me bəttəp konəng ne me bidənən ne təpma ve kədikəne.,#	me	bə=	ttəp	konəng	n	=e	me	#	b=	idə-nən	n	=e	təpm	=a	ve	kədikən	=e,#	and	ASP=	RED-stop	only	APPL	=3SG.F.PAT	and	#	ASP=	3N.PST-shiver	APPL	=3SG.F.PAT	with	=PAT	3SG.F.POSS	anger	=SG.CL:FEM,"She stopped talking [kept quiet], and no one talked, and she was just quiet and shivering with her anger.",en,WORD_ALIGNED,,sves_mp3 sves_wav sves_eaf sves_xml sves_tsv,,177460,181730,##	other	=other	v:pred	rv	rv	=pro.h:s_sv	other	##	=other	v:pred	rv	=pro.h:s_iv	adp	=ln	ln_pro.h:poss	np:obl	=rn,,sves,∅	∅	∅	∅	∅	∅	∅	∅	∅	∅	∅	∅	∅	∅	∅	∅	new	∅,∅	∅	∅	∅	∅	∅	6002	∅	∅	∅	∅	∅	6002	∅	∅	6002	6020	∅,∅	∅	∅	∅	∅	∅	6002	∅	∅	∅	∅	∅	6002	∅	∅	6002	6020	∅
sves_0034,mctulil,"da vəda avi da epən ma, avi ittia.",#	0	da	vəd	=a	a-vi	da	e-pən	m	=a	a-vi	it=	ti	=a,#	0	PURP	for	=PAT	3SG.M-this	PURP	3SG.F.NPST-hit/kill	APPL	=3SG.M.PAT	3SG.M-this	3DL.M.POSS=	parent	=SG.CL:MASC,"as for him she wanted to hit him, their father.",en,MORPHEME_ALIGNED,,sves_mp3 sves_wav sves_eaf sves_xml sves_tsv,,181730,186740,##	0.h:a	other	adp	=ln	dem_pro:dt	other	v:pred	rv	=pro.h:p	ln_dem_pro.h:appos	=ln_pro.h:poss	np.h:appos	=rn,,sves,∅	∅	∅	∅	∅	∅	∅	∅	∅	∅	∅	∅	∅	∅,∅	6002	∅	∅	∅	6001	∅	∅	∅	6001	6001	∅	∅	∅,∅	6002	∅	∅	∅	6001	∅	∅	∅	6001	6001	∅	∅	∅
sves_0035,mctulil,da epən ma nəbət.,#	0	da	e-pən	m	=a	nə-bət,#	0	PURP	3SG.F.NPST-hit/kill	APPL	=3SG.M.PAT	LOC-that,She wanted to kill him there/then.,en,MORPHEME_ALIGNED,,sves_mp3 sves_wav sves_eaf sves_xml sves_tsv,,186740,188690,##	0.h:a	other	v:pred	rv	=pro.h:p	dem_other,,sves,∅	∅	∅	∅	∅	∅	∅,∅	6002	∅	∅	∅	6001	∅,∅	6002	∅	∅	∅	6001	∅
sves_0036,mctulil,"bəkori iap vəbokbok, (? be ibən) məte bəvengəp",#,#,[UNCLEAR],en,MORPHEME_ALIGNED,,sves_mp3 sves_wav sves_eaf sves_xml sves_tsv,,188690,193080,#nc,,sves,∅,∅,∅
sves_0037,mctulil,bəvengəp nəbət ga imi.,#	0	bə=	v-engəp	nə-bət	ga	imi,#	0	ASP=	3SG.M.PST-sleep	LOC-that	across	3SG.F.POSS.eye,he slept there in front of her.,en,MORPHEME_ALIGNED,,sves_mp3 sves_wav sves_eaf sves_xml sves_tsv,,193080,195320,##	0.h:s	=other	v:pred	dem_other	adp	pro.h:l,,sves,∅	∅	∅	∅	∅	∅	∅,∅	6001	∅	∅	∅	∅	6018,∅	6001	∅	∅	∅	∅	6018
sves_0038,mctulil,"me iep o bebət konəng to bidənən ne da etatme da gəri təpma avi ittia, to bəkədikəne ba ironəng bema ip vila.",#	me	iep	o	b=	e-bət	konəng	#	to	b=	idə-nən	n	=e	#	0	da	et-atme	da	gəri	təpm	=a	a-vi	it=	ti	=a	#	to	bə=	kədikən	=e	ba	i=	ronəng	bem	=a	ip	vil	=a,#	and	3SG.F	TOP	ASP=	3SG.F-that	only	#	SUB	ASP=	3N.PST-shiver	APPL	=3SG.F.PAT	#	0	PURP	3SG.F.NPST-here;now	PURP	what	with	=PAT	3SG.M-this	3DL.M.POSS=	parent	=SG.CL:MASC	#	SUB	ASP=	anger	=SG.CL:FEM	in	3SG.F.POSS.INAL=	stomach	at	=PAT	3DL.M.POSS	offspring	=SG.CL:MASC,"and she was still there [i.e. didn't move], because she was shivering, thinking what she will do to their father, because she's angry for their son.",en,MORPHEME_ALIGNED,,sves_mp3 sves_wav sves_eaf sves_xml sves_tsv,,195320,204742,##	other	pro.h:s	other	=other	dem_other:pred	other	#	other	=other	v:pred	rv	=pro.h:s_iv	#	0.h:a	other	v:pred	rv	intrg_other:p	adp	=rn	dem_pro:obl	=ln_pro.h:poss	np.h:appos	=rn	#	other	=other	np:pred	=rn	rn	=rn	rn	adp	=ln	ln_pro.h:poss	np.h:obl	=rn,,sves,∅	∅	∅	∅	∅	∅	∅	∅	∅	∅	∅	∅	∅	∅	∅	∅	∅	∅	new	∅	∅	∅	∅	∅	∅	∅	∅	∅	∅	∅	∅	∅	∅	∅	∅	∅	∅	∅,∅	∅	6002	∅	∅	∅	∅	∅	∅	∅	∅	∅	6002	∅	6002	∅	∅	∅	6021	∅	∅	∅	∅	∅	∅	∅	∅	∅	∅	∅	∅	∅	∅	∅	∅	6007	6008	∅,∅	∅	6002	∅	∅	∅	∅	∅	∅	∅	∅	∅	6002	∅	6002	∅	∅	∅	6021	∅	∅	∅	∅	∅	∅	∅	∅	∅	∅	∅	∅	∅	∅	∅	∅	6007	6008	∅
sves_0039,mctulil,"nanbət konəng iap o bəvengəp, vengəp mormor to dəva me popou və katə mənba tipur.",#	nanbət	konəng	#	0	iap	o	bə=	v-engəp	#	0	v-engəp	mormor	#	to	dəv	=a	me	#	popou	və	katə	mən=	ba	tipur,#	like.that	only	#	0	3SG.M	TOP	ASP=	3SG.M.PST-sleep	#	0	3SG.M.PST-sleep	snoring	#	SUB	full	=3SG.M.PAT	and	#	tired	3SG.M.POSS.INAL	foot.PL	from=	in	forest,"like that he slept, he slept snoring because he's full nd his legs are tired from the bush.",en,MORPHEME_ALIGNED,,sves_mp3 sves_wav sves_eaf sves_xml sves_tsv,,204742,211853,##	other:pred	other	#	0.h:s	pro.h:dt_s	other	=other	v:pred	##	0.h:s	v:pred	rv	#ac	other	v:pred	=pro.h:s_sv	other	#	v:pred	ln_pro.h:poss	np:s_sv	=adp	adp	np:l,,sves,∅	∅	∅	∅	∅	∅	∅	∅	∅	∅	∅	∅	∅	∅	∅	∅	∅	∅	∅	∅	∅	bridging	∅	∅	∅,∅	∅	∅	∅	6001	6001	∅	∅	∅	∅	6001	∅	∅	∅	∅	∅	6001	∅	∅	∅	6001	6022	∅	∅	6004,∅	∅	∅	∅	6001	6001	∅	∅	∅	∅	6001	∅	∅	∅	∅	∅	6001	∅	∅	∅	6001	6022	∅	∅	6004
sves_0040,mctulil,vengəp nanbət to bəva vənevən.,#	0	v-engəp	nanbət	#	to	bə=	va	vəne	=vən,#	0	3SG.M.PST-sleep	like.that	#	SUB	ASP=	3SG.M.POSS	breath	=SG.CL:AUG,he slept like that he was breathing loud.,en,MORPHEME_ALIGNED,,sves_mp3 sves_wav sves_eaf sves_xml sves_tsv,,211853,216340,##	0.h:s	v:pred	other	#	other	=other	ln_pro.h:poss	np:pred	=rn,,sves,∅	∅	∅	∅	∅	∅	∅	∅	∅	∅,∅	6001	∅	∅	∅	∅	∅	6001	∅	∅,∅	6001	∅	∅	∅	∅	∅	6001	∅	∅
sves_0041,mctulil,me evi o ittən ko da epən ma avi bema avi idila.,#	0	me	e-vi	o	i-t~tən	ko	#	0	da	e-pən	m	=a	a-vi	bem	=a	a-vi	idil	=a,#	0	and	3SG.F-this	TOP	3SG.F.PST-RED~think	only	#	0	PURP	3SG.F.NPST-hit	APPL	=PAT	3SG.M-this	at	=PAT	3SG.M-this	small	=SG.CL:MASC,he slept like that he was breathing loud and she was just thinking that she will (hit)/kill him for the kid.,en,MORPHEME_ALIGNED,,sves_mp3 sves_wav sves_eaf sves_xml sves_tsv,,216340,221750,##	0.h:a	other	dem_pro:dt_a	other	v:pred	other	#cc:p	0.h:a	other	v:pred	rv	=ln	dem_pro.h:p	adp	=ln	dem_pro.h:obl	np.h:appos	=rn,,sves,∅	∅	∅	∅	∅	∅	∅	∅	∅	∅	∅	∅	∅	∅	∅	∅	∅	∅	∅,∅	6002	∅	6002	∅	∅	∅	∅	6002	∅	∅	∅	∅	6001	∅	∅	6008	6008	∅,∅	6002	∅	6002	∅	∅	∅	∅	6002	∅	∅	∅	∅	6001	∅	∅	6008	6008	∅
sves_0042,mctulil,ittən konəng da go təreuk da etatme da gəri təpma.,#	0	i-t~tən	konəng	da	go	təreuk	#	0	da	e-tatme	da	gəri	təpm	=a,#	0	3SG.F.PST-RED~think	only	PURP	NSPEC	thing.PL	#	0	PURP	3SG.F.NPST-work	PURP	what	with	=3SG.M,she was just thinking of something for her to do something to him.,en,MORPHEME_ALIGNED,,sves_mp3 sves_wav sves_eaf sves_xml sves_tsv,,221750,225854,##	0.h:a	v:pred	other	rv_adp	ln	np:p	#	0.h:a	other	v:pred	rv_adp	intrg_other:p	adp	=pro.h:obl,,sves,∅	∅	∅	∅	∅	∅	∅	∅	∅	∅	∅	∅	∅	∅	∅,∅	6002	∅	∅	∅	∅	6021	∅	6002	∅	∅	∅	6021	∅	6001,∅	6002	∅	∅	∅	∅	6021	∅	6002	∅	∅	∅	6021	∅	6001
sves_0043,mctulil,"kavar von to itən mat ete, 'do ngatadəma turin.'",#	kavar	von	#	0	to	i-tən	mat	%	0	et-e	#	0	do	nga-tadəm	=a	turin,#	just.then	3SG.DIM	#	0	REL	3SG.F.PST-think	finish	%	0	3SG.F-QUOT	#	0	now	1SG.NPST-make_fire	=PAT	fire,"just at that time that she thought (of something), now I will make the fie.",en,MORPHEME_ALIGNED,,sves_mp3 sves_wav sves_eaf sves_xml sves_tsv,,225854,231646,##	other	pro:dt	#rc	0.h:s	other	v:pred	rv	%	0.h:s_ds	other:pred	##ds	0.1:a	other	v:pred	=rv	np:p,,sves,∅	∅	∅	∅	∅	∅	∅	∅	∅	∅	∅	∅	∅	∅	∅	∅	new,∅	∅	∅	∅	6002	∅	∅	∅	∅	6002	∅	∅	6002	∅	∅	∅	6023,∅	∅	∅	∅	6002	∅	∅	∅	∅	6002	∅	∅	6002	∅	∅	∅	6023
sves_0044,mctulil,io itadəma turin nəbət terma.,#	0	io	i-tadəm	=a	turin	nə-bət	term	=a,#	0	then	3SG.F.PST-make_fire	=PAT	fire	LOC-that	next_to	=PAT,then she made the fire near him.,en,MORPHEME_ALIGNED,,sves_mp3 sves_wav sves_eaf sves_xml sves_tsv,,231646,234400,##	0.h:a	other	v:pred	=rv	np:p	dem_other	adp	=pro.h:l,,sves,∅	∅	∅	∅	∅	∅	∅	∅	∅,∅	6002	∅	∅	∅	6023	∅	∅	6001,∅	6002	∅	∅	∅	6023	∅	∅	6001
sves_0045,mctulil,me imu tivəne nəmu ba turin.,#	0	me	i-mu	tivən	=e	nə-mu	ba	turin,#	0	and	3SG.F.PST-put	rock	=SG.CL:FEM	LOC-IN	in	fire,and she put a stone into the fire.,en,MORPHEME_ALIGNED,,sves_mp3 sves_wav sves_eaf sves_xml sves_tsv,,234400,237430,##	0.h:a	other	v:pred	np:p	=rn	dem_other	adp	np:g,,sves,∅	∅	∅	∅	new	∅	∅	∅	∅,∅	6002	∅	∅	6024	∅	∅	∅	6023,∅	6002	∅	∅	6024	∅	∅	∅	6023
sves_0046,mctulil,io itadəma turin bətəpma tivənbət.,#	0	io	i-tadəm	=a	turin	bətəpm	=a	tivən	=bət,#	0	then	3SG.F.PST-make_fire	=PAT	fire	over	=PAT	rock	=SG.CL:SEG,then she made the fire with a piece of stone.,en,MORPHEME_ALIGNED,,sves_mp3 sves_wav sves_eaf sves_xml sves_tsv,,237430,241200,##	0.h:a	other	v:pred	=ln	np:p	adp	=ln	np:other	=rn,,sves,∅	∅	∅	∅	∅	∅	∅	∅	∅	∅,∅	6002	∅	∅	∅	6023	∅	∅	6024	∅,∅	6002	∅	∅	∅	6023	∅	∅	6024	∅
sves_0047,mctulil,tivəne təgəte.,#	tivən	=e	təgət	=e,#	rock	=SG.CL:FEM	one	=SG.CL:FEM,One stone.,en,MORPHEME_ALIGNED,,sves_mp3 sves_wav sves_eaf sves_xml sves_tsv,,241200,243134,##	np:s	=rn	np:pred	=rn,,sves,∅	∅	∅	∅	∅,∅	6024	∅	∅	∅,∅	6024	∅	∅	∅
sves_0048,mctulil,"mata avi o bəvengəp mormor, bəmormora ba vəkəlom nəbət.",#	0	mata	a-vi	o	bə=	v-engəp	mormor	#	bə=	mormor	=a	ba	və	kəlom	nə-bət,#	0	at_that_time	3SG.M-this	TOP	ASP=	3SG.M.PST-sleep	snore	#	ASP=	snore	=SG.CL:MASC	in	3SG.M.POSS.INAL	mouth	LOC-that,"he slept snoring, snore in his nose there.",en,MORPHEME_ALIGNED,,sves_mp3 sves_wav sves_eaf sves_xml sves_tsv,,243134,249345,##	0.h:s	other:dt	dem_pro.h:dt_s	other	=other	v:pred	rv	##	=other	np:pred	=rn	adp	ln_pro.h:poss	np:l	dem_other,,sves,∅	∅	∅	∅	∅	∅	∅	∅	∅	∅	∅	∅	∅	∅	bridging	∅,∅	6001	∅	6001	∅	∅	∅	∅	∅	∅	∅	∅	∅	6001	6025	∅,∅	6001	∅	6001	∅	∅	∅	∅	∅	∅	∅	∅	∅	6001	6025	∅
sves_0049,mctulil,"ar von to bə lem tənin na tivəne evi nəmu ba turin o kavar imata doeda ituk mən mata tivəne evi nəmu ba turin o ittəng ne nəbo məta, me ivətuk nəmə gəma.",#	ar	von	#	to	bə=	lem	tənin	n	=a	tivən	=e	e-vi	nə-mu	ba	turin	%	o	kavar	0	i-mat	=a	doed	=a	#	i-tukmən	mat	=a	tivən	=e	e-vi	nə-mu	ba	turin	o	#	0	i-t~təng	n	=e	nə-bo	mət	=a	#	0	me	i-vətuk	nə-mə	gəm	=a,#	still	3SG.DIM	#	REL	ASP=	hot	all.over	APPL	=PAT	rock	=SG.CL:FEM	3SG.F-this	LOC-IN	in	fire	%	TOP	just_then	0	3SG.M.PST-get	=PAT	tong	=SG.CL:MASC	#	3SG.M.PST-pick	get	=PAT	rock	=SG.CL:FEM	3SG.F-this	LOC-IN	in	fire	TOP	#	0	3SG.F.PST-RED~push.into	APPL	=3SG.F.PAT	LOC-UP	in_mouth	=3SG.M.PAT	#	0	and	3SG.F.PST-step.on	LOC-DOWN	between_legs	=3SG.M.PAT,"at the time when the stone in the fire was very hot, just then she got the thongs she picked the stone in the fire, she sticked into it into his mouth, and she stepped on his private part.",en,MORPHEME_ALIGNED,,sves_mp3 sves_wav sves_eaf sves_xml sves_tsv,,249345,265059,##	other	pro:dt	#rc	other	=other	v:pred	rv	rv	=ln	np:s_sv	=rn	rn	dem_other	adp	np:l	%	other	other	0.h:a	v:pred	=ln	np:p	=rn	#	v:pred	rv	=ln	np:p	=rn	rn	dem_other	adp	np:l	other	#	0.h:a	v:pred	rv	=ln	dem_other	adp	=pro.h:g	##	0.h:s	other	v:pred	dem_other	adp	=pro.h:g,,sves,∅	∅	∅	∅	∅	∅	∅	∅	∅	∅	∅	∅	∅	∅	∅	∅	∅	∅	∅	∅	∅	∅	new	∅	∅	∅	∅	∅	∅	∅	∅	∅	∅	∅	∅	∅	∅	∅	∅	∅	∅	∅	∅	∅	∅	∅	∅	∅	∅	∅,∅	∅	∅	∅	∅	∅	∅	∅	∅	∅	6024	∅	∅	∅	∅	6023	∅	∅	∅	6002	∅	∅	6026	∅	∅	∅	∅	∅	6024	∅	∅	∅	∅	6023	∅	∅	6002	∅	∅	∅	∅	∅	6001	∅	6002	∅	∅	∅	∅	6001,∅	∅	∅	∅	∅	∅	∅	∅	∅	∅	6024	∅	∅	∅	∅	6023	∅	∅	∅	6002	∅	∅	6026	∅	∅	∅	∅	∅	6024	∅	∅	∅	∅	6023	∅	∅	6002	∅	∅	∅	∅	∅	6001	∅	6002	∅	∅	∅	∅	6001
sves_0050,mctulil,me vəttəvəkup me iep o ikəng təgət na doeda nəbo məta təpma tivən loke evi.,#	0	me	və-t~təvəkup	#	0	me	iep	o	i-kəng	təgət	n	=a	doed	=a	nə-bo	mət	=a	təpm	=a	tivən	lok	=e	e-vi,#	0	and	3SG.M.PST-RED~struggle	#	0	and	3SG.F	TOP	3SG.F.PST-push	keep	APPL	=PAT	tong	=SG.CL:MASC	LOC-UP	in_mouth	=3SG.M.PAT	with	=PAT	rock	hot	=SG.CL:FEM	3SG.F.PST-this,and he was struggling and she kept pushing he thongs into his mouth with the hot stone.,en,MORPHEME_ALIGNED,,sves_mp3 sves_wav sves_eaf sves_xml sves_tsv,,265059,270090,##	0.h:s	other	v:pred	##	0.h:a	other	pro.h:dt_a	other	v:pred	rv	rv	=ln	np:p	=rn	dem_other	adp	=pro.h:l	adp	=ln	np:obl	rn	=rn	rn,,sves,∅	∅	∅	∅	∅	∅	∅	∅	∅	∅	∅	∅	∅	∅	∅	∅	∅	∅	∅	∅	∅	∅	∅	∅,∅	6001	∅	∅	∅	6002	∅	6002	∅	∅	∅	∅	∅	6026	∅	∅	∅	6001	∅	∅	6024	∅	∅	∅,∅	6001	∅	∅	∅	6002	∅	6002	∅	∅	∅	∅	∅	6026	∅	∅	∅	6001	∅	∅	6024	∅	∅	∅
sves_0051,mctulil,da irəgən məta.,#	0	da	i-rəgən	mət	=a,#	0	PURP	3SG.F.PST-close	in_mouth	=3SG.M.PAT,she (wanted and) closed his mouth.,en,MORPHEME_ALIGNED,,sves_mp3 sves_wav sves_eaf sves_xml sves_tsv,,270090,271970,##	0.h:s	other	v:pred	adp	=pro.h:l,,sves,∅	∅	∅	∅	∅	∅,∅	6002	∅	∅	∅	6001,∅	6002	∅	∅	∅	6001
sves_0052,mctulil,"io kori vəpuna va vənea, me idənənna.",#	0	io	kori	və-pun	=a	va	vəne	=a	#	me	idə-nən	n	=a,#	0	then	NEG	3SG.M.PST-throw	=PAT	3SG.M.POSS	breath	=SG.CL:MASC	#	and	3N.PST-shiver	APPL	=3SG.M.PAT,"Then he didn't breath, and he was shivering.",en,MORPHEME_ALIGNED,,sves_mp3 sves_wav sves_eaf sves_xml sves_tsv,,271970,276330,##neg	0.h:a	other	other	v:pred	=ln	ln_pro.h:poss	np:p	=rn	##	other	v:pred	rv	=pro.h:s_iv,,sves,∅	∅	∅	∅	∅	∅	∅	bridging	∅	∅	∅	∅	∅	∅,∅	6001	∅	∅	∅	∅	6001	6027	∅	∅	∅	∅	∅	6001,∅	6001	∅	∅	∅	∅	6001	6027	∅	∅	∅	∅	∅	6001
sves_0053,mctulil,"dame da apəlut, me kori, avar ivətuk moli nəmə gəma.",#	0	dame	da	a-pəlut	me	#	kori	#	0	avar	i-vətuk	moli	nə-mə	gəm	=a,#	0	SUBJ	PURP	3SG.M.NPST-escape	and	#	NEG	#	0	also	3SG.F.PST-step	again	LOC-DOWN	between_legs	=3SG.M.PAT,"He tried to escape but couldn't, she stepped strongly again on his private parts.",en,MORPHEME_ALIGNED,,sves_mp3 sves_wav sves_eaf sves_xml sves_tsv,,276330,280496,##	0.h:s	other	other	v:pred	other	#neg	other:pred	##	0.h:s	other	v:pred	rv	dem_other	adp	=pro.h:g,,sves,∅	∅	∅	∅	∅	∅	∅	∅	∅	∅	∅	∅	∅	∅	∅	∅,∅	6001	∅	∅	∅	∅	∅	∅	∅	6002	∅	∅	∅	∅	∅	6001,∅	6001	∅	∅	∅	∅	∅	∅	∅	6002	∅	∅	∅	∅	∅	6001
sves_0054,mctulil,io nəbət kori me bə toktoke iap ar vəngəp bətma tivən loke evi to ittəng ne məta.,#	io	nə-bət	kori	me	bə=	toktok	=e	#	io	iap	ar	v-əngəp	bətm	=a	tivən	lok	=e	e-vi	#	0	to	i-t~təng	n	=e	mət	=a,#	then	LOC-that	NEG	and	ASP=	end	NC	#	then	3SG.M	still	3SG.M.PST-die	with	=PAT	rock	hot	=SG.CL:FEM	3SG.F-this	#	0	REL	3SG.F.PST-RED~push.into	APPL	=3SG.F.PST	in_mouth	=3SG.M.PST,"then there's nothing, and it's finished, then he's already dead with the hot stone that she sticked into his mouth.",en,WORD_ALIGNED,,sves_mp3 sves_wav sves_eaf sves_xml sves_tsv,,280496,287830,#nc	nc	nc	nc	nc	nc	nc	nc	##	other	pro.h:s	other	v:pred	adp	=ln	np:obl	rn	=rn	rn	#rc	0.h:a	other	v:pred	rv	=pro:p	adp	=pro.h:l,,sves,∅	∅	∅	∅	∅	∅	∅	∅	∅	∅	∅	∅	∅	∅	∅	∅	∅	∅	∅	∅	∅	∅	∅	∅	∅	∅	∅,∅	∅	∅	∅	∅	∅	∅	∅	∅	∅	6001	∅	∅	∅	∅	6024	∅	∅	∅	∅	6002	∅	∅	∅	6024	∅	6001,∅	∅	∅	∅	∅	∅	∅	∅	∅	∅	6001	∅	∅	∅	∅	6024	∅	∅	∅	∅	6002	∅	∅	∅	6024	∅	6001
sves_0055,mctulil,"ar vəngəp io kəra imana inok məgema tivəne nəbo məta, me ikatə nəmə to ivətuk vəkai na nəmə gəma.",#	0	ar	v-əngəp	#	0	io	kəra	i-man	=a	i=	nok	məgem	=a	tivən	=e	nə-bo	mət	=a	me	i=	katə	nə-mə	#	0	to	i-vətuk	vəkai	n	=a	nə-mə	gəm	=a,#	0	until	3SG.M.PST-die	#	0	then	just	3SG.F.PST-remove	=PAT	3SG.F.POSS.INAL=	hand	leave_behind	=PAT	rock	=SG.CL:FEM	LOC-UP	in_mouth	=3SG.M.PAT	and	3SG.F.POSS.INAL=	foot.PL	LOC-DOWN	#	0	SUB	3SG.F.PST-step	steady	INT	=PAT?/pro?	LOC-DOWN	between_legs	=3SG.M.PAT,"until he died, she removed her hand leaving the stone in his mouth, and her legs that she stepped steadily between his legs.",en,MORPHEME_ALIGNED,,sves_mp3 sves_wav sves_eaf sves_xml sves_tsv,,287830,295675,##	0.h:s	other	v:pred	#	0.h:a	other	other	v:pred	=ln	=ln_pro.h:poss	np:p	adp	=ln	np:obl	=rn	dem_other	adp	=pro.h:l	other	=ln_pro.h:poss	np:dt_p	other	#rc	0.h:s	other	v:pred	rv	adp	=pro:obl	dem_other	adp	=pro.h:g,,sves,∅	∅	∅	∅	∅	∅	∅	∅	∅	∅	∅	bridging	∅	∅	∅	∅	∅	∅	∅	∅	∅	bridging	∅	∅	∅	∅	∅	∅	∅	∅	∅	∅	∅,∅	6001	∅	∅	∅	6002	∅	∅	∅	∅	6002	6028	∅	∅	6024	∅	∅	∅	6001	∅	6002	6029	∅	∅	6001	∅	∅	∅	∅	6029	∅	∅	6001,∅	6001	∅	∅	∅	6002	∅	∅	∅	∅	6002	6028	∅	∅	6024	∅	∅	∅	6001	∅	6002	6029	∅	∅	6001	∅	∅	∅	∅	6029	∅	∅	6001
sves_0056,mctulil,nəbət konəng.,#	nə-bət	konəng,#	LOC-that	only,That's it.,en,MORPHEME_ALIGNED,,sves_mp3 sves_wav sves_eaf sves_xml sves_tsv,,295675,297170,#nc	nc	nc,,sves,∅	∅	∅,∅	∅	∅,∅	∅	∅
sves_0057,mctulil,ngang e-venang.,#	ngang	e-venang,#	1SG	ART.F-something,"I'm-- something,",en,MORPHEME_ALIGNED,,sves_mp3 sves_wav sves_eaf sves_xml sves_tsv,,297170,298510,#nc	nc	nc,,sves,∅	∅	∅,∅	∅	∅,∅	∅	∅
sves_0058,mctulil,ngang Sisili eViru.,#	ngang	Sisili	eViru,#	1SG	Cecily	ART.F-Viru,I'm Sisili Viru.,en,WORD_ALIGNED,,sves_mp3 sves_wav sves_eaf sves_xml sves_tsv,,298510,300640,#nc	nc	nc	nc,,sves,∅	∅	∅	∅,∅	∅	∅	∅,∅	∅	∅	∅
sves_0059,mctulil,"ngənəngar be uvi, apir uvi.",#	ngə-məngar	be	u-vi	a-pir	u-vi,#	1SG.PST-talk	at	3N-this	ART-story	3N-this,I've told this story.,en,MORPHEME_ALIGNED,,sves_mp3 sves_wav sves_eaf sves_xml sves_tsv,,300640,303520,#nc	nc	nc	nc	nc	nc,,sves,∅	∅	∅	∅	∅	∅,∅	∅	∅	∅	∅	∅,∅	∅	∅	∅	∅	∅
sves_0060,mctulil,ubət konəng me toktok.,#	u-bət	konəng	#	me	toktok,#	3N-that	only	#	and	end,"That's it, and it ends.",en,MORPHEME_ALIGNED,,sves_mp3 sves_wav sves_eaf sves_xml sves_tsv,,303520,305651,#nc	nc	nc	#nc	nc	nc,,sves,∅	∅	∅	∅	∅	∅,∅	∅	∅	∅	∅	∅,∅	∅	∅	∅	∅	∅
